=== p10 14:46:26Z
HEAD = dce3afa91ff636a3cb6c571343bc637fcac97034; load { 2.55 3.10 4.21 }
✓ built in 4.43s
42 runs, 4 at a time; out /Users/karol/dev/tools/wt-philo-10-05/.tmp/p10s05/p10-merged
atlas-phase10.json	case.p10.send.no_destination	1440	pass	12	2.59	predicate: all_of: readable_text: 'NO DESTINATION' is readable in viewport {'width': 1440, 'height': 900} with rect {'x': 39, 'y': 228, 'w': 770, 'h': 24} | readable_text: 'A
atlas-phase10.json	case.p10.send.no_destination	393	pass	11	2.59	predicate: all_of: readable_text: 'NO DESTINATION' is readable in viewport {'width': 393, 'height': 852} with rect {'x': 15, 'y': 274, 'w': 363, 'h': 52} | readable_text: 'Add
atlas-phase10.json	case.p10.send.destinations_listed	1440	pass	12	2.59	predicate: all_of: readable_text: 'THIS DEVICE' is readable in viewport {'width': 1440, 'height': 900} with rect {'x': 39, 'y': 238, 'w': 770, 'h': 95} | readable_text: 
atlas-phase10.json	case.p10.send.destinations_listed	393	pass	12	2.59	predicate: all_of: readable_text: 'THIS DEVICE' is readable in viewport {'width': 393, 'height': 852} with rect {'x': 15, 'y': 249, 'w': 363, 'h': 218} | readable_text: '
atlas-phase10.json	case.p10.send.destinations_listed.op	op	pass	3	3.35	predicate: all 7 facts hold: observe_at destinations holds; observe_at destinations holds; observe_at destinations holds; op read #0 (kernel.receipt.read) objects.0.oper
atlas-phase10.json	case.p10.send.destination_picked	1440	pass	10	3.35	predicate: all_of: protocol_status: POST /api/channels/preview answered 200, wanted 200 (body sha256 9488087aabc9); response body contains the declared admission facts | 
atlas-phase10.json	case.p10.send.destination_picked	393	pass	10	3.35	predicate: all_of: protocol_status: POST /api/channels/preview answered 200, wanted 200 (body sha256 97d00b674aa6); response body contains the declared admission facts | r
atlas-phase10.json	case.p10.send.sending	1440	pass	13	3.35	predicate: all_of: readable_text: 'SENDING' is readable in viewport {'width': 1440, 'height': 900} with rect {'x': 305, 'y': 388, 'w': 88, 'h': 18} | protocol_reads: GET /api/channe
atlas-phase10.json	case.p10.send.sending	393	pass	14	3.72	predicate: all_of: readable_text: 'SENDING' is readable in viewport {'width': 393, 'height': 852} with rect {'x': 51, 'y': 396, 'w': 88, 'h': 18} | protocol_reads: GET /api/channels/
atlas-phase10.json	case.p10.send.sent	1440	pass	11	4.30	predicate: all_of: protocol_status: POST /api/channels/send answered 200, wanted 200 (body sha256 3a84f49c4647); response body contains the declared admission facts | readable_text: 'S
atlas-phase10.json	case.p10.send.sent	393	pass	11	4.30	predicate: all_of: protocol_status: POST /api/channels/send answered 200, wanted 200 (body sha256 8db6d45374a7); response body contains the declared admission facts | readable_text: 'SA
atlas-phase10.json	case.p10.send.sent.op	op	pass	3	4.20	predicate: all 12 facts hold: the trigger outcome holds; observe_at updates.0.deliveries holds; observe_at updates.0.deliveries.0.outcome holds; observe_at updates.0.deliveries.0.chann
atlas-phase10.json	case.p10.send.github_posted	1440	pass	11	4.20	predicate: all_of: protocol_status: POST /api/channels/send answered 200, wanted 200 (body sha256 596d8f403096); response body contains the declared admission facts | readable
atlas-phase10.json	case.p10.send.github_posted	393	pass	11	4.20	predicate: all_of: protocol_status: POST /api/channels/send answered 200, wanted 200 (body sha256 359addc953c7); response body contains the declared admission facts | readable_
atlas-phase10.json	case.p10.send.github_posted.op	op	pass	3	4.34	predicate: all_of: op_facts: all 9 facts hold: the trigger outcome holds; the trigger send.proof.url holds; observe_at updates.0.deliveries holds; observe_at updates.0.deliver
atlas-phase10.json	case.p10.send.refused	1440	pass	11	4.34	predicate: all_of: protocol_status: POST /api/channels/send answered 409, wanted 409 (body sha256 044676c49b40); response body contains the declared admission facts | readable_text:
atlas-phase10.json	case.p10.send.refused	393	pass	11	4.47	predicate: all_of: protocol_status: POST /api/channels/send answered 409, wanted 409 (body sha256 936aea26f89d); response body contains the declared admission facts | readable_text: 
atlas-phase10.json	case.p10.send.refused.op	op	pass	3	4.44	predicate: all 8 facts hold: the trigger code holds; observe_at sends holds; op read #0 (kernel.receipt.read) objects.0.operation.name holds; op read #0 (kernel.receipt.read) object
atlas-phase10.json	case.p10.send.failed	1440	pass	11	4.44	predicate: all_of: protocol_status: POST /api/channels/send answered 200, wanted 200 (body sha256 a95556bcd378); response body contains the declared admission facts | readable_text: 
atlas-phase10.json	case.p10.send.failed	393	pass	11	4.44	predicate: all_of: protocol_status: POST /api/channels/send answered 200, wanted 200 (body sha256 f4e424a4b4d3); response body contains the declared admission facts | readable_text: '
atlas-phase10.json	case.p10.send.failed.op	op	pass	3	4.44	predicate: all_of: op_facts: all 8 facts hold: the trigger outcome holds; observe_at sends.0.state holds; observe_at sends.0.reason holds; op read #0 (kernel.receipt.read) objects.0.
atlas-phase10.json	case.p10.send.unknown	1440	pass	11	4.72	predicate: all_of: protocol_status: POST /api/channels/send answered 200, wanted 200 (body sha256 3bf0e6a45641); response body contains the declared admission facts | readable_text:
atlas-phase10.json	case.p10.send.unknown	393	pass	11	4.72	predicate: all_of: protocol_status: POST /api/channels/send answered 200, wanted 200 (body sha256 f2bdfe7b65d8); response body contains the declared admission facts | readable_text: 
atlas-phase10.json	case.p10.send.unknown.op	op	pass	3	6.74	predicate: all_of: op_facts: all 8 facts hold: the trigger outcome holds; observe_at updates.0.deliveries holds; observe_at updates.0.deliveries.0.outcome holds; observe_at updates.
atlas-phase10.json	case.p10.send.unknown_after_restart	1440	pass	18	6.74	predicate: all_of: readable_text: 'INTERRUPTED' is readable in viewport {'width': 1440, 'height': 900} with rect {'x': 39, 'y': 365, 'w': 770, 'h': 28} | readable_text
atlas-phase10.json	case.p10.send.unknown_after_restart	393	pass	17	6.74	predicate: all_of: readable_text: 'INTERRUPTED' is readable in viewport {'width': 393, 'height': 852} with rect {'x': 15, 'y': 307, 'w': 363, 'h': 104} | readable_text:
atlas-phase10.json	case.p10.send.destination_changed	1440	pass	11	6.76	predicate: all_of: protocol_status: POST /api/channels/send answered 409, wanted 409 (body sha256 bec5f7d80313); response body contains the declared admission facts | re
atlas-phase10.json	case.p10.send.destination_changed	393	pass	11	6.76	predicate: all_of: protocol_status: POST /api/channels/send answered 409, wanted 409 (body sha256 1096669ed178); response body contains the declared admission facts | rea
atlas-phase10.json	case.p10.send.destination_changed.op	op	pass	3	6.49	predicate: all 8 facts hold: the trigger code holds; observe_at sends holds; observe_at sends.0.id holds; observe_at sends.0.state holds; op read #0 (kernel.receipt.read
atlas-phase10.json	case.p10.send.prepared	1440	pass	10	6.49	predicate: all_of: readable_text: 'PREPARED' is readable in viewport {'width': 1440, 'height': 900} with rect {'x': 39, 'y': 238, 'w': 770, 'h': 26} | readable_text: 'BY YOU' is re
atlas-phase10.json	case.p10.send.prepared	393	pass	10	6.29	predicate: all_of: readable_text: 'PREPARED' is readable in viewport {'width': 393, 'height': 852} with rect {'x': 15, 'y': 284, 'w': 363, 'h': 96} | readable_text: 'BY YOU' is read
atlas-phase10.json	case.p10.send.prepared.op	op	pass	3	6.29	predicate: all 9 facts hold: observe_at sends holds; observe_at sends.0.state holds; observe_at sends.0.prepared_by.kind holds; observe_at sends.0.prepare_operation_id holds; op re
atlas-phase10.json	case.p10.send.several	1440	pass	11	6.29	predicate: all_of: protocol_status: POST /api/channels/send answered 200, wanted 200 (body sha256 8bad335b2f3b); 'op_2f747f8aa79c48a49d98cdacd80675d9' not in the response body; resp
atlas-phase10.json	case.p10.send.several	393	pass	11	6.29	predicate: all_of: protocol_status: POST /api/channels/send answered 200, wanted 200 (body sha256 1cc6730422f5); 'op_a27ccff2cb454518bbeb218681f0ce45' not in the response body; respo
atlas-phase10.json	case.p10.send.several.op	op	pass	3	6.59	predicate: all 12 facts hold: observe_at updates.0.deliveries holds; observe_at updates.0.deliveries holds; observe_at updates.0.deliveries holds; op read #0 (kernel.receipt.read) o
atlas-phase10.json	case.p10.send.discard_after_send	1440	pass	10	6.62	predicate: all_of: protocol_status: POST /api/channels/sends/chs_1fce89a40cc78264d77a42f8/discard answered 409, wanted 409 (body sha256 f45439588bfc); response body conta
atlas-phase10.json	case.p10.send.discard_after_send	393	pass	11	6.62	predicate: all_of: protocol_status: POST /api/channels/sends/chs_93c19596e4f28709b322270b/discard answered 409, wanted 409 (body sha256 f8b42dcb1dc3); response body contai
atlas-phase10.json	case.p10.send.discard_after_send.op	op	pass	3	6.62	predicate: all 7 facts hold: the trigger code holds; observe_at sends.0.id holds; observe_at sends.0.state holds; op read #0 (kernel.receipt.read) objects.0.operation.nam
atlas-phase10.json	case.p10.send.send_after_discard.op	op	pass	3	6.25	predicate: all 7 facts hold: the trigger code holds; observe_at sends.0.state holds; op read #0 (kernel.receipt.read) objects.0.operation.name holds; op read #0 (kernel.r
atlas-phase10.json	case.p10.send.replay_same_key.op	op	pass	3	6.25	predicate: all_of: op_facts: all 10 facts hold: the trigger operation_id holds; the trigger send.state holds; the trigger send.proof.url holds; observe_at sends holds; obser
atlas-phase10.json	case.p10.send.receipt_after_return	1440	pass	11	6.25	predicate: all_of: readable_text: 'SAVED' is readable in viewport {'width': 1440, 'height': 900} with rect {'x': 45, 'y': 287, 'w': 120, 'h': 19} | protocol_reads: GET 
atlas-phase10.json	case.p10.send.receipt_after_return	393	pass	11	6.25	predicate: all_of: readable_text: 'SAVED' is readable in viewport {'width': 393, 'height': 852} with rect {'x': 21, 'y': 389, 'w': 120, 'h': 19} | protocol_reads: GET /a
TOTAL 42 runs: 42 pass, 0 not pass
retained: 42 rows, 42 run directories, 42 observations -> pm/roadmap/holdspeak-philo/phase-10-the-channels/assets/story-05-shots/p10-merged
rig exit 0; retain exit 0
=== p10 exit 0 14:48:11Z
=== p789 14:48:11Z
HEAD = dce3afa91ff636a3cb6c571343bc637fcac97034; load { 5.35 4.13 4.49 }
✓ built in 4.36s
97 runs, 4 at a time; out /Users/karol/dev/tools/wt-philo-10-05/.tmp/p10s05/p789-merged
atlas-phase7.json	case.p7.zone_create.visible	1440	pass	25	5.24	predicate: 'Atlas zone' is readable in viewport {'width': 1440, 'height': 900} with rect {'x': 1031, 'y': 96, 'w': 382, 'h': 26}	case.p7.zone_create.visible--1440/20260929T1448
atlas-phase7.json	case.p7.zone_create.visible	393	pass	25	5.24	predicate: 'Atlas zone' is readable in viewport {'width': 393, 'height': 852} with rect {'x': 15, 'y': 74, 'w': 363, 'h': 26}	case.p7.zone_create.visible--393/20260929T144816Z-c
atlas-phase7.json	case.p7.zone_file.note_in_zone	1440	pass	13	5.24	predicate: 'Filed · Atlas zone' is readable in viewport {'width': 1440, 'height': 900} with rect {'x': 1055, 'y': 161, 'w': 98, 'h': 18}	case.p7.zone_file.note_in_zone--1440
atlas-phase7.json	case.p7.zone_file.note_in_zone	393	pass	12	5.24	predicate: 'Filed · Atlas zone' is readable in viewport {'width': 393, 'height': 852} with rect {'x': 33, 'y': 403, 'w': 98, 'h': 18}	case.p7.zone_file.note_in_zone--393/2026
atlas-phase7.json	case.p7.zone_file.refile_moves	1440	pass	15	5.48	predicate: 'Filed · Atlas zone B' is readable in viewport {'width': 1440, 'height': 900} with rect {'x': 1055, 'y': 161, 'w': 109, 'h': 18}	case.p7.zone_file.refile_moves--1
atlas-phase7.json	case.p7.zone_file.refile_moves	393	pass	15	5.48	predicate: 'Filed · Atlas zone B' is readable in viewport {'width': 393, 'height': 852} with rect {'x': 33, 'y': 403, 'w': 109, 'h': 18}	case.p7.zone_file.refile_moves--393/2
atlas-phase7.json	case.p7.zone_unfile.note_leaves	1440	pass	12	9.61	predicate: '+ Atlas zone' is readable in viewport {'width': 1440, 'height': 900} with rect {'x': 1045, 'y': 189, 'w': 354, 'h': 170}	case.p7.zone_unfile.note_leaves--1440/2
atlas-phase7.json	case.p7.zone_unfile.note_leaves	393	pass	11	9.08	predicate: '+ Atlas zone' is readable in viewport {'width': 393, 'height': 852} with rect {'x': 23, 'y': 431, 'w': 347, 'h': 170}	case.p7.zone_unfile.note_leaves--393/202609
atlas-phase7.json	case.p7.kb_create.visible	1440	pass	12	9.08	predicate: 'New Knowledge' is readable in viewport {'width': 1440, 'height': 900} with rect {'x': 1031, 'y': 145, 'w': 382, 'h': 26}	case.p7.kb_create.visible--1440/20260929T1448
atlas-phase7.json	case.p7.kb_create.visible	393	pass	12	9.08	predicate: 'New Knowledge' is readable in viewport {'width': 393, 'height': 852} with rect {'x': 15, 'y': 123, 'w': 363, 'h': 26}	case.p7.kb_create.visible--393/20260929T144844Z-c
atlas-phase7.json	case.p7.kb_member.add_and_remove	1440	pass	12	8.47	predicate: '+ Atlas knowledge' is readable in viewport {'width': 1440, 'height': 900} with rect {'x': 1045, 'y': 189, 'w': 354, 'h': 137}	case.p7.kb_member.add_and_remove-
atlas-phase7.json	case.p7.kb_member.add_and_remove	393	pass	12	8.47	predicate: '+ Atlas knowledge' is readable in viewport {'width': 393, 'height': 852} with rect {'x': 23, 'y': 464, 'w': 347, 'h': 137}	case.p7.kb_member.add_and_remove--393
atlas-phase7.json	case.p7.decision_status.review_list	1440	pass	13	8.27	predicate: 'Review decision: Atlas review decision' is readable in viewport {'width': 1440, 'height': 900} with rect {'x': 256, 'y': 302, 'w': 928, 'h': 54}	case.p7.dec
atlas-phase7.json	case.p7.decision_status.review_list	393	pass	12	8.27	predicate: 'Review decision: Atlas review decision' is readable in viewport {'width': 393, 'height': 852} with rect {'x': 12, 'y': 383, 'w': 369, 'h': 103}	case.p7.decis
atlas-phase7.json	case.p7.decision_supersede.successor_visible	1440	pass	11	7.93	predicate: 'Supersedes Atlas old decision' is readable in viewport {'width': 1440, 'height': 900} with rect {'x': 1037, 'y': 117, 'w': 370, 'h': 56}	case.p7.de
atlas-phase7.json	case.p7.decision_supersede.successor_visible	393	pass	10	7.93	predicate: 'Supersedes Atlas old decision' is readable in viewport {'width': 393, 'height': 852} with rect {'x': 15, 'y': 449, 'w': 363, 'h': 112}	case.p7.decis
atlas-phase7.json	case.p7.decision_delete.gone	1440	pass	41	7.77	predicate: 'Removal committed' is readable in viewport {'width': 1440, 'height': 900} with rect {'x': 651, 'y': 748, 'w': 138, 'h': 27}	case.p7.decision_delete.gone--1440/2026
atlas-phase7.json	case.p7.decision_delete.gone	393	pass	29	7.77	predicate: 'Removal committed' is readable in viewport {'width': 393, 'height': 852} with rect {'x': 127, 'y': 628, 'w': 138, 'h': 27}	case.p7.decision_delete.gone--393/2026092
atlas-phase7.json	case.p7.zone_create.visible.op	op	pass	3	7.31	predicate: all 5 facts hold: observe_at directory.id holds; observe_at directory.name holds; observe_at directory.parent_id holds; op read #0 (zone.list) <root> holds; the trig
atlas-phase7.json	case.p7.zone_file.note_in_zone.op	op	pass	3	7.31	predicate: all 10 facts hold: observe_at <root> holds; observe_at <root> holds; op read #0 (kernel.receipt.read) objects.0.receipt.operation_id holds; op read #0 (kernel.rec
atlas-phase7.json	case.p7.zone_file.refile_moves.op	op	pass	4	7.05	predicate: all 16 facts hold: observe_at <root> holds; op read #0 (zone.members) <root> holds; op read #1 (kernel.receipt.read) objects.0.receipt.operation_id holds; op read
atlas-phase7.json	case.p7.zone_unfile.note_leaves.op	op	pass	3	7.05	predicate: all 17 facts hold: observe_at <root> holds; observe_at <root> holds; op read #0 (kernel.receipt.read) objects.0.receipt.operation_id holds; op read #0 (kernel.re
atlas-phase7.json	case.p7.kb_create.visible.op	op	pass	4	7.05	predicate: all 4 facts hold: observe_at id holds; observe_at name holds; op read #0 (kb.list) <root> holds; the trigger operation_id is absent	case.p7.kb_create.visible.op--op/20
atlas-phase7.json	case.p7.kb_member.add_and_remove.op	op	pass	3	6.72	predicate: all 15 facts hold: observe_at <root> holds; op read #0 (kernel.receipt.read) objects.0.receipt.operation_id holds; op read #0 (kernel.receipt.read) objects.0.op
atlas-phase7.json	case.p7.decision_status.review_list.op	op	pass	3	6.72	predicate: all 9 facts hold: observe_at status holds; observe_at id holds; op read #0 (kernel.receipt.read) objects.0.receipt.operation_id holds; op read #0 (kernel.rec
atlas-phase7.json	case.p7.decision_supersede.successor_visible.op	op	pass	3	6.72	predicate: all 6 facts hold: observe_at status holds; observe_at superseded_by holds; op read #0 (decision.read) id holds; op read #0 (decision.read) deleted h
atlas-phase7.json	case.p7.decision_supersede.receipt.op	op	pass	4	7.78	predicate: all 9 facts hold: observe_at objects.0.receipt.operation_id holds; observe_at objects.0.operation.name holds; observe_at objects.0.receipt.state holds; observ
atlas-phase7.json	case.p7.decision_delete.gone.op	op	pass	4	7.78	predicate: all 9 facts hold: observe_at <root> holds; op read #0 (decision.read) error holds; op read #1 (kernel.receipt.read) objects.0.receipt.operation_id holds; op read #1
atlas-phase7.json	case.p7.decision_create.receipt.op	op	pass	4	9.40	predicate: all 7 facts hold: observe_at objects.0.receipt.operation_id holds; observe_at objects.0.operation.name holds; observe_at objects.0.receipt.state holds; observe_a
atlas-phase7.json	case.p7.zone_file.refused_unknown_zone.op	op	pass	3	9.40	predicate: all 8 facts hold: the trigger error holds; observe_at objects.0.receipt.operation_id holds; observe_at objects.0.receipt.state holds; observe_at objects.0
atlas-phase7.json	case.p7.kb_member.refused_bad_ref.op	op	pass	4	9.40	predicate: all 8 facts hold: the trigger error holds; observe_at objects.0.receipt.operation_id holds; observe_at objects.0.receipt.state holds; observe_at objects.0.rece
atlas-phase7.json	case.p7.decision_status.refused_invalid.op	op	pass	3	9.40	predicate: all 8 facts hold: the trigger error holds; observe_at objects.0.receipt.operation_id holds; observe_at objects.0.receipt.state holds; observe_at objects.
atlas-phase7.json	case.p7.decision_delete.refused_unknown.op	op	pass	3	11.13	predicate: all 8 facts hold: the trigger error holds; observe_at objects.0.receipt.operation_id holds; observe_at objects.0.receipt.state holds; observe_at objects
atlas-phase7.json	case.j1.first_words_keep_as_note.kept.op	op	pass	3	11.13	predicate: all 5 facts hold: observe_at id holds; observe_at body_markdown holds; observe_at title holds; op read #0 (note.list) <root> holds; the trigger operation_
atlas-phase7.json	case.j11.write_a_thought.window_open.op	op	pass	3	11.13	predicate: all 3 facts hold: observe_at thought.id holds; observe_at thought.working_note.id holds; the trigger operation_id is absent	case.j11.write_a_thought.window
atlas-phase7.json	case.j11.thought_keep.kept.op	op	pass	3	11.52	predicate: all 4 facts hold: observe_at id holds; observe_at body_markdown holds; op read #0 (note.list) <root> holds; the trigger operation_id is absent	case.j11.thought_keep.
atlas-phase8.json	case.p8.zone_create.second_unnamed	1440	pass	57	11.52	predicate: all_of: protocol_status: POST /api/directories answered 201, wanted 201 (body sha256 ccd8491f4183) | protocol_reads: GET /api/directories answered 200 with 1
atlas-phase8.json	case.p8.zone_create.second_unnamed	393	pass	27	11.52	predicate: all_of: protocol_status: POST /api/directories answered 201, wanted 201 (body sha256 b9d799a4f99f) | protocol_reads: GET /api/directories answered 200 with 1 
atlas-phase8.json	case.p8.zone_create.second_unnamed_floor	1440	pass	68	11.52	predicate: all_of: protocol_status: POST /api/directories answered 201, wanted 201 (body sha256 6ea35f0a5407) | protocol_reads: GET /api/directories answered 200 
atlas-phase8.json	case.p8.zone_create.second_unnamed_floor	393	pass	43	11.32	predicate: all_of: protocol_status: POST /api/directories answered 201, wanted 201 (body sha256 f672e902e6ba) | protocol_reads: GET /api/directories answered 200 w
atlas-phase8.json	case.p8.zone_rename.list	1440	blocked	26	17.11	BLOCKED: ui step click on '[aria-controls=desk-tool-shelf]' failed: TimeoutError: Locator.click: Timeout 10000ms exceeded.	case.p8.zone_rename.list--1440/20260929T145009Z-case
atlas-phase8.json	case.p8.zone_rename.list	393	pass	24	23.87	predicate: all_of: readable_text: 'Platform' is readable in viewport {'width': 393, 'height': 852} with rect {'x': 77, 'y': 469, 'w': 90, 'h': 38} | protocol_reads: GET /api/direc
atlas-phase8.json	case.p8.zone_rename.name_taken_list	1440	pass	38	23.87	predicate: all_of: readable_text: 'NAME TAKEN' is readable in viewport {'width': 1440, 'height': 900} with rect {'x': 237, 'y': 339, 'w': 112, 'h': 18} | protocol_read
atlas-phase8.json	case.p8.zone_rename.name_taken_list	393	pass	21	24.28	predicate: all_of: readable_text: 'NAME TAKEN' is readable in viewport {'width': 393, 'height': 852} with rect {'x': 77, 'y': 498, 'w': 112, 'h': 18} | protocol_reads: 
atlas-phase8.json	case.p8.zone_rename.name_taken_floor	1440	pass	46	25.16	predicate: all_of: readable_text: 'NAME TAKEN' is readable in viewport {'width': 1440, 'height': 900} with rect {'x': 1208, 'y': 167, 'w': 112, 'h': 18} | protocol_re
atlas-phase8.json	case.p8.zone_rename.name_taken_floor	393	pass	35	25.16	predicate: all_of: readable_text: 'NAME TAKEN' is readable in viewport {'width': 393, 'height': 852} with rect {'x': 14, 'y': 315, 'w': 112, 'h': 18} | protocol_reads:
atlas-phase8.json	case.p8.zone_rename.f2_row	1440	pass	29	24.75	predicate: all_of: input_value: value is 'Inbox', wanted 'Inbox' | hit_target: control owns all 9 hit points in viewport {'width': 1440, 'height': 900} with rect {'x': 237, 'y'
atlas-phase8.json	case.p8.zone_rename.f2_row	393	pass	19	23.58	predicate: all_of: input_value: value is 'Inbox', wanted 'Inbox' | hit_target: control owns all 9 hit points in viewport {'width': 393, 'height': 852} with rect {'x': 77, 'y': 2
atlas-phase8.json	case.p8.chair.no_new_zone	1440	pass	12	27.10	predicate: 'No matching tools or Desk items.' is readable in viewport {'width': 1440, 'height': 900} with rect {'x': 1031, 'y': 73, 'w': 382, 'h': 44}	case.p8.chair.no_new_zone-
atlas-phase8.json	case.p8.chair.no_new_zone	393	pass	11	27.10	predicate: 'No matching tools or Desk items.' is readable in viewport {'width': 393, 'height': 852} with rect {'x': 15, 'y': 51, 'w': 363, 'h': 44}	case.p8.chair.no_new_zone--393
atlas-phase8.json	case.p8.list_delete.gone	1440	pass	50	27.33	predicate: all_of: protocol_reads: GET /api/decisions/decision_69fcb57b35a6 answered 404 | readable_text: 'Removal committed' is readable in viewport {'width': 1440, 'height': 90
atlas-phase8.json	case.p8.list_delete.gone	393	pass	30	26.26	predicate: all_of: protocol_reads: GET /api/decisions/decision_351d79e3bd18 answered 404 | readable_text: 'Removal committed' is readable in viewport {'width': 393, 'height': 852}
atlas-phase8.json	case.p8.list_delete.undo	1440	pass	48	26.26	predicate: all_of: protocol_reads: GET /api/decisions/decision_73d045608541 answered 200 | readable_text: 'Restored Atlas list delete' is readable in viewport {'width': 1440, 'he
atlas-phase8.json	case.p8.list_delete.undo	393	pass	23	24.40	predicate: all_of: protocol_reads: GET /api/decisions/decision_b140182abfda answered 200 | readable_text: 'Restored Atlas list delete' is readable in viewport {'width': 393, 'heig
atlas-phase8.json	case.p8.list_delete.long_list_393	1440	pass	49	27.14	predicate: all_of: protocol_reads: GET /api/decisions/decision_f117425266d5 answered 404 | readable_text: 'Removal committed' is readable in viewport {'width': 1440, 'he
atlas-phase8.json	case.p8.list_delete.long_list_393	393	pass	35	28.25	predicate: all_of: protocol_reads: GET /api/decisions/decision_d5085b8469ea answered 404 | readable_text: 'Removal committed' is readable in viewport {'width': 393, 'heig
atlas-phase8.json	case.p8.delete_twice.both_gone	1440	blocked	52	27.14	BLOCKED: ui step press not delivered: its guard {'visible': '.undo-receipt.is-pending', 'text': 'Undo', 'seconds_left': {'selector': '.undo-receipt-time', 'min': 2}} did
atlas-phase8.json	case.p8.delete_twice.both_gone	393	pass	44	30.25	predicate: all_of: protocol_reads: GET /api/decisions/decision_6d30d782b7b6 answered 404; GET /api/decisions/decision_3807e196d12f answered 404 | readable_text: 'Removal com
atlas-phase8.json	case.p8.delete_then_leave.gone	1440	pass	42	31.58	predicate: all_of: protocol_status: DELETE /api/decisions/decision_65661e247ab3 answered 200, wanted 200 (body sha256 0b6547beb5c9) | protocol_reads: GET /api/decisions/dec
atlas-phase8.json	case.p8.delete_then_leave.gone	393	pass	30	32.00	predicate: all_of: protocol_status: DELETE /api/decisions/decision_25e91c3b7ba8 answered 200, wanted 200 (body sha256 847185fc7072) | protocol_reads: GET /api/decisions/deci
atlas-phase8.json	case.p8.chair.delete_withheld	1440	pass	28	32.96	predicate: all_of: readable_text: 'Open the Floor or the list' is readable in viewport {'width': 1440, 'height': 900} with rect {'x': 1031, 'y': 96, 'w': 382, 'h': 26} | att
atlas-phase8.json	case.p8.chair.delete_withheld	393	pass	22	32.96	predicate: all_of: readable_text: 'Open the Floor or the list' is readable in viewport {'width': 393, 'height': 852} with rect {'x': 15, 'y': 74, 'w': 363, 'h': 26} | attr_eq
atlas-phase8.json	case.p8.decision_heads.hidden	1440	pass	12	33.14	predicate: all_of: readable_text: 'DECISION CONTEXT' is readable in viewport {'width': 1440, 'height': 900} with rect {'x': 1037, 'y': 117, 'w': 370, 'h': 94} | text_absent:
atlas-phase8.json	case.p8.decision_heads.hidden	393	pass	12	33.14	predicate: all_of: readable_text: 'DECISION CONTEXT' is readable in viewport {'width': 393, 'height': 852} with rect {'x': 15, 'y': 439, 'w': 363, 'h': 122} | text_absent: 'C
atlas-phase8.json	case.p8.zone_create.second_unnamed.op	op	pass	3	30.58	predicate: all 3 facts hold: observe_at <root> holds; observe_at <root> holds; the trigger operation_id is absent	case.p8.zone_create.second_unnamed.op--op/20260929T145
atlas-phase8.json	case.p8.zone_rename.list.op	op	pass	3	28.45	predicate: all 3 facts hold: observe_at directory.id holds; observe_at directory.name holds; the trigger operation_id is absent	case.p8.zone_rename.list.op--op/20260929T145336Z-c
atlas-phase8.json	case.p8.zone_rename.name_taken_list.op	op	pass	3	28.45	predicate: all 3 facts hold: the trigger error holds; the trigger existing_name holds; observe_at directory.name holds	case.p8.zone_rename.name_taken_list.op--op/20260
atlas-phase8.json	case.p8.list_delete.gone.op	op	pass	3	28.45	predicate: all 7 facts hold: observe_at <root> holds; op read #0 (decision.read) error holds; op read #1 (kernel.receipt.read) objects.0.receipt.operation_id holds; op read #1 (k
atlas-phase8.json	case.p8.delete_twice.both_gone.op	op	pass	3	28.45	predicate: all 10 facts hold: observe_at <root> holds; observe_at <root> holds; op read #0 (kernel.receipt.read) objects.0.receipt.operation_id holds; op read #0 (kernel.re
atlas-phase9.json	case.p9.list_status.shown	1440	pass	29	28.45	predicate: '2 SHOWN OF 2' is readable in viewport {'width': 1440, 'height': 900} with rect {'x': 1156, 'y': 76, 'w': 95, 'h': 16}	case.p9.list_status.shown--1440/20260929T145340
atlas-phase9.json	case.p9.list_status.shown	393	pass	19	28.45	predicate: '2 SHOWN OF 2' is readable in viewport {'width': 393, 'height': 852} with rect {'x': 29, 'y': 127, 'w': 95, 'h': 16}	case.p9.list_status.shown--393/20260929T145340Z-ca
atlas-phase9.json	case.p9.list_columns.in_view	1440	pass	29	28.45	predicate: 'PERSONAL' is readable in viewport {'width': 1440, 'height': 900} with rect {'x': 179, 'y': 174, 'w': 1082, 'h': 41}	case.p9.list_columns.in_view--1440/20260929T14
atlas-phase9.json	case.p9.list_columns.in_view	393	pass	20	26.97	predicate: 'PERSONAL' is readable in viewport {'width': 393, 'height': 852} with rect {'x': 19, 'y': 249, 'w': 355, 'h': 78}	case.p9.list_columns.in_view--393/20260929T145342Z
atlas-phase9.json	case.p9.list_sort.zone_pressed	1440	pass	26	26.14	predicate: aria-pressed='true', wanted 'true'	case.p9.list_sort.zone_pressed--1440/20260929T145359Z-case.p9.list_sort.zone_pressed-muaddib-1440
atlas-phase9.json	case.p9.list_sort.zone_pressed	393	pass	20	27.17	predicate: aria-pressed='true', wanted 'true'	case.p9.list_sort.zone_pressed--393/20260929T145402Z-case.p9.list_sort.zone_pressed-muaddib-393
atlas-phase9.json	case.p9.list_row_menu.delete_in_view	1440	pass	25	27.08	predicate: control owns all 9 hit points in viewport {'width': 1440, 'height': 900} with rect {'x': 206, 'y': 847, 'w': 272, 'h': 28}	case.p9.list_row_menu.delete_in_
atlas-phase9.json	case.p9.list_row_menu.delete_in_view	393	pass	20	27.08	predicate: control owns all 9 hit points in viewport {'width': 393, 'height': 852} with rect {'x': 11, 'y': 797, 'w': 371, 'h': 44}	case.p9.list_row_menu.delete_in_vie
atlas-phase9.json	case.p9.room_items.late_row	1440	pass	11	25.46	predicate: 'DAYS LATE' is readable in viewport {'width': 1440, 'height': 900} with rect {'x': 668, 'y': 361, 'w': 125, 'h': 18}	case.p9.room_items.late_row--1440/20260929T1454
atlas-phase9.json	case.p9.room_items.late_row	393	pass	11	25.46	predicate: 'DAYS LATE' is readable in viewport {'width': 393, 'height': 852} with rect {'x': 31, 'y': 571, 'w': 125, 'h': 18}	case.p9.room_items.late_row--393/20260929T145425Z-
atlas-phase9.json	case.p9.update_list.head_updates	1440	pass	11	26.30	predicate: 'UPDATES 1' is readable in viewport {'width': 1440, 'height': 900} with rect {'x': 43, 'y': 167, 'w': 71, 'h': 18}	case.p9.update_list.head_updates--1440/20260
atlas-phase9.json	case.p9.update_list.head_updates	393	pass	10	25.56	predicate: 'UPDATES 1' is readable in viewport {'width': 393, 'height': 852} with rect {'x': 19, 'y': 531, 'w': 71, 'h': 18}	case.p9.update_list.head_updates--393/20260929
atlas-phase9.json	case.p9.update.delivered_row	1440	pass	10	25.56	predicate: all_of: protocol_status: POST /api/updates/pupd_fd194735bc4f4b61966080df9cc6c8a8/delivered answered 200, wanted 200 (body sha256 6d1c8fb20691); response body conta
atlas-phase9.json	case.p9.update.delivered_row	393	pass	11	23.75	predicate: all_of: protocol_status: POST /api/updates/pupd_e88dd7b35d884451b96a5dd7fa960f84/delivered answered 200, wanted 200 (body sha256 b92bc0ef95b8); response body contai
atlas-phase9.json	case.p9.room_steward_verb.owned	1440	pass	11	23.75	predicate: control owns all 9 hit points in viewport {'width': 1440, 'height': 900} with rect {'x': 731, 'y': 432, 'w': 68, 'h': 24}	case.p9.room_steward_verb.owned--1440/
atlas-phase9.json	case.p9.room_steward_verb.owned	393	pass	10	22.65	predicate: control owns all 9 hit points in viewport {'width': 393, 'height': 852} with rect {'x': 300, 'y': 350, 'w': 68, 'h': 24}	case.p9.room_steward_verb.owned--393/202
atlas-phase9.json	case.p9.grant.project_allowed	1440	pass	10	22.65	predicate: all_of: protocol_status: PUT /api/settings/remote/delegations/sweep-runner/projects/proj-64a55d38af44 answered 200, wanted 200 (body sha256 b09ce8377a12); respons
atlas-phase9.json	case.p9.grant.project_allowed	393	pass	11	21.00	predicate: all_of: protocol_status: PUT /api/settings/remote/delegations/sweep-runner/projects/proj-be8aa15049b5 answered 200, wanted 200 (body sha256 6efced7a871e); response
atlas-phase9.json	case.p9.grant_route.project_allowed	op	pass	3	20.04	predicate: GET /api/settings/remote answered 200 with 1 row(s) {'identity': 'sweep-runner', 'project_delegations.0.project_id': 'proj-0855e41e99c6', 'project_delegations.
atlas-phase9.json	case.p9.grant.desk_reads_desk	1440	pass	10	20.04	predicate: all_of: protocol_reads: GET /api/settings/remote answered 200 with 1 row(s) {'identity': 'desk-agent', 'palette': 'DESK'} | readable_text: 'DESK' is readable in v
atlas-phase9.json	case.p9.grant.desk_reads_desk	393	pass	10	20.04	predicate: all_of: protocol_reads: GET /api/settings/remote answered 200 with 1 row(s) {'identity': 'desk-agent', 'palette': 'DESK'} | readable_text: 'DESK' is readable in vi
atlas-phase9.json	case.p9.connections.never_checked_face	1440	pass	9	20.04	predicate: all_of: readable_text: 'NEVER CHECKED' is readable in viewport {'width': 1440, 'height': 900} with rect {'x': 131, 'y': 190, 'w': 137, 'h': 18} | protocol
atlas-phase9.json	case.p9.connections.never_checked_face	393	pass	9	18.75	predicate: all_of: readable_text: 'NEVER CHECKED' is readable in viewport {'width': 393, 'height': 852} with rect {'x': 24, 'y': 231, 'w': 137, 'h': 18} | protocol_re
atlas-phase9.json	case.p9.update.delivered_row.op	op	pass	3	18.05	predicate: all 7 facts hold: observe_at updates holds; observe_at updates.0.deliveries holds; observe_at updates.0.deliveries.0.delivered_to holds; observe_at updates.0.deliv
atlas-phase9-steward.json	case.p9.steward.run_receipted	op	pass	3	18.05	predicate: all 9 facts hold: observe_at run.state holds; observe_at operation_id holds; observe_at receipt.outcome holds; the trigger receipt holds; op read #0 (kernel.
atlas-phase9-steward.json	case.p9.update.mark_delivered_receipted	op	pass	3	18.05	predicate: all 7 facts hold: observe_at updates holds; observe_at updates.0.deliveries holds; observe_at updates.0.deliveries.0.operation_id holds; observe_at
atlas-phase9-steward.json	case.p9.project.archive_receipted	op	pass	3	16.85	predicate: all 5 facts hold: observe_at is_archived holds; the trigger success holds; op read #0 (kernel.receipt.read) objects.0.operation.name holds; op read #0 (k
atlas-phase9-steward.json	case.p9.connections.never_checked	op	pass	3	16.85	predicate: all 4 facts hold: the trigger tools holds; the trigger tools holds; the trigger operation_id is absent; observe_at tools holds	case.p9.connections.never_
TOTAL 97 runs: 95 pass, 2 not pass
retained: 97 rows, 97 run directories, 97 observations -> pm/roadmap/holdspeak-philo/phase-10-the-channels/assets/story-05-shots/p789-merged
rig exit 1; retain exit 0
=== p789 exit 1 14:55:10Z
=== base 14:55:10Z
HEAD = dce3afa91ff636a3cb6c571343bc637fcac97034; load { 16.85 18.16 11.63 }
✓ built in 4.33s
194 runs, 4 at a time; out /Users/karol/dev/tools/wt-philo-10-05/.tmp/p10s05/base-merged
atlas.json	case.j1.first_words_continue_later.idle	1440	pass	10	16.86	predicate: data-testid='arrival-headline', wanted 'arrival-headline'	case.j1.first_words_continue_later.idle--1440/20260929T145514Z-case.j1.first_words_continue_later.idl
atlas.json	case.j1.first_words_continue_later.idle	393	pass	10	16.86	predicate: data-testid='arrival-headline', wanted 'arrival-headline'	case.j1.first_words_continue_later.idle--393/20260929T145514Z-case.j1.first_words_continue_later.idle-
atlas.json	case.j1.first_words_continue_later.draft_custody	1440	fail	35	16.86	predicate: 'Save draft & continue' NOT in observe_at text	case.j1.first_words_continue_later.draft_custody--1440/20260929T145514Z-case.j1.first_words_continue_la
atlas.json	case.j1.first_words_continue_later.draft_custody	393	fail	35	16.86	predicate: 'Save draft & continue' NOT in observe_at text	case.j1.first_words_continue_later.draft_custody--393/20260929T145514Z-case.j1.first_words_continue_late
atlas.json	case.j1.speech_readiness.ready	op	pass	3	16.72	predicate: /task_overrides/37/effective/status equals the declared value	case.j1.speech_readiness.ready--op/20260929T145524Z-case.j1.speech_readiness.ready-muaddib-1440
atlas.json	case.j1.first_words_speak.kept	1440	blocked	2	16.72	BLOCKED: boundary substitution 'browser_audio_device' (label "chromium --use-fake-device-for-media-stream --use-file-for-fake-audio-capture=<fixture> (boundary substitution: thi
atlas.json	case.j1.first_words_speak.kept	393	blocked	2	15.62	BLOCKED: boundary substitution 'browser_audio_device' (label "chromium --use-fake-device-for-media-stream --use-file-for-fake-audio-capture=<fixture> (boundary substitution: this
atlas.json	case.j1.first_words_keep_as_note.kept	1440	pass	7	15.62	predicate: 'Kept as a note.' in observe_at text	case.j1.first_words_keep_as_note.kept--1440/20260929T145528Z-case.j1.first_words_keep_as_note.kept-muaddib-1440
atlas.json	case.j1.first_words_keep_as_note.kept	393	pass	7	15.62	predicate: 'Kept as a note.' in observe_at text	case.j1.first_words_keep_as_note.kept--393/20260929T145529Z-case.j1.first_words_keep_as_note.kept-muaddib-393
atlas.json	case.j1.first_words_speak.permission_denied	1440	blocked	2	14.85	BLOCKED: boundary substitution 'browser_permission' (label 'playwright browser context with permissions=[] so getUserMedia raises NotAllowedError (the refusal is mi
atlas.json	case.j1.first_words_speak.permission_denied	393	blocked	2	14.30	BLOCKED: boundary substitution 'browser_permission' (label 'playwright browser context with permissions=[] so getUserMedia raises NotAllowedError (the refusal is min
atlas.json	case.j1.first_words_speak.unreachable_hub	1440	blocked	2	14.30	BLOCKED: boundary substitution 'transport_failure' (label 'playwright route interception aborting the dictation request only; production parsing, rendering and persis
atlas.json	case.j1.first_words_speak.unreachable_hub	393	blocked	2	14.30	BLOCKED: boundary substitution 'transport_failure' (label 'playwright route interception aborting the dictation request only; production parsing, rendering and persist
atlas.json	case.j1.first_words_speak.mic_unsupported	1440	blocked	2	14.30	BLOCKED: boundary substitution 'browser_capability' (label 'an init script deleting mediaDevices before the page loads (browser-owned capability, substituted at the b
atlas.json	case.j1.first_words_speak.mic_unsupported	393	blocked	2	14.04	BLOCKED: boundary substitution 'browser_capability' (label 'an init script deleting mediaDevices before the page loads (browser-owned capability, substituted at the br
atlas.json	case.j2.arrival_load.engines_both_missing	1440	fail	30	14.04	predicate: 'No engine yet' NOT in observe_at text	case.j2.arrival_load.engines_both_missing--1440/20260929T145542Z-case.j2.arrival_load.engines_both_missing-muaddib-144
atlas.json	case.j2.arrival_load.engines_both_missing	393	fail	30	14.04	predicate: 'No engine yet' NOT in observe_at text	case.j2.arrival_load.engines_both_missing--393/20260929T145543Z-case.j2.arrival_load.engines_both_missing-muaddib-393
atlas.json	case.j2.arrival_load.summary_missing_only	1440	blocked	6	13.23	BLOCKED: POST /api/inference/assignments/set answered 400: {"code":"inference_assignment_invalid","message":"Assignment request has an invalid shape"}	case.j2.arrival
atlas.json	case.j2.arrival_load.summary_missing_only	393	blocked	6	13.23	BLOCKED: POST /api/inference/assignments/set answered 400: {"code":"inference_assignment_invalid","message":"Assignment request has an invalid shape"}	case.j2.arrival_
atlas.json	case.j2.arrival_load.read_unknown	1440	blocked	6	12.57	BLOCKED: boundary substitution 'route_failure' (label 'playwright route interception failing that one read; every other read stays real') is not implemented; a label alone su
atlas.json	case.j2.arrival_load.read_unknown	393	blocked	6	12.57	BLOCKED: boundary substitution 'route_failure' (label 'playwright route interception failing that one read; every other read stays real') is not implemented; a label alone sub
atlas.json	case.j2.arrival_load.read_pending	1440	blocked	6	11.56	BLOCKED: boundary substitution 'route_failure' (label 'playwright route interception holding that one response open for the observation window') is not implemented; a label a
atlas.json	case.j2.arrival_load.read_pending	393	blocked	6	11.56	BLOCKED: boundary substitution 'route_failure' (label 'playwright route interception holding that one response open for the observation window') is not implemented; a label al
atlas.json	case.j3.concierge_add_engine.add_ready	1440	blocked	16	11.20	BLOCKED: ui step click on '[data-testid=concierge-add-engine]' failed: TimeoutError: Locator.click: Timeout 10000ms exceeded.	case.j3.concierge_add_engine.add_ready--14
atlas.json	case.j3.concierge_add_engine.add_ready	393	blocked	16	11.20	BLOCKED: ui step click on '[data-testid=concierge-add-engine]' failed: TimeoutError: Locator.click: Timeout 10000ms exceeded.	case.j3.concierge_add_engine.add_ready--393
atlas.json	case.j3.concierge_add_check.refused	1440	blocked	16	10.70	BLOCKED: ui step click on '[data-testid=concierge-add-engine]' failed: TimeoutError: Locator.click: Timeout 10000ms exceeded.	case.j3.concierge_add_check.refused--1440/202
atlas.json	case.j3.concierge_add_check.refused	393	blocked	16	10.70	BLOCKED: ui step click on '[data-testid=concierge-add-engine]' failed: TimeoutError: Locator.click: Timeout 10000ms exceeded.	case.j3.concierge_add_check.refused--393/20260
atlas.json	case.j3.concierge_check.engine_unreachable	1440	blocked	19	9.82	BLOCKED: ui step click on '[data-testid^=concierge-check-]' failed: TimeoutError: Locator.click: Timeout 10000ms exceeded.	case.j3.concierge_check.engine_unreachable
atlas.json	case.j3.concierge_check.engine_unreachable	393	blocked	19	9.82	BLOCKED: ui step click on '[data-testid^=concierge-check-]' failed: TimeoutError: Locator.click: Timeout 10000ms exceeded.	case.j3.concierge_check.engine_unreachable-
atlas.json	case.j3.concierge_use_for_summaries.assigned_ready	1440	blocked	23	9.19	BLOCKED: precondition not met: {'kind': 'attr_equals', 'attr': 'data-testid', 'value': 'arrival-run-intel'} at '[data-testid=arrival-run-intel]' — BLOCKED: o
atlas.json	case.j3.concierge_use_for_summaries.assigned_ready	393	blocked	23	9.19	BLOCKED: precondition not met: {'kind': 'attr_equals', 'attr': 'data-testid', 'value': 'arrival-run-intel'} at '[data-testid=arrival-run-intel]' — BLOCKED: ob
atlas.json	case.j3.speech_missing.row_stays	1440	blocked	17	7.92	BLOCKED: POST /api/inference/assignments/clear answered 400: {"code":"inference_assignment_invalid","message":"Clear request has an invalid shape"}	case.j3.speech_missing.row_
atlas.json	case.j3.speech_missing.row_stays	393	blocked	17	7.92	BLOCKED: POST /api/inference/assignments/clear answered 400: {"code":"inference_assignment_invalid","message":"Clear request has an invalid shape"}	case.j3.speech_missing.row_s
atlas.json	case.j3.route_assignments_set.assigned_ready	op	fail	34	7.08	predicate: rows matching {'id': 'meeting.deferred_analysis', 'has_override': True} at /api/inference/assignments: before=0 after=0 (new=0; wanted >= 1)	case.j3.route_as
atlas.json	case.j3.profile_delete.profile_missing	1440	blocked	22	7.08	BLOCKED: precondition not met: {'kind': 'attr_equals', 'attr': 'data-testid', 'value': 'arrival-run-intel'} at '[data-testid=arrival-run-intel]' — BLOCKED: observe_at no
atlas.json	case.j3.profile_delete.profile_missing	393	blocked	22	6.67	BLOCKED: precondition not met: {'kind': 'attr_equals', 'attr': 'data-testid', 'value': 'arrival-run-intel'} at '[data-testid=arrival-run-intel]' — BLOCKED: observe_at not
atlas.json	case.j3.profile_unbind.binding_absent	op	blocked	2	6.67	BLOCKED: headless mode refuses UI/face steps: no Page is opened	case.j3.profile_unbind.binding_absent--op/20260929T145659Z-case.j3.profile_unbind.binding_absent-muaddib-1440
atlas.json	case.j4.record_start.capture_recording	1440	blocked	6	6.67	BLOCKED: boundary substitution 'browser_audio_device' (label 'Synthetic architect meeting at a browser audio boundary. This rig has no microphone recorder; block without 
atlas.json	case.j4.record_start.capture_recording	393	blocked	5	6.50	BLOCKED: boundary substitution 'browser_audio_device' (label 'Synthetic architect meeting at a browser audio boundary. This rig has no microphone recorder; block without s
atlas.json	case.j4.meeting_stop.capture_finalized	op	blocked	7	6.22	BLOCKED: precondition not met: {'kind': 'protocol_field', 'path': '/meeting_active', 'value': True} at 'protocol: GET /api/runtime/status' — /meeting_active = False, wanted
atlas.json	case.j4.meetings_import.imported	op	pass	20	6.22	predicate: /meetings/0/id equals the declared value	case.j4.meetings_import.imported--op/20260929T145715Z-case.j4.meetings_import.imported-muaddib-1440
atlas.json	case.j4.meeting_stop.transcription_absent	1440	blocked	13	5.96	BLOCKED: precondition not met: {'kind': 'protocol_field', 'path': '/meeting_active', 'value': True} at 'protocol: GET /api/runtime/status' — /meeting_active = False, 
atlas.json	case.j4.meeting_stop.transcription_absent	393	blocked	13	5.81	BLOCKED: precondition not met: {'kind': 'protocol_field', 'path': '/meeting_active', 'value': True} at 'protocol: GET /api/runtime/status' — /meeting_active = False, w
atlas.json	case.j5.meeting_open.route_disclosed	1440	pass	21	5.81	predicate: '192.168.1.43 · LAN' in observe_at text	case.j5.meeting_open.route_disclosed--1440/20260929T145726Z-case.j5.meeting_open.route_disclosed-muaddib-1440
atlas.json	case.j5.meeting_open.route_disclosed	393	pass	33	5.51	predicate: '192.168.1.43 · LAN' in observe_at text	case.j5.meeting_open.route_disclosed--393/20260929T145732Z-case.j5.meeting_open.route_disclosed-muaddib-393
atlas.json	case.j5.meeting_open.no_engine_no_verb	1440	pass	19	5.51	predicate: 'Run summary' absent at observe_at	case.j5.meeting_open.no_engine_no_verb--1440/20260929T145735Z-case.j5.meeting_open.no_engine_no_verb-muaddib-1440
atlas.json	case.j5.meeting_open.no_engine_no_verb	393	pass	25	5.51	predicate: 'Run summary' absent at observe_at	case.j5.meeting_open.no_engine_no_verb--393/20260929T145735Z-case.j5.meeting_open.no_engine_no_verb-muaddib-393
atlas.json	case.j6.run_summary.intel_queued	1440	pass	24	5.07	predicate: POST /api/meetings/a1efeba6/intelligence/run answered 200, wanted 200 (body sha256 b9d7c6c1fa10); response body contains the declared admission facts	case.j6.run_summa
atlas.json	case.j6.run_summary.intel_queued	393	pass	21	4.90	predicate: POST /api/meetings/0a3e0664/intelligence/run answered 200, wanted 200 (body sha256 8b951d2be586); response body contains the declared admission facts	case.j6.run_summar
atlas.json	case.j6.run_summary.intel_running	op	blocked	2	5.15	BLOCKED: headless mode refuses UI/face steps: no Page is opened	case.j6.run_summary.intel_running--op/20260929T145800Z-case.j6.run_summary.intel_running-muaddib-1440
atlas.json	case.j6.run_summary.intel_ready	op	blocked	2	4.90	BLOCKED: headless mode refuses UI/face steps: no Page is opened	case.j6.run_summary.intel_ready--op/20260929T145802Z-case.j6.run_summary.intel_ready-muaddib-1440
atlas.json	case.j6.run_summary.intel_failed	1440	blocked	0	4.90	NOTE: the case declares a provider replay at 'tests/fixtures/philo3_summary_failure_reply.json', but this run was requested with --engine 'none'; replay is installed only for a
atlas.json	case.j6.run_summary.intel_failed	393	blocked	0	4.90	NOTE: the case declares a provider replay at 'tests/fixtures/philo3_summary_failure_reply.json', but this run was requested with --engine 'none'; replay is installed only for an
atlas.json	case.j6.run_summary.intel_retry	op	blocked	0	4.90	NOTE: the case declares a provider replay at 'tests/fixtures/philo3_summary_failure_reply.json', but this run was requested with --engine 'none'; replay is installed only for an e
atlas.json	case.j6.route_intelligence_run.refusal	op	blocked	2	4.90	BLOCKED: headless mode refuses UI/face steps: no Page is opened	case.j6.route_intelligence_run.refusal--op/20260929T145804Z-case.j6.route_intelligence_run.refusal-muaddib-1
atlas.json	case.j7.hub_restart.intel_retained	op	blocked	2	4.90	BLOCKED: headless mode refuses UI/face steps: no Page is opened	case.j7.hub_restart.intel_retained--op/20260929T145805Z-case.j7.hub_restart.intel_retained-muaddib-1440
atlas.json	case.j7.arrival_load.reload_persisted	1440	pass	28	4.90	predicate: observe_at text is 'The meeting covered three decisions: Mayyachan will write a migration plan by Friday, Leo Martinez will test restart retrieval on Tuesday, and
atlas.json	case.j7.arrival_load.reload_persisted	393	pass	38	4.82	predicate: observe_at text is 'The meeting established three decisions: using SQ for the local ledger (Mayyachan to write migration plan by Friday), keeping summary retrieval
atlas.json	case.j8.hotkey_option_r.other_app_delivery	op	not_applicable	0	4.82	NOTE: NOT APPLICABLE: UNEXERCISED by the rig: the trigger is a native global hotkey and the result is delivery into another application. Missing mechanism: a nat
atlas.json	case.j9.timer_sweep.receipt_resolved	op	pass	13	4.82	predicate: rows matching {'source_kind': 'pipeline_event', 'title__prefix': 'SWEEP'} at /api/desk/projections: before=0 after=1 (new=1; wanted >= 1)	case.j9.timer_sweep.receipt
atlas.json	case.j9.route_run_now.receipt_resolved	op	pass	3	4.92	predicate: rows matching {'source_kind': 'pipeline_event', 'detail_url': '/cadence'} at /api/desk/projections: before=0 after=1 (new=1; wanted >= 1)	case.j9.route_run_now.rece
atlas.json	case.j9.shade_open.door_present	1440	pass	9	4.52	predicate: 'SWEEP' in observe_at text	case.j9.shade_open.door_present--1440/20260929T145817Z-case.j9.shade_open.door_present-muaddib-1440
atlas.json	case.j9.shade_open.door_present	393	pass	9	4.32	predicate: 'SWEEP' in observe_at text	case.j9.shade_open.door_present--393/20260929T145824Z-case.j9.shade_open.door_present-muaddib-393
atlas.json	case.j9.shade_receipt_open.rhythm_face	1440	pass	10	4.62	predicate: windows after: ['Rhythm']	case.j9.shade_receipt_open.rhythm_face--1440/20260929T145826Z-case.j9.shade_receipt_open.rhythm_face-muaddib-1440
atlas.json	case.j9.shade_receipt_open.rhythm_face	393	pass	11	4.81	predicate: windows after: ['Rhythm']	case.j9.shade_receipt_open.rhythm_face--393/20260929T145834Z-case.j9.shade_receipt_open.rhythm_face-muaddib-393
atlas.json	case.j9.shade_open.door_absent	1440	blocked	6	4.81	BLOCKED: boundary substitution 'remote_origin_call' (label "a remote-origin call into the hub's own API from the run's harness, recorded as such; the event is produced by the rea
atlas.json	case.j9.shade_open.door_absent	393	blocked	6	4.90	BLOCKED: boundary substitution 'remote_origin_call' (label "a remote-origin call into the hub's own API from the run's harness, recorded as such; the event is produced by the real
atlas.json	case.j9.shade_open.door_stale	1440	blocked	43	4.90	BLOCKED: precondition not met: {'kind': 'attr_equals', 'attr': 'data-testid', 'value': 'arrival-run-intel'} at '[data-testid=arrival-run-intel]' — BLOCKED: observe_at not present
atlas.json	case.j9.shade_open.door_stale	393	blocked	42	4.91	BLOCKED: precondition not met: {'kind': 'attr_equals', 'attr': 'data-testid', 'value': 'arrival-run-intel'} at '[data-testid=arrival-run-intel]' — BLOCKED: observe_at not present 
atlas.json	case.j9.shade_acknowledge.acknowledged	1440	blocked	6	4.91	BLOCKED: the recorded provider reply is NOT installed in the hub process. Declare `reply` on the boundary step so the hub is booted with it (the seam is a module attribut
atlas.json	case.j9.shade_acknowledge.acknowledged	393	blocked	6	4.91	BLOCKED: the recorded provider reply is NOT installed in the hub process. Declare `reply` on the boundary step so the hub is booted with it (the seam is a module attribute
atlas.json	case.j9.shade_dismiss.dismissed	1440	blocked	6	5.00	BLOCKED: the recorded provider reply is NOT installed in the hub process. Declare `reply` on the boundary step so the hub is booted with it (the seam is a module attribute insid
atlas.json	case.j9.shade_dismiss.dismissed	393	blocked	6	5.00	BLOCKED: the recorded provider reply is NOT installed in the hub process. Declare `reply` on the boundary step so the hub is booted with it (the seam is a module attribute inside
atlas.json	case.j9.route_presentation_restore.restored	op	blocked	2	4.84	BLOCKED: headless mode refuses UI/face steps: no Page is opened	case.j9.route_presentation_restore.restored--op/20260929T145856Z-case.j9.route_presentation_restore.res
atlas.json	case.j10.brief_latest.absent	1440	pass	9	4.69	predicate: 'No brief yet' in observe_at text	case.j10.brief_latest.absent--1440/20260929T145857Z-case.j10.brief_latest.absent-muaddib-1440
atlas.json	case.j10.brief_latest.absent	393	pass	9	4.69	predicate: 'No brief yet' in observe_at text	case.j10.brief_latest.absent--393/20260929T145858Z-case.j10.brief_latest.absent-muaddib-393
atlas.json	case.j10.arrival_generate_brief.populated	1440	pass	11	4.47	predicate: 'Review decision: Graph walk brief material J10' in observe_at text	case.j10.arrival_generate_brief.populated--1440/20260929T145906Z-case.j10.arrival_generate
atlas.json	case.j10.arrival_generate_brief.populated	393	pass	11	4.76	predicate: 'Review decision: Graph walk brief material J10' in observe_at text	case.j10.arrival_generate_brief.populated--393/20260929T145907Z-case.j10.arrival_generate_b
atlas.json	case.j10.arrival_generate_brief.generated_empty	1440	pass	10	4.33	predicate: 'No changes' in observe_at text	case.j10.arrival_generate_brief.generated_empty--1440/20260929T145917Z-case.j10.arrival_generate_brief.generated_empty-m
atlas.json	case.j10.arrival_generate_brief.generated_empty	393	pass	9	4.33	predicate: 'No changes' in observe_at text	case.j10.arrival_generate_brief.generated_empty--393/20260929T145918Z-case.j10.arrival_generate_brief.generated_empty-muad
atlas.json	case.j10.arrival_reload.reload_persisted	1440	pass	13	4.38	predicate: 'No changes' in observe_at text	case.j10.arrival_reload.reload_persisted--1440/20260929T145923Z-case.j10.arrival_reload.reload_persisted-muaddib-1440
atlas.json	case.j10.arrival_reload.reload_persisted	393	pass	13	4.38	predicate: 'No changes' in observe_at text	case.j10.arrival_reload.reload_persisted--393/20260929T145924Z-case.j10.arrival_reload.reload_persisted-muaddib-393
atlas.json	case.j10.arrival_generate_again.same_day_idempotent	1440	pass	192	4.35	predicate: unchanged result; the returned identity 'No changes' (headline='No changes') IS the one displayed at '[data-testid=arrival-brief-headline]' (respon
atlas.json	case.j10.arrival_generate_again.same_day_idempotent	393	pass	191	4.35	predicate: unchanged result; the returned identity 'No changes' (headline='No changes') IS the one displayed at '[data-testid=arrival-brief-headline]' (respons
atlas.json	case.j10.route_generate_again.same_day_same_id	op	blocked	2	4.60	BLOCKED: headless mode refuses UI/face steps: no Page is opened	case.j10.route_generate_again.same_day_same_id--op/20260929T145936Z-case.j10.route_generate_again.sa
atlas.json	case.j10.arrival_generate_again.retained_after_reload	1440	pass	12	4.60	predicate: 'No changes' in observe_at text	case.j10.arrival_generate_again.retained_after_reload--1440/20260929T145937Z-case.j10.arrival_generate_again.retai
atlas.json	case.j10.arrival_generate_again.retained_after_reload	393	pass	13	4.60	predicate: 'No changes' in observe_at text	case.j10.arrival_generate_again.retained_after_reload--393/20260929T145938Z-case.j10.arrival_generate_again.retaine
atlas.json	case.j10.route_generate_again.retained_after_reload	1440	pass	12	4.43	predicate: /id equals the declared value	case.j10.route_generate_again.retained_after_reload--1440/20260929T145949Z-case.j10.route_generate_again.retained_afte
atlas.json	case.j10.route_generate_again.retained_after_reload	393	pass	11	4.43	predicate: /id equals the declared value	case.j10.route_generate_again.retained_after_reload--393/20260929T145951Z-case.j10.route_generate_again.retained_after_
atlas.json	case.j10.arrival_generate_again.next_day	1440	pass	10	4.28	predicate: 'Review decision: Graph walk next-day decision J10' in observe_at text	case.j10.arrival_generate_again.next_day--1440/20260929T150001Z-case.j10.arrival_generat
atlas.json	case.j10.arrival_generate_again.next_day	393	pass	10	4.02	predicate: 'Review decision: Graph walk next-day decision J10' in observe_at text	case.j10.arrival_generate_again.next_day--393/20260929T150003Z-case.j10.arrival_generate_
atlas.json	case.j10.route_brief_generate.load_failure	1440	pass	9	4.34	predicate: 'BRIEF DID NOT GENERATE · HTTP 500' in observe_at text	case.j10.route_brief_generate.load_failure--1440/20260929T150011Z-case.j10.route_brief_generate.load_fa
atlas.json	case.j10.route_brief_generate.load_failure	393	pass	9	4.31	predicate: 'BRIEF DID NOT GENERATE · HTTP 500' in observe_at text	case.j10.route_brief_generate.load_failure--393/20260929T150012Z-case.j10.route_brief_generate.load_fail
atlas.json	case.j10.brief_item_shelf.acknowledged	op	blocked	2	4.29	BLOCKED: headless mode refuses UI/face steps: no Page is opened	case.j10.brief_item_shelf.acknowledged--op/20260929T150020Z-case.j10.brief_item_shelf.acknowledged-muaddib-1
atlas.json	case.j10.brief_item_shelf.deferred	op	blocked	2	4.18	BLOCKED: headless mode refuses UI/face steps: no Page is opened	case.j10.brief_item_shelf.deferred--op/20260929T150022Z-case.j10.brief_item_shelf.deferred-muaddib-1440
atlas.json	case.j10.brief_people.unavailable	op	blocked	2	4.18	BLOCKED: headless mode refuses UI/face steps: no Page is opened	case.j10.brief_people.unavailable--op/20260929T150022Z-case.j10.brief_people.unavailable-muaddib-1440
atlas.json	case.j11.write_a_thought.window_open	1440	pass	10	4.18	predicate: windows after: ['Thought']	case.j11.write_a_thought.window_open--1440/20260929T150024Z-case.j11.write_a_thought.window_open-muaddib-1440
atlas.json	case.j11.write_a_thought.window_open	393	pass	10	4.18	predicate: windows after: ['Thought']	case.j11.write_a_thought.window_open--393/20260929T150024Z-case.j11.write_a_thought.window_open-muaddib-393
atlas.json	case.j11.thought_keep.kept	1440	pass	11	3.99	predicate: rows matching {'body_markdown__prefix': 'Graph walk J11 kept words'} at /api/notes: before=0 after=1 (new=1; wanted >= 1)	case.j11.thought_keep.kept--1440/20260929T150034Z-c
atlas.json	case.j11.thought_keep.kept	393	pass	11	3.99	predicate: rows matching {'body_markdown__prefix': 'Graph walk J11 kept words'} at /api/notes: before=0 after=1 (new=1; wanted >= 1)	case.j11.thought_keep.kept--393/20260929T150034Z-cas
atlas.json	case.j11.write_a_thought.create_refused	1440	blocked	6	4.09	BLOCKED: boundary substitution 'route_failure' (label 'playwright route interception failing that one write; every other read stays real') is not implemented; a label al
atlas.json	case.j11.write_a_thought.create_refused	393	blocked	6	4.09	BLOCKED: boundary substitution 'route_failure' (label 'playwright route interception failing that one write; every other read stays real') is not implemented; a label alo
atlas.json	case.beyond.capture_recover.recovered	op	blocked	2	3.92	BLOCKED: unresolved placeholder(s) ['meeting_id'] in the api step; nothing was sent. A `{name}` is filled by an earlier step's `capture_as`, never sent literally.	case.beyon
atlas.json	case.beyond.sweep_held_remote.receipt_resolved	op	pass	13	3.92	predicate: rows matching {'source_kind': 'pipeline_event', 'summary__prefix': '{"outcome": "held_remote_runs_on"'} at /api/desk/projections: before=0 after=1 (new=1; 
atlas.json	case.beyond.first_words_reload.retained_draft	1440	pass	7	3.77	predicate: 'one sentence' in the field value 'one sentence'	case.beyond.first_words_reload.retained_draft--1440/20260929T150053Z-case.beyond.first_words_reload.retain
atlas.json	case.beyond.first_words_reload.retained_draft	393	pass	8	3.86	predicate: 'one sentence' in the field value 'one sentence'	case.beyond.first_words_reload.retained_draft--393/20260929T150100Z-case.beyond.first_words_reload.retained
atlas.json	case.j6.route_intelligence_run.no_assignment	op	blocked	2	3.88	BLOCKED: headless mode refuses UI/face steps: no Page is opened	case.j6.route_intelligence_run.no_assignment--op/20260929T150104Z-case.j6.route_intelligence_run.no_as
atlas.json	case.j10.brief_item_shelf.refused	op	blocked	2	3.88	BLOCKED: headless mode refuses UI/face steps: no Page is opened	case.j10.brief_item_shelf.refused--op/20260929T150105Z-case.j10.brief_item_shelf.refused-muaddib-1440
atlas.json	case.beyond.sweep_held_remote.no_local_sweep	op	pass	3	3.89	predicate: last_sweep_at equals the declared value	case.beyond.sweep_held_remote.no_local_sweep--op/20260929T150107Z-case.beyond.sweep_held_remote.no_local_sweep-muaddib
atlas.json	case.beyond.projections_counts.needs_attention	op	pass	3	3.89	predicate: counts.needs_attention equals the declared value	case.beyond.projections_counts.needs_attention--op/20260929T150108Z-case.beyond.projections_counts.needs_at
atlas.json	case.beyond.projections_counts.unseen	op	pass	3	3.89	predicate: counts.unseen equals the declared value	case.beyond.projections_counts.unseen--op/20260929T150110Z-case.beyond.projections_counts.unseen-muaddib-1440
atlas.json	case.beyond.projections_counts.acknowledged	op	pass	3	3.89	predicate: counts.acknowledged equals the declared value	case.beyond.projections_counts.acknowledged--op/20260929T150111Z-case.beyond.projections_counts.acknowledged-muad
atlas.json	case.j4.record_only.no_speech_head	1440	blocked	6	3.97	BLOCKED: boundary substitution 'browser_audio_device' (label 'Synthetic architect meeting at a browser audio boundary. This rig has no microphone recorder; block without subs
atlas.json	case.j4.record_only.no_speech_head	393	blocked	6	3.97	BLOCKED: boundary substitution 'browser_audio_device' (label 'Synthetic architect meeting at a browser audio boundary. This rig has no microphone recorder; block without subst
atlas.json	case.j6.run_summary.summary_text	1440	pass	31	3.98	predicate: observe_at text is present	case.j6.run_summary.summary_text--1440/20260929T150118Z-case.j6.run_summary.summary_text-muaddib-1440
atlas.json	case.j6.run_summary.summary_text	393	pass	36	3.98	predicate: observe_at text is present	case.j6.run_summary.summary_text--393/20260929T150119Z-case.j6.run_summary.summary_text-muaddib-393
atlas.json	case.j6.run_summary.host_named	op	blocked	2	3.80	BLOCKED: headless mode refuses UI/face steps: no Page is opened	case.j6.run_summary.host_named--op/20260929T150150Z-case.j6.run_summary.host_named-muaddib-1440
atlas.json	case.j5.meeting_open.planned_host_disclosed	1440	pass	21	3.80	predicate: '192.168.1.43 · LAN' in observe_at text	case.j5.meeting_open.planned_host_disclosed--1440/20260929T150151Z-case.j5.meeting_open.planned_host_disclosed-muadd
atlas.json	case.j5.meeting_open.planned_host_disclosed	393	pass	22	3.65	predicate: '192.168.1.43 · LAN' in observe_at text	case.j5.meeting_open.planned_host_disclosed--393/20260929T150155Z-case.j5.meeting_open.planned_host_disclosed-muaddib
atlas.json	case.j6.run_summary.retrying	1440	blocked	0	3.74	NOTE: the case declares a provider replay at 'tests/fixtures/philo3_summary_failure_reply.json', but this run was requested with --engine 'none'; replay is installed only for an ex
atlas.json	case.j6.run_summary.retrying	393	blocked	0	3.74	NOTE: the case declares a provider replay at 'tests/fixtures/philo3_summary_failure_reply.json', but this run was requested with --engine 'none'; replay is installed only for an exp
atlas.json	case.j6.route_intelligence_run.refusal.op	op	pass	4	3.74	predicate: operation refused by name 'empty': Meeting has no transcript	case.j6.route_intelligence_run.refusal.op--op/20260929T150213Z-case.j6.route_intelligence_run.refusa
atlas.json	case.j6.route_intelligence_run.no_assignment.op	op	pass	13	3.74	predicate: operation refused by name 'route_unavailable': The summary route is not available.	case.j6.route_intelligence_run.no_assignment.op--op/20260929T150216Z-ca
atlas.json	case.j10.arrival_generate_again.same_day_idempotent.op	op	pass	3	3.52	predicate: id equals the declared value	case.j10.arrival_generate_again.same_day_idempotent.op--op/20260929T150217Z-case.j10.arrival_generate_again.same_day_id
atlas.json	case.j10.route_generate_again.same_day_same_id.op	op	pass	3	3.52	predicate: id equals the declared value	case.j10.route_generate_again.same_day_same_id.op--op/20260929T150220Z-case.j10.route_generate_again.same_day_same_id.op-mua
atlas.json	case.j10.brief_item_shelf.acknowledged.op	op	pass	3	3.32	predicate: /brief-item-95c9036e8a024763af2abec9df0e6992 equals the declared value	case.j10.brief_item_shelf.acknowledged.op--op/20260929T150223Z-case.j10.brief_item_shelf.a
atlas.json	case.j10.brief_item_shelf.deferred.op	op	pass	3	3.32	predicate: /brief-item-ddb73578cedf4945a40663cd6a3c3382 equals the declared value	case.j10.brief_item_shelf.deferred.op--op/20260929T150225Z-case.j10.brief_item_shelf.deferred.
atlas.json	case.j10.brief_item_shelf.refused.op	op	fail	34	3.21	predicate: refusal error 'Unknown shelf state: shelved' does not contain ["not one of ['acknowledged', 'deferred', None]"]	case.j10.brief_item_shelf.refused.op--op/20260929T150
atlas.json	case.philo603.toast.arrival	1440	blocked	0	3.21	NOTE: the case declares a provider replay at 'tests/fixtures/philo5_summary_reply.json', but this run was requested with --engine 'none'; replay is installed only for an explicit re
atlas.json	case.philo603.toast.arrival	393	blocked	0	3.21	NOTE: the case declares a provider replay at 'tests/fixtures/philo5_summary_reply.json', but this run was requested with --engine 'none'; replay is installed only for an explicit rep
atlas.json	case.philo603.toast.meetings_window	1440	blocked	0	3.21	NOTE: the case declares a provider replay at 'tests/fixtures/philo5_summary_reply.json', but this run was requested with --engine 'none'; replay is installed only for an exp
atlas.json	case.philo603.toast.meetings_window	393	blocked	0	3.21	NOTE: the case declares a provider replay at 'tests/fixtures/philo5_summary_reply.json', but this run was requested with --engine 'none'; replay is installed only for an expl
atlas.json	case.philo603.toast.floor_list	1440	blocked	0	3.21	NOTE: the case declares a provider replay at 'tests/fixtures/philo5_summary_reply.json', but this run was requested with --engine 'none'; replay is installed only for an explicit
atlas.json	case.philo603.toast.floor_list	393	blocked	0	3.21	NOTE: the case declares a provider replay at 'tests/fixtures/philo5_summary_reply.json', but this run was requested with --engine 'none'; replay is installed only for an explicit 
atlas.json	case.philo603.toast.floor_spatial_fallback	1440	blocked	0	3.21	NOTE: the case declares a provider replay at 'tests/fixtures/philo5_summary_reply.json', but this run was requested with --engine 'none'; replay is installed only for
atlas.json	case.philo603.toast.floor_spatial_fallback	393	blocked	0	3.21	NOTE: the case declares a provider replay at 'tests/fixtures/philo5_summary_reply.json', but this run was requested with --engine 'none'; replay is installed only for 
atlas-phase3.json	case.a1.decision_face_create.opens_and_reopens	1440	pass	13	3.21	predicate: POST /api/decisions answered 400, wanted 400 (body sha256 dc0a2e880ceb); response body contains the declared admission facts	case.a1.decision_face
atlas-phase3.json	case.a1.decision_face_create.opens_and_reopens	393	pass	14	3.10	predicate: POST /api/decisions answered 400, wanted 400 (body sha256 9901e1520658); response body contains the declared admission facts	case.a1.decision_face_
atlas-phase3.json	case.a1.decision_face_create.failure_named	1440	pass	11	3.10	predicate: POST /api/decisions answered 201, wanted 201 (body sha256 5d94ef48e83e); response body contains the declared admission facts	case.a1.decision_face_cre
atlas-phase3.json	case.a1.decision_face_create.failure_named	393	pass	11	3.58	predicate: POST /api/decisions answered 201, wanted 201 (body sha256 13c5c9fb582e); response body contains the declared admission facts	case.a1.decision_face_crea
atlas-phase3.json	case.a1.decisions_read.failure_named	1440	pass	11	3.77	predicate: 'READ DECISIONS FAILED' absent at observe_at	case.a1.decisions_read.failure_named--1440/20260929T150249Z-case.a1.decisions_read.failure_named-muaddib-1440
atlas-phase3.json	case.a1.decisions_read.failure_named	393	pass	11	3.77	predicate: 'READ DECISIONS FAILED' absent at observe_at	case.a1.decisions_read.failure_named--393/20260929T150252Z-case.a1.decisions_read.failure_named-muaddib-393
atlas-phase3.json	case.j11.thought_keep.receipt_time	1440	pass	11	3.63	predicate: 'KEPT ·' in observe_at text	case.j11.thought_keep.receipt_time--1440/20260929T150255Z-case.j11.thought_keep.receipt_time-muaddib-1440
atlas-phase3.json	case.j11.thought_keep.receipt_time	393	pass	12	3.82	predicate: 'KEPT ·' in observe_at text	case.j11.thought_keep.receipt_time--393/20260929T150300Z-case.j11.thought_keep.receipt_time-muaddib-393
atlas-phase3.json	case.a3.brief_next_day.decision_on_the_face	1440	pass	11	3.99	predicate: 'Review decision: Graph walk next-day decision A3' in observe_at text	case.a3.brief_next_day.decision_on_the_face--1440/20260929T150302Z-case.a3.brie
atlas-phase3.json	case.a3.brief_next_day.decision_on_the_face	393	pass	11	3.99	predicate: 'Review decision: Graph walk next-day decision A3' in observe_at text	case.a3.brief_next_day.decision_on_the_face--393/20260929T150302Z-case.a3.brief_
atlas-phase3.json	case.a3.brief_next_day.new_id_with_the_decision	1440	pass	11	3.99	predicate: POST /api/brief/generate answered 200, wanted 200 (body sha256 82f07f061137); 'brief-572929897b154ecda591e3cf102093c0' not in the response body; 
atlas-phase3.json	case.a3.brief_next_day.new_id_with_the_decision	393	pass	11	4.31	predicate: POST /api/brief/generate answered 200, wanted 200 (body sha256 01865cff0c44); 'brief-afcaa9f40bdc4e3d9e16253a74baaa8c' not in the response body; r
atlas-phase3.json	case.a3.brief_load_failure.named_with_retry	1440	pass	11	4.37	predicate: 'No brief yet' in observe_at text	case.a3.brief_load_failure.named_with_retry--1440/20260929T150313Z-case.a3.brief_load_failure.named_with_retry-muad
atlas-phase3.json	case.a3.brief_load_failure.named_with_retry	393	pass	11	4.37	predicate: 'No brief yet' in observe_at text	case.a3.brief_load_failure.named_with_retry--393/20260929T150313Z-case.a3.brief_load_failure.named_with_retry-muaddi
atlas-phase3.json	case.closure.chain.s1_import_complete	1440	pass	20	4.37	predicate: /meetings/0/id equals the declared value	case.closure.chain.s1_import_complete--1440/20260929T150317Z-case.closure.chain.s1_import_complete-muaddib-1440
atlas-phase3.json	case.closure.chain.s1_import_complete	393	pass	28	4.92	predicate: /meetings/0/id equals the declared value	case.closure.chain.s1_import_complete--393/20260929T150322Z-case.closure.chain.s1_import_complete-muaddib-393
atlas-phase3.json	case.closure.chain.s2_summary_with_host	1440	pass	35	4.92	predicate: '192.168.1.43' in observe_at text	case.closure.chain.s2_summary_with_host--1440/20260929T150324Z-case.closure.chain.s2_summary_with_host-muaddib-1440
atlas-phase3.json	case.closure.chain.s2_summary_with_host	393	pass	31	4.92	predicate: '192.168.1.43' in observe_at text	case.closure.chain.s2_summary_with_host--393/20260929T150324Z-case.closure.chain.s2_summary_with_host-muaddib-393
atlas-phase3.json	case.closure.chain.s3_same_summary_after_restart	1440	pass	33	4.70	predicate: observe_at text is 'The Synthetic Architect Meeting concluded with three decisions: Mayyachan to write a migration plan by Friday, Leo Martinez 
atlas-phase3.json	case.closure.chain.s3_same_summary_after_restart	393	pass	34	4.35	predicate: observe_at text is 'The meeting covered three decisions: using SQ for the local ledger with Mayyachan writing a migration plan by Friday, Leo Mar
atlas-phase3.json	case.closure.chain.s4_decision_recorded	1440	pass	39	4.16	predicate: /decisions/0/title equals the declared value	case.closure.chain.s4_decision_recorded--1440/20260929T150355Z-case.closure.chain.s4_decision_recorded-muadd
atlas-phase3.json	case.closure.chain.s4_decision_recorded	393	pass	42	4.15	predicate: /decisions/0/title equals the declared value	case.closure.chain.s4_decision_recorded--393/20260929T150359Z-case.closure.chain.s4_decision_recorded-muaddib
atlas-phase3.json	case.philo404.arrival_triaged_headline.all_handled	1440	pass	11	4.28	predicate: 'ALL 2 HANDLED' is readable in viewport {'width': 1440, 'height': 900} with rect {'x': 256, 'y': 364, 'w': 928, 'h': 18}	case.philo404.arrival
atlas-phase3.json	case.philo404.arrival_triaged_headline.all_handled	393	pass	11	5.16	predicate: 'ALL 2 HANDLED' is readable in viewport {'width': 393, 'height': 852} with rect {'x': 12, 'y': 371, 'w': 369, 'h': 18}	case.philo404.arrival_tr
atlas-phase3.json	case.closure.chain.s5_next_day_brief_has_it	1440	pass	36	4.98	predicate: 'Review decision: Keep summary retrieval on the local desk' is readable in viewport {'width': 1440, 'height': 900} with rect {'x': 256, 'y': 359, 'w'
atlas-phase3.json	case.closure.chain.s5_next_day_brief_has_it	393	pass	38	5.74	predicate: 'Review decision: Keep summary retrieval on the local desk' is readable in viewport {'width': 393, 'height': 852} with rect {'x': 12, 'y': 356, 'w': 3
atlas-phase3.json	case.closure.chain.s5_next_day_brief_after_triage	1440	pass	46	5.74	predicate: 'Review decision: Keep summary retrieval on the local desk' in observe_at text	case.closure.chain.s5_next_day_brief_after_triage--1440/20260929
atlas-phase3.json	case.closure.chain.s5_next_day_brief_after_triage	393	pass	47	5.84	predicate: 'Review decision: Keep summary retrieval on the local desk' in observe_at text	case.closure.chain.s5_next_day_brief_after_triage--393/20260929T1
atlas-phase3.json	case.closure.chain.s5_next_day_brief_more_opened	1440	blocked	48	5.15	BLOCKED: ui step wait_for on '[data-testid=arrival-brief-more]' failed: TimeoutError: Locator.wait_for: Timeout 10000ms exceeded.	case.closure.chain.s5_
atlas-phase3.json	case.closure.chain.s5_next_day_brief_more_opened	393	blocked	47	4.98	BLOCKED: ui step wait_for on '[data-testid=arrival-brief-more]' failed: TimeoutError: Locator.wait_for: Timeout 10000ms exceeded.	case.closure.chain.s5_n
atlas-phase3.json	case.closure.chain.s5_next_day_brief_with_breakage	1440	pass	36	5.21	predicate: 'Review decision: Keep summary retrieval on the local desk' is readable in viewport {'width': 1440, 'height': 900} with rect {'x': 256, 'y': 4
atlas-phase3.json	case.closure.chain.s5_next_day_brief_with_breakage	393	pass	36	5.51	predicate: 'Review decision: Keep summary retrieval on the local desk' is readable in viewport {'width': 393, 'height': 852} with rect {'x': 12, 'y': 356,
atlas-phase3.json	case.closure.chain.s1_import_complete.op	op	pass	12	5.30	predicate: transcription_status equals the declared value	case.closure.chain.s1_import_complete.op--op/20260929T150549Z-case.closure.chain.s1_import_complete.op-muad
atlas-phase3.json	case.closure.chain.s2_summary_with_host.op	op	pass	23	5.03	predicate: intel.summary is non-empty	case.closure.chain.s2_summary_with_host.op--op/20260929T150556Z-case.closure.chain.s2_summary_with_host.op-muaddib-1440
atlas-phase3.json	case.closure.chain.s3_same_summary_after_restart.op	op	pass	31	5.19	predicate: intel.summary is non-empty	case.closure.chain.s3_same_summary_after_restart.op--op/20260929T150557Z-case.closure.chain.s3_same_summary_after_re
atlas-phase3.json	case.closure.chain.s4_decision_recorded.op	op	pass	34	5.19	predicate: title equals the declared value	case.closure.chain.s4_decision_recorded.op--op/20260929T150601Z-case.closure.chain.s4_decision_recorded.op-muaddib-1440
atlas-phase3.json	case.a1.decision_face_create.opens_and_reopens.op	op	pass	3	5.10	predicate: operation refused by name 'mcp_refused': invalid decision status: bogus	case.a1.decision_face_create.opens_and_reopens.op--op/20260929T150603Z-cas
atlas-phase3.json	case.a3.brief_next_day.decision_on_the_face.op	op	pass	3	5.10	predicate: sections.decisions is non-empty	case.a3.brief_next_day.decision_on_the_face.op--op/20260929T150606Z-case.a3.brief_next_day.decision_on_the_face.op-mu
atlas-phase3.json	case.a3.brief_next_day.new_id_with_the_decision.op	op	pass	3	4.85	predicate: sections.decisions is non-empty	case.a3.brief_next_day.new_id_with_the_decision.op--op/20260929T150609Z-case.a3.brief_next_day.new_id_with_the_de
atlas-phase3.json	case.closure.chain.s5_next_day_brief_has_it.op	op	pass	30	4.85	predicate: sections.decisions is non-empty	case.closure.chain.s5_next_day_brief_has_it.op--op/20260929T150611Z-case.closure.chain.s5_next_day_brief_has_it.op-m
atlas-phase3.json	case.closure.chain.s5_next_day_brief_with_breakage.op	op	pass	27	4.63	predicate: sections.decisions is non-empty	case.closure.chain.s5_next_day_brief_with_breakage.op--op/20260929T150619Z-case.closure.chain.s5_next_day_bri
atlas-phase3.json	case.philo404.arrival_triaged_headline.all_handled.op	op	pass	3	4.67	predicate: /brief-item-1523727820614c598be63c38ec37cf93 equals the declared value	case.philo404.arrival_triaged_headline.all_handled.op--op/20260929T1506
atlas-phase3.json	case.j11.thought_keep.receipt_time.op	op	pass	3	4.67	predicate: thought.working_note.body_markdown equals the declared value	case.j11.thought_keep.receipt_time.op--op/20260929T150631Z-case.j11.thought_keep.receipt_time.op-
atlas-phase3.json	case.closure.chain.s2_summary_with_host.op.replayed	op	blocked	0	4.78	NOTE: the case declares a provider replay at 'tests/fixtures/philo5_summary_reply.json', but this run was requested with --engine 'none'; replay is inst
atlas-phase3.json	case.closure.chain.s3_same_summary_after_restart.op.replayed	op	blocked	0	4.78	NOTE: the case declares a provider replay at 'tests/fixtures/philo5_summary_reply.json', but this run was requested with --engine 'none'; repla
atlas-phase3.json	case.closure.chain.s2_summary_with_host.replayed	1440	blocked	0	4.78	NOTE: the case declares a provider replay at 'tests/fixtures/philo5_summary_reply.json', but this run was requested with --engine 'none'; replay is insta
atlas-phase3.json	case.closure.chain.s2_summary_with_host.replayed	393	blocked	0	4.78	NOTE: the case declares a provider replay at 'tests/fixtures/philo5_summary_reply.json', but this run was requested with --engine 'none'; replay is instal
atlas-phase3.json	case.closure.chain.s3_same_summary_after_restart.replayed	1440	blocked	0	4.78	NOTE: the case declares a provider replay at 'tests/fixtures/philo5_summary_reply.json', but this run was requested with --engine 'none'; replay
atlas-phase3.json	case.closure.chain.s3_same_summary_after_restart.replayed	393	blocked	0	4.78	NOTE: the case declares a provider replay at 'tests/fixtures/philo5_summary_reply.json', but this run was requested with --engine 'none'; replay 
atlas-phase3.json	case.closure.chain.s4_saved_content	1440	pass	37	4.78	predicate: 'Keep summary retrieval on the local desk' is readable in viewport {'width': 1440, 'height': 900} with rect {'x': 1037, 'y': 219, 'w': 370, 'h': 82}	case.clo
atlas-phase3.json	case.closure.chain.s4_saved_content	393	pass	42	4.78	predicate: 'Keep summary retrieval on the local desk' is readable in viewport {'width': 393, 'height': 852} with rect {'x': 15, 'y': 479, 'w': 363, 'h': 82}	case.closure
atlas-phase3.json	case.philo504.decision_missing.refusal	1440	pass	9	4.64	predicate: GET /api/decisions/philo504-deliberately-absent answered 404, wanted 404 (body sha256 e96c1febd835); response body contains the declared admission facts	ca
atlas-phase3.json	case.philo504.decision_missing.refusal	393	pass	9	4.99	predicate: GET /api/decisions/philo504-deliberately-absent answered 404, wanted 404 (body sha256 e96c1febd835); response body contains the declared admission facts	cas
atlas-phase3.json	case.philo504.decision_missing.refusal.op	op	pass	3	4.83	predicate: operation refused by name 'not_found': Unknown decision: philo504-deliberately-absent	case.philo504.decision_missing.refusal.op--op/20260929T150650Z-case.
atlas-phase3.json	case.philo601.import_failed.badge	1440	pass	9	4.68	predicate: 'IMPORT' is readable in viewport {'width': 1440, 'height': 900} with rect {'x': 306, 'y': 450, 'w': 48, 'h': 16}	case.philo601.import_failed.badge--1440/2026092
atlas-phase3.json	case.philo601.import_failed.badge	393	pass	10	4.68	predicate: 'IMPORT' is readable in viewport {'width': 393, 'height': 852} with rect {'x': 22, 'y': 361, 'w': 48, 'h': 16}	case.philo601.import_failed.badge--393/20260929T1
atlas-phase3.json	case.philo602.brief_more.destination	1440	pass	10	4.79	predicate: 'Service.' absent at observe_at	case.philo602.brief_more.destination--1440/20260929T150702Z-case.philo602.brief_more.destination-muaddib-1440
atlas-phase3.json	case.philo602.brief_more.destination	393	pass	9	6.89	predicate: 'Service.' absent at observe_at	case.philo602.brief_more.destination--393/20260929T150706Z-case.philo602.brief_more.destination-muaddib-393
TOTAL 194 runs: 109 pass, 85 not pass
retained: 194 rows, 194 run directories, 194 observations -> pm/roadmap/holdspeak-philo/phase-10-the-channels/assets/story-05-shots/base-merged
rig exit 1; retain exit 0
=== base exit 1 15:07:17Z
=== red 15:07:17Z
HEAD = dce3afa91ff636a3cb6c571343bc637fcac97034; load { 7.65 6.55 7.86 }
product: the export at /Users/karol/dev/tools/wt-philo-10-05/.tmp/main-98ea2cfa
✓ built in 4.38s
42 runs, 4 at a time; out /Users/karol/dev/tools/wt-philo-10-05/.tmp/p10s05/red-98ea2cfa
atlas-phase10.json	case.p10.send.no_destination	1440	fail	43	7.65	predicate: all_of part readable_text: the named text scope is absent or hidden	case.p10.send.no_destination--1440/20260929T150722Z-case.p10.send.no_destination-muaddib-1440
atlas-phase10.json	case.p10.send.no_destination	393	fail	43	7.65	predicate: all_of part readable_text: the named text scope is absent or hidden	case.p10.send.no_destination--393/20260929T150722Z-case.p10.send.no_destination-muaddib-393
atlas-phase10.json	case.p10.send.destinations_listed	1440	error	1	7.65	ModuleNotFoundError: No module named 'holdspeak.services.channel_cli'	case.p10.send.destinations_listed--1440/20260929T150722Z-case.p10.send.destinations_listed-muaddib-
atlas-phase10.json	case.p10.send.destinations_listed	393	error	1	7.65	ModuleNotFoundError: No module named 'holdspeak.services.channel_cli'	case.p10.send.destinations_listed--393/20260929T150722Z-case.p10.send.destinations_listed-muaddib-39
atlas-phase10.json	case.p10.send.destinations_listed.op	op	error	1	14.32	ModuleNotFoundError: No module named 'holdspeak.services.channel_cli'	case.p10.send.destinations_listed.op--op/20260929T150723Z-case.p10.send.destinations_listed.op-mu
atlas-phase10.json	case.p10.send.destination_picked	1440	blocked	6	14.32	BLOCKED: POST /api/channels/destinations answered 404, wanted 200: {"detail":"Not Found"}	case.p10.send.destination_picked--1440/20260929T150723Z-case.p10.send.destina
atlas-phase10.json	case.p10.send.destination_picked	393	blocked	7	14.32	BLOCKED: POST /api/channels/destinations answered 404, wanted 200: {"detail":"Not Found"}	case.p10.send.destination_picked--393/20260929T150724Z-case.p10.send.destinati
atlas-phase10.json	case.p10.send.sending	1440	error	1	13.90	ModuleNotFoundError: No module named 'holdspeak.services.channel_cli'	case.p10.send.sending--1440/20260929T150729Z-case.p10.send.sending-muaddib-1440
atlas-phase10.json	case.p10.send.sending	393	error	1	13.90	ModuleNotFoundError: No module named 'holdspeak.services.channel_cli'	case.p10.send.sending--393/20260929T150730Z-case.p10.send.sending-muaddib-393
atlas-phase10.json	case.p10.send.sent	1440	blocked	6	13.90	BLOCKED: POST /api/channels/destinations answered 404, wanted 200: {"detail":"Not Found"}	case.p10.send.sent--1440/20260929T150731Z-case.p10.send.sent-muaddib-1440
atlas-phase10.json	case.p10.send.sent	393	blocked	6	13.90	BLOCKED: POST /api/channels/destinations answered 404, wanted 200: {"detail":"Not Found"}	case.p10.send.sent--393/20260929T150731Z-case.p10.send.sent-muaddib-393
atlas-phase10.json	case.p10.send.sent.op	op	blocked	2	13.57	BLOCKED: capture_as 'dest_id': no value at 'destination.id' in the decoded response of operation 'channel.save_destination'	case.p10.send.sent.op--op/20260929T150737Z-case.p10.send
atlas-phase10.json	case.p10.send.github_posted	1440	error	1	13.57	ModuleNotFoundError: No module named 'holdspeak.services.channel_cli'	case.p10.send.github_posted--1440/20260929T150737Z-case.p10.send.github_posted-muaddib-1440
atlas-phase10.json	case.p10.send.github_posted	393	error	1	13.57	ModuleNotFoundError: No module named 'holdspeak.services.channel_cli'	case.p10.send.github_posted--393/20260929T150738Z-case.p10.send.github_posted-muaddib-393
atlas-phase10.json	case.p10.send.github_posted.op	op	error	1	13.57	ModuleNotFoundError: No module named 'holdspeak.services.channel_cli'	case.p10.send.github_posted.op--op/20260929T150739Z-case.p10.send.github_posted.op-muaddib-1440
atlas-phase10.json	case.p10.send.refused	1440	blocked	6	13.57	BLOCKED: POST /api/channels/destinations answered 404, wanted 200: {"detail":"Not Found"}	case.p10.send.refused--1440/20260929T150739Z-case.p10.send.refused-muaddib-1440
atlas-phase10.json	case.p10.send.refused	393	blocked	6	13.57	BLOCKED: POST /api/channels/destinations answered 404, wanted 200: {"detail":"Not Found"}	case.p10.send.refused--393/20260929T150740Z-case.p10.send.refused-muaddib-393
atlas-phase10.json	case.p10.send.refused.op	op	blocked	2	12.72	BLOCKED: capture_as 'dest_id': no value at 'destination.id' in the decoded response of operation 'channel.save_destination'	case.p10.send.refused.op--op/20260929T150745Z-case.p1
atlas-phase10.json	case.p10.send.failed	1440	error	1	12.72	ModuleNotFoundError: No module named 'holdspeak.services.channel_cli'	case.p10.send.failed--1440/20260929T150745Z-case.p10.send.failed-muaddib-1440
atlas-phase10.json	case.p10.send.failed	393	error	1	12.72	ModuleNotFoundError: No module named 'holdspeak.services.channel_cli'	case.p10.send.failed--393/20260929T150746Z-case.p10.send.failed-muaddib-393
atlas-phase10.json	case.p10.send.failed.op	op	error	1	12.72	ModuleNotFoundError: No module named 'holdspeak.services.channel_cli'	case.p10.send.failed.op--op/20260929T150747Z-case.p10.send.failed.op-muaddib-1440
atlas-phase10.json	case.p10.send.unknown	1440	error	1	12.72	ModuleNotFoundError: No module named 'holdspeak.services.channel_cli'	case.p10.send.unknown--1440/20260929T150747Z-case.p10.send.unknown-muaddib-1440
atlas-phase10.json	case.p10.send.unknown	393	error	1	11.86	ModuleNotFoundError: No module named 'holdspeak.services.channel_cli'	case.p10.send.unknown--393/20260929T150748Z-case.p10.send.unknown-muaddib-393
atlas-phase10.json	case.p10.send.unknown.op	op	error	1	11.86	ModuleNotFoundError: No module named 'holdspeak.services.channel_cli'	case.p10.send.unknown.op--op/20260929T150748Z-case.p10.send.unknown.op-muaddib-1440
atlas-phase10.json	case.p10.send.unknown_after_restart	1440	error	1	11.86	ModuleNotFoundError: No module named 'holdspeak.services.channel_cli'	case.p10.send.unknown_after_restart--1440/20260929T150748Z-case.p10.send.unknown_after_restart-m
atlas-phase10.json	case.p10.send.unknown_after_restart	393	error	1	11.86	ModuleNotFoundError: No module named 'holdspeak.services.channel_cli'	case.p10.send.unknown_after_restart--393/20260929T150748Z-case.p10.send.unknown_after_restart-mua
atlas-phase10.json	case.p10.send.destination_changed	1440	blocked	6	11.86	BLOCKED: POST /api/channels/destinations answered 404, wanted 200: {"detail":"Not Found"}	case.p10.send.destination_changed--1440/20260929T150749Z-case.p10.send.desti
atlas-phase10.json	case.p10.send.destination_changed	393	blocked	6	11.86	BLOCKED: POST /api/channels/destinations answered 404, wanted 200: {"detail":"Not Found"}	case.p10.send.destination_changed--393/20260929T150749Z-case.p10.send.destina
atlas-phase10.json	case.p10.send.destination_changed.op	op	blocked	2	11.15	BLOCKED: capture_as 'dest_id': no value at 'destination.id' in the decoded response of operation 'channel.save_destination'	case.p10.send.destination_changed.op--op/
atlas-phase10.json	case.p10.send.prepared	1440	blocked	6	11.15	BLOCKED: POST /api/channels/destinations answered 404, wanted 200: {"detail":"Not Found"}	case.p10.send.prepared--1440/20260929T150755Z-case.p10.send.prepared-muaddib-1440
atlas-phase10.json	case.p10.send.prepared	393	blocked	6	11.15	BLOCKED: POST /api/channels/destinations answered 404, wanted 200: {"detail":"Not Found"}	case.p10.send.prepared--393/20260929T150757Z-case.p10.send.prepared-muaddib-393
atlas-phase10.json	case.p10.send.prepared.op	op	blocked	2	10.58	BLOCKED: capture_as 'dest_id': no value at 'destination.id' in the decoded response of operation 'channel.save_destination'	case.p10.send.prepared.op--op/20260929T150801Z-case.
atlas-phase10.json	case.p10.send.several	1440	blocked	6	9.81	BLOCKED: POST /api/channels/destinations answered 404, wanted 200: {"detail":"Not Found"}	case.p10.send.several--1440/20260929T150803Z-case.p10.send.several-muaddib-1440
atlas-phase10.json	case.p10.send.several	393	blocked	6	9.81	BLOCKED: POST /api/channels/destinations answered 404, wanted 200: {"detail":"Not Found"}	case.p10.send.several--393/20260929T150803Z-case.p10.send.several-muaddib-393
atlas-phase10.json	case.p10.send.several.op	op	blocked	2	9.81	BLOCKED: capture_as 'dest_id': no value at 'destination.id' in the decoded response of operation 'channel.save_destination'	case.p10.send.several.op--op/20260929T150805Z-case.p10
atlas-phase10.json	case.p10.send.discard_after_send	1440	blocked	6	9.81	BLOCKED: POST /api/channels/destinations answered 404, wanted 200: {"detail":"Not Found"}	case.p10.send.discard_after_send--1440/20260929T150805Z-case.p10.send.discard_
atlas-phase10.json	case.p10.send.discard_after_send	393	blocked	6	9.99	BLOCKED: POST /api/channels/destinations answered 404, wanted 200: {"detail":"Not Found"}	case.p10.send.discard_after_send--393/20260929T150807Z-case.p10.send.discard_af
atlas-phase10.json	case.p10.send.discard_after_send.op	op	blocked	2	9.99	BLOCKED: capture_as 'dest_id': no value at 'destination.id' in the decoded response of operation 'channel.save_destination'	case.p10.send.discard_after_send.op--op/202
atlas-phase10.json	case.p10.send.send_after_discard.op	op	blocked	2	9.99	BLOCKED: capture_as 'dest_id': no value at 'destination.id' in the decoded response of operation 'channel.save_destination'	case.p10.send.send_after_discard.op--op/202
atlas-phase10.json	case.p10.send.replay_same_key.op	op	error	1	9.99	ModuleNotFoundError: No module named 'holdspeak.services.channel_cli'	case.p10.send.replay_same_key.op--op/20260929T150810Z-case.p10.send.replay_same_key.op-muaddib-1440
atlas-phase10.json	case.p10.send.receipt_after_return	1440	blocked	6	9.99	BLOCKED: POST /api/channels/destinations answered 404, wanted 200: {"detail":"Not Found"}	case.p10.send.receipt_after_return--1440/20260929T150810Z-case.p10.send.rece
atlas-phase10.json	case.p10.send.receipt_after_return	393	blocked	6	9.99	BLOCKED: POST /api/channels/destinations answered 404, wanted 200: {"detail":"Not Found"}	case.p10.send.receipt_after_return--393/20260929T150811Z-case.p10.send.receip
TOTAL 42 runs: 0 pass, 42 not pass
RETENTION REFUSED: case.p10.send.destinations_listed--1440/20260929T150722Z-case.p10.send.destinations_listed-muaddib-1440: observation says case.p10.send.destinations_listed not_run, the row case.p10.send.destinations_listed error
rig exit 1; retain exit 1
=== red exit 1 15:08:17Z
=== p789-before 15:08:17Z
HEAD = dce3afa91ff636a3cb6c571343bc637fcac97034; load { 9.59 7.67 8.22 }
product: the export at /Users/karol/dev/tools/wt-philo-10-05/.tmp/main-dce3afa9
✓ built in 4.32s
97 runs, 4 at a time; out /Users/karol/dev/tools/wt-philo-10-05/.tmp/p10s05/p789-dce3afa9
atlas-phase7.json	case.p7.zone_create.visible	1440	pass	25	8.98	predicate: 'Atlas zone' is readable in viewport {'width': 1440, 'height': 900} with rect {'x': 1031, 'y': 96, 'w': 382, 'h': 26}	case.p7.zone_create.visible--1440/20260929T1508
atlas-phase7.json	case.p7.zone_create.visible	393	pass	26	8.98	predicate: 'Atlas zone' is readable in viewport {'width': 393, 'height': 852} with rect {'x': 15, 'y': 74, 'w': 363, 'h': 26}	case.p7.zone_create.visible--393/20260929T150821Z-c
atlas-phase7.json	case.p7.zone_file.note_in_zone	1440	pass	13	8.98	predicate: 'Filed · Atlas zone' is readable in viewport {'width': 1440, 'height': 900} with rect {'x': 1055, 'y': 161, 'w': 98, 'h': 18}	case.p7.zone_file.note_in_zone--1440
atlas-phase7.json	case.p7.zone_file.note_in_zone	393	pass	13	8.98	predicate: 'Filed · Atlas zone' is readable in viewport {'width': 393, 'height': 852} with rect {'x': 33, 'y': 403, 'w': 98, 'h': 18}	case.p7.zone_file.note_in_zone--393/2026
atlas-phase7.json	case.p7.zone_file.refile_moves	1440	pass	15	8.29	predicate: 'Filed · Atlas zone B' is readable in viewport {'width': 1440, 'height': 900} with rect {'x': 1055, 'y': 161, 'w': 109, 'h': 18}	case.p7.zone_file.refile_moves--1
atlas-phase7.json	case.p7.zone_file.refile_moves	393	pass	15	8.29	predicate: 'Filed · Atlas zone B' is readable in viewport {'width': 393, 'height': 852} with rect {'x': 33, 'y': 403, 'w': 109, 'h': 18}	case.p7.zone_file.refile_moves--393/2
atlas-phase7.json	case.p7.zone_unfile.note_leaves	1440	pass	12	11.32	predicate: '+ Atlas zone' is readable in viewport {'width': 1440, 'height': 900} with rect {'x': 1045, 'y': 189, 'w': 354, 'h': 170}	case.p7.zone_unfile.note_leaves--1440/
atlas-phase7.json	case.p7.zone_unfile.note_leaves	393	pass	11	11.06	predicate: '+ Atlas zone' is readable in viewport {'width': 393, 'height': 852} with rect {'x': 23, 'y': 431, 'w': 347, 'h': 170}	case.p7.zone_unfile.note_leaves--393/20260
atlas-phase7.json	case.p7.kb_create.visible	1440	pass	13	11.06	predicate: 'New Knowledge' is readable in viewport {'width': 1440, 'height': 900} with rect {'x': 1031, 'y': 145, 'w': 382, 'h': 26}	case.p7.kb_create.visible--1440/20260929T150
atlas-phase7.json	case.p7.kb_create.visible	393	pass	12	11.06	predicate: 'New Knowledge' is readable in viewport {'width': 393, 'height': 852} with rect {'x': 15, 'y': 123, 'w': 363, 'h': 26}	case.p7.kb_create.visible--393/20260929T150850Z-
atlas-phase7.json	case.p7.kb_member.add_and_remove	1440	pass	12	10.57	predicate: '+ Atlas knowledge' is readable in viewport {'width': 1440, 'height': 900} with rect {'x': 1045, 'y': 189, 'w': 354, 'h': 137}	case.p7.kb_member.add_and_remove
atlas-phase7.json	case.p7.kb_member.add_and_remove	393	pass	12	10.57	predicate: '+ Atlas knowledge' is readable in viewport {'width': 393, 'height': 852} with rect {'x': 23, 'y': 464, 'w': 347, 'h': 137}	case.p7.kb_member.add_and_remove--39
atlas-phase7.json	case.p7.decision_status.review_list	1440	pass	14	10.57	predicate: 'Review decision: Atlas review decision' is readable in viewport {'width': 1440, 'height': 900} with rect {'x': 256, 'y': 302, 'w': 928, 'h': 54}	case.p7.de
atlas-phase7.json	case.p7.decision_status.review_list	393	pass	12	10.37	predicate: 'Review decision: Atlas review decision' is readable in viewport {'width': 393, 'height': 852} with rect {'x': 12, 'y': 383, 'w': 369, 'h': 103}	case.p7.deci
atlas-phase7.json	case.p7.decision_supersede.successor_visible	1440	pass	11	10.18	predicate: 'Supersedes Atlas old decision' is readable in viewport {'width': 1440, 'height': 900} with rect {'x': 1037, 'y': 117, 'w': 370, 'h': 56}	case.p7.d
atlas-phase7.json	case.p7.decision_supersede.successor_visible	393	pass	10	10.18	predicate: 'Supersedes Atlas old decision' is readable in viewport {'width': 393, 'height': 852} with rect {'x': 15, 'y': 449, 'w': 363, 'h': 112}	case.p7.deci
atlas-phase7.json	case.p7.decision_delete.gone	1440	pass	42	9.60	predicate: 'Removal committed' is readable in viewport {'width': 1440, 'height': 900} with rect {'x': 651, 'y': 748, 'w': 138, 'h': 27}	case.p7.decision_delete.gone--1440/2026
atlas-phase7.json	case.p7.decision_delete.gone	393	pass	31	9.60	predicate: 'Removal committed' is readable in viewport {'width': 393, 'height': 852} with rect {'x': 127, 'y': 628, 'w': 138, 'h': 27}	case.p7.decision_delete.gone--393/2026092
atlas-phase7.json	case.p7.zone_create.visible.op	op	pass	3	9.71	predicate: all 5 facts hold: observe_at directory.id holds; observe_at directory.name holds; observe_at directory.parent_id holds; op read #0 (zone.list) <root> holds; the trig
atlas-phase7.json	case.p7.zone_file.note_in_zone.op	op	pass	3	9.71	predicate: all 10 facts hold: observe_at <root> holds; observe_at <root> holds; op read #0 (kernel.receipt.read) objects.0.receipt.operation_id holds; op read #0 (kernel.rec
atlas-phase7.json	case.p7.zone_file.refile_moves.op	op	pass	4	9.26	predicate: all 16 facts hold: observe_at <root> holds; op read #0 (zone.members) <root> holds; op read #1 (kernel.receipt.read) objects.0.receipt.operation_id holds; op read
atlas-phase7.json	case.p7.zone_unfile.note_leaves.op	op	pass	3	9.26	predicate: all 17 facts hold: observe_at <root> holds; observe_at <root> holds; op read #0 (kernel.receipt.read) objects.0.receipt.operation_id holds; op read #0 (kernel.re
atlas-phase7.json	case.p7.kb_create.visible.op	op	pass	3	9.26	predicate: all 4 facts hold: observe_at id holds; observe_at name holds; op read #0 (kb.list) <root> holds; the trigger operation_id is absent	case.p7.kb_create.visible.op--op/20
atlas-phase7.json	case.p7.kb_member.add_and_remove.op	op	pass	3	9.72	predicate: all 15 facts hold: observe_at <root> holds; op read #0 (kernel.receipt.read) objects.0.receipt.operation_id holds; op read #0 (kernel.receipt.read) objects.0.op
atlas-phase7.json	case.p7.decision_status.review_list.op	op	pass	3	9.72	predicate: all 9 facts hold: observe_at status holds; observe_at id holds; op read #0 (kernel.receipt.read) objects.0.receipt.operation_id holds; op read #0 (kernel.rec
atlas-phase7.json	case.p7.decision_supersede.successor_visible.op	op	pass	4	9.72	predicate: all 6 facts hold: observe_at status holds; observe_at superseded_by holds; op read #0 (decision.read) id holds; op read #0 (decision.read) deleted h
atlas-phase7.json	case.p7.decision_supersede.receipt.op	op	pass	4	10.46	predicate: all 9 facts hold: observe_at objects.0.receipt.operation_id holds; observe_at objects.0.operation.name holds; observe_at objects.0.receipt.state holds; obser
atlas-phase7.json	case.p7.decision_delete.gone.op	op	pass	3	10.46	predicate: all 9 facts hold: observe_at <root> holds; op read #0 (decision.read) error holds; op read #1 (kernel.receipt.read) objects.0.receipt.operation_id holds; op read #
atlas-phase7.json	case.p7.decision_create.receipt.op	op	pass	4	10.46	predicate: all 7 facts hold: observe_at objects.0.receipt.operation_id holds; observe_at objects.0.operation.name holds; observe_at objects.0.receipt.state holds; observe_
atlas-phase7.json	case.p7.zone_file.refused_unknown_zone.op	op	pass	4	11.70	predicate: all 8 facts hold: the trigger error holds; observe_at objects.0.receipt.operation_id holds; observe_at objects.0.receipt.state holds; observe_at objects.
atlas-phase7.json	case.p7.kb_member.refused_bad_ref.op	op	pass	4	11.70	predicate: all 8 facts hold: the trigger error holds; observe_at objects.0.receipt.operation_id holds; observe_at objects.0.receipt.state holds; observe_at objects.0.rec
atlas-phase7.json	case.p7.decision_status.refused_invalid.op	op	pass	4	13.09	predicate: all 8 facts hold: the trigger error holds; observe_at objects.0.receipt.operation_id holds; observe_at objects.0.receipt.state holds; observe_at objects
atlas-phase7.json	case.p7.decision_delete.refused_unknown.op	op	pass	4	13.09	predicate: all 8 facts hold: the trigger error holds; observe_at objects.0.receipt.operation_id holds; observe_at objects.0.receipt.state holds; observe_at objects
atlas-phase7.json	case.j1.first_words_keep_as_note.kept.op	op	pass	3	13.09	predicate: all 5 facts hold: observe_at id holds; observe_at body_markdown holds; observe_at title holds; op read #0 (note.list) <root> holds; the trigger operation_
atlas-phase7.json	case.j11.write_a_thought.window_open.op	op	pass	3	13.09	predicate: all 3 facts hold: observe_at thought.id holds; observe_at thought.working_note.id holds; the trigger operation_id is absent	case.j11.write_a_thought.window
atlas-phase7.json	case.j11.thought_keep.kept.op	op	pass	3	13.56	predicate: all 4 facts hold: observe_at id holds; observe_at body_markdown holds; op read #0 (note.list) <root> holds; the trigger operation_id is absent	case.j11.thought_keep.
atlas-phase8.json	case.p8.zone_create.second_unnamed	1440	pass	60	13.56	predicate: all_of: protocol_status: POST /api/directories answered 201, wanted 201 (body sha256 894274f7323f) | protocol_reads: GET /api/directories answered 200 with o
atlas-phase8.json	case.p8.zone_create.second_unnamed	393	pass	26	13.56	predicate: all_of: protocol_status: POST /api/directories answered 201, wanted 201 (body sha256 9c7bd5d41b1e) | protocol_reads: GET /api/directories answered 200 with on
atlas-phase8.json	case.p8.zone_create.second_unnamed_floor	1440	pass	68	13.56	predicate: all_of: protocol_status: POST /api/directories answered 201, wanted 201 (body sha256 e060460c7966) | protocol_reads: GET /api/directories answered 200 
atlas-phase8.json	case.p8.zone_create.second_unnamed_floor	393	pass	45	17.04	predicate: all_of: protocol_status: POST /api/directories answered 201, wanted 201 (body sha256 90db0b2ee485) | protocol_reads: GET /api/directories answered 200 w
atlas-phase8.json	case.p8.zone_rename.list	1440	blocked	26	20.38	BLOCKED: ui step click on '[aria-controls=desk-tool-shelf]' failed: TimeoutError: Locator.click: Timeout 10000ms exceeded.	case.p8.zone_rename.list--1440/20260929T151016Z-case
atlas-phase8.json	case.p8.zone_rename.list	393	pass	23	26.85	predicate: all_of: readable_text: 'Platform' is readable in viewport {'width': 393, 'height': 852} with rect {'x': 77, 'y': 469, 'w': 90, 'h': 38} | protocol_reads: GET /api/direc
atlas-phase8.json	case.p8.zone_rename.name_taken_list	1440	pass	41	26.85	predicate: all_of: readable_text: 'NAME TAKEN' is readable in viewport {'width': 1440, 'height': 900} with rect {'x': 237, 'y': 339, 'w': 112, 'h': 18} | protocol_read
atlas-phase8.json	case.p8.zone_rename.name_taken_list	393	pass	22	26.84	predicate: all_of: readable_text: 'NAME TAKEN' is readable in viewport {'width': 393, 'height': 852} with rect {'x': 77, 'y': 498, 'w': 112, 'h': 18} | protocol_reads: 
atlas-phase8.json	case.p8.zone_rename.name_taken_floor	1440	pass	48	27.65	predicate: all_of: readable_text: 'NAME TAKEN' is readable in viewport {'width': 1440, 'height': 900} with rect {'x': 1208, 'y': 167, 'w': 112, 'h': 18} | protocol_re
atlas-phase8.json	case.p8.zone_rename.name_taken_floor	393	pass	33	26.80	predicate: all_of: readable_text: 'NAME TAKEN' is readable in viewport {'width': 393, 'height': 852} with rect {'x': 14, 'y': 315, 'w': 112, 'h': 18} | protocol_reads:
atlas-phase8.json	case.p8.zone_rename.f2_row	1440	pass	30	27.37	predicate: all_of: input_value: value is 'Inbox', wanted 'Inbox' | hit_target: control owns all 9 hit points in viewport {'width': 1440, 'height': 900} with rect {'x': 237, 'y'
atlas-phase8.json	case.p8.zone_rename.f2_row	393	pass	21	26.65	predicate: all_of: input_value: value is 'Inbox', wanted 'Inbox' | hit_target: control owns all 9 hit points in viewport {'width': 393, 'height': 852} with rect {'x': 77, 'y': 2
atlas-phase8.json	case.p8.chair.no_new_zone	1440	pass	12	26.51	predicate: 'No matching tools or Desk items.' is readable in viewport {'width': 1440, 'height': 900} with rect {'x': 1031, 'y': 73, 'w': 382, 'h': 44}	case.p8.chair.no_new_zone-
atlas-phase8.json	case.p8.chair.no_new_zone	393	pass	11	26.51	predicate: 'No matching tools or Desk items.' is readable in viewport {'width': 393, 'height': 852} with rect {'x': 15, 'y': 51, 'w': 363, 'h': 44}	case.p8.chair.no_new_zone--393
atlas-phase8.json	case.p8.list_delete.gone	1440	pass	48	26.71	predicate: all_of: protocol_reads: GET /api/decisions/decision_8d3cf72ad814 answered 404 | readable_text: 'Removal committed' is readable in viewport {'width': 1440, 'height': 90
atlas-phase8.json	case.p8.list_delete.gone	393	pass	30	26.09	predicate: all_of: protocol_reads: GET /api/decisions/decision_a75e4a714f13 answered 404 | readable_text: 'Removal committed' is readable in viewport {'width': 393, 'height': 852}
atlas-phase8.json	case.p8.list_delete.undo	1440	pass	45	26.09	predicate: all_of: protocol_reads: GET /api/decisions/decision_24137d08829b answered 200 | readable_text: 'Restored Atlas list delete' is readable in viewport {'width': 1440, 'he
atlas-phase8.json	case.p8.list_delete.undo	393	pass	26	26.09	predicate: all_of: protocol_reads: GET /api/decisions/decision_0c6ec677ddca answered 200 | readable_text: 'Restored Atlas list delete' is readable in viewport {'width': 393, 'heig
atlas-phase8.json	case.p8.list_delete.long_list_393	1440	pass	49	29.12	predicate: all_of: protocol_reads: GET /api/decisions/decision_5e5ed5b27aae answered 404 | readable_text: 'Removal committed' is readable in viewport {'width': 1440, 'he
atlas-phase8.json	case.p8.list_delete.long_list_393	393	pass	33	29.91	predicate: all_of: protocol_reads: GET /api/decisions/decision_9b56583a1b20 answered 404 | readable_text: 'Removal committed' is readable in viewport {'width': 393, 'heig
atlas-phase8.json	case.p8.delete_twice.both_gone	1440	blocked	52	28.97	BLOCKED: ui step wait_for on '.undo-receipt.is-pending' failed: TimeoutError: Locator.wait_for: Timeout 3000ms exceeded.	case.p8.delete_twice.both_gone--1440/20260929T15
atlas-phase8.json	case.p8.delete_twice.both_gone	393	pass	47	27.85	predicate: all_of: protocol_reads: GET /api/decisions/decision_fa80cdbb6d01 answered 404; GET /api/decisions/decision_61e32a15222b answered 404 | readable_text: 'Removal com
atlas-phase8.json	case.p8.delete_then_leave.gone	1440	pass	43	30.00	predicate: all_of: protocol_status: DELETE /api/decisions/decision_a1514d83b9a4 answered 200, wanted 200 (body sha256 30fee2c16b91) | protocol_reads: GET /api/decisions/dec
atlas-phase8.json	case.p8.delete_then_leave.gone	393	pass	28	31.09	predicate: all_of: protocol_status: DELETE /api/decisions/decision_ae73c378867f answered 200, wanted 200 (body sha256 d383932b7be4) | protocol_reads: GET /api/decisions/deci
atlas-phase8.json	case.p8.chair.delete_withheld	1440	pass	28	30.41	predicate: all_of: readable_text: 'Open the Floor or the list' is readable in viewport {'width': 1440, 'height': 900} with rect {'x': 1031, 'y': 96, 'w': 382, 'h': 26} | att
atlas-phase8.json	case.p8.chair.delete_withheld	393	pass	22	30.94	predicate: all_of: readable_text: 'Open the Floor or the list' is readable in viewport {'width': 393, 'height': 852} with rect {'x': 15, 'y': 74, 'w': 363, 'h': 26} | attr_eq
atlas-phase8.json	case.p8.decision_heads.hidden	1440	pass	12	30.85	predicate: all_of: readable_text: 'DECISION CONTEXT' is readable in viewport {'width': 1440, 'height': 900} with rect {'x': 1037, 'y': 117, 'w': 370, 'h': 94} | text_absent:
atlas-phase8.json	case.p8.decision_heads.hidden	393	pass	12	30.85	predicate: all_of: readable_text: 'DECISION CONTEXT' is readable in viewport {'width': 393, 'height': 852} with rect {'x': 15, 'y': 439, 'w': 363, 'h': 122} | text_absent: 'C
atlas-phase8.json	case.p8.zone_create.second_unnamed.op	op	pass	3	29.83	predicate: all 3 facts hold: observe_at <root> holds; observe_at <root> holds; the trigger operation_id is absent	case.p8.zone_create.second_unnamed.op--op/20260929T151
atlas-phase8.json	case.p8.zone_rename.list.op	op	pass	3	29.83	predicate: all 3 facts hold: observe_at directory.id holds; observe_at directory.name holds; the trigger operation_id is absent	case.p8.zone_rename.list.op--op/20260929T151347Z-c
atlas-phase8.json	case.p8.zone_rename.name_taken_list.op	op	pass	3	29.83	predicate: all 3 facts hold: the trigger error holds; the trigger existing_name holds; observe_at directory.name holds	case.p8.zone_rename.name_taken_list.op--op/20260
atlas-phase8.json	case.p8.list_delete.gone.op	op	pass	3	28.49	predicate: all 7 facts hold: observe_at <root> holds; op read #0 (decision.read) error holds; op read #1 (kernel.receipt.read) objects.0.receipt.operation_id holds; op read #1 (k
atlas-phase8.json	case.p8.delete_twice.both_gone.op	op	pass	3	28.49	predicate: all 10 facts hold: observe_at <root> holds; observe_at <root> holds; op read #0 (kernel.receipt.read) objects.0.receipt.operation_id holds; op read #0 (kernel.re
atlas-phase9.json	case.p9.list_status.shown	1440	pass	27	28.49	predicate: '2 SHOWN OF 2' is readable in viewport {'width': 1440, 'height': 900} with rect {'x': 1156, 'y': 76, 'w': 95, 'h': 16}	case.p9.list_status.shown--1440/20260929T151350
atlas-phase9.json	case.p9.list_status.shown	393	pass	17	28.49	predicate: '2 SHOWN OF 2' is readable in viewport {'width': 393, 'height': 852} with rect {'x': 29, 'y': 127, 'w': 95, 'h': 16}	case.p9.list_status.shown--393/20260929T151350Z-ca
atlas-phase9.json	case.p9.list_columns.in_view	1440	pass	29	28.49	predicate: 'PERSONAL' is readable in viewport {'width': 1440, 'height': 900} with rect {'x': 179, 'y': 174, 'w': 1082, 'h': 41}	case.p9.list_columns.in_view--1440/20260929T15
atlas-phase9.json	case.p9.list_columns.in_view	393	pass	21	28.49	predicate: 'PERSONAL' is readable in viewport {'width': 393, 'height': 852} with rect {'x': 19, 'y': 249, 'w': 355, 'h': 78}	case.p9.list_columns.in_view--393/20260929T151352Z
atlas-phase9.json	case.p9.list_sort.zone_pressed	1440	pass	27	25.02	predicate: aria-pressed='true', wanted 'true'	case.p9.list_sort.zone_pressed--1440/20260929T151407Z-case.p9.list_sort.zone_pressed-muaddib-1440
atlas-phase9.json	case.p9.list_sort.zone_pressed	393	pass	21	27.72	predicate: aria-pressed='true', wanted 'true'	case.p9.list_sort.zone_pressed--393/20260929T151413Z-case.p9.list_sort.zone_pressed-muaddib-393
atlas-phase9.json	case.p9.list_row_menu.delete_in_view	1440	pass	26	27.72	predicate: control owns all 9 hit points in viewport {'width': 1440, 'height': 900} with rect {'x': 206, 'y': 847, 'w': 272, 'h': 28}	case.p9.list_row_menu.delete_in_
atlas-phase9.json	case.p9.list_row_menu.delete_in_view	393	pass	19	26.94	predicate: control owns all 9 hit points in viewport {'width': 393, 'height': 852} with rect {'x': 11, 'y': 797, 'w': 371, 'h': 44}	case.p9.list_row_menu.delete_in_vie
atlas-phase9.json	case.p9.room_items.late_row	1440	pass	11	25.62	predicate: 'DAYS LATE' is readable in viewport {'width': 1440, 'height': 900} with rect {'x': 668, 'y': 361, 'w': 125, 'h': 18}	case.p9.room_items.late_row--1440/20260929T1514
atlas-phase9.json	case.p9.room_items.late_row	393	pass	10	25.62	predicate: 'DAYS LATE' is readable in viewport {'width': 393, 'height': 852} with rect {'x': 31, 'y': 571, 'w': 125, 'h': 18}	case.p9.room_items.late_row--393/20260929T151435Z-
atlas-phase9.json	case.p9.update_list.head_updates	1440	pass	11	25.81	predicate: 'UPDATES 1' is readable in viewport {'width': 1440, 'height': 900} with rect {'x': 43, 'y': 167, 'w': 71, 'h': 18}	case.p9.update_list.head_updates--1440/20260
atlas-phase9.json	case.p9.update_list.head_updates	393	pass	10	25.81	predicate: 'UPDATES 1' is readable in viewport {'width': 393, 'height': 852} with rect {'x': 19, 'y': 531, 'w': 71, 'h': 18}	case.p9.update_list.head_updates--393/20260929
atlas-phase9.json	case.p9.update.delivered_row	1440	pass	11	24.94	predicate: all_of: protocol_status: POST /api/updates/pupd_139cb8a4a0da4d60a8b77efab8459ba8/delivered answered 200, wanted 200 (body sha256 6beb2b8fd4f9); response body conta
atlas-phase9.json	case.p9.update.delivered_row	393	pass	10	24.94	predicate: all_of: protocol_status: POST /api/updates/pupd_c291cb8e250f446da713e4d0227c2127/delivered answered 200, wanted 200 (body sha256 1eda82a102eb); response body contai
atlas-phase9.json	case.p9.room_steward_verb.owned	1440	pass	10	23.34	predicate: control owns all 9 hit points in viewport {'width': 1440, 'height': 900} with rect {'x': 731, 'y': 432, 'w': 68, 'h': 24}	case.p9.room_steward_verb.owned--1440/
atlas-phase9.json	case.p9.room_steward_verb.owned	393	pass	10	23.34	predicate: control owns all 9 hit points in viewport {'width': 393, 'height': 852} with rect {'x': 300, 'y': 350, 'w': 68, 'h': 24}	case.p9.room_steward_verb.owned--393/202
atlas-phase9.json	case.p9.grant.project_allowed	1440	pass	11	21.87	predicate: all_of: protocol_status: PUT /api/settings/remote/delegations/sweep-runner/projects/proj-9d85f9477e90 answered 200, wanted 200 (body sha256 d42b05f11dec); respons
atlas-phase9.json	case.p9.grant.project_allowed	393	pass	10	21.87	predicate: all_of: protocol_status: PUT /api/settings/remote/delegations/sweep-runner/projects/proj-a9a2e518c05f answered 200, wanted 200 (body sha256 f40e9c555d3b); response
atlas-phase9.json	case.p9.grant_route.project_allowed	op	pass	3	20.84	predicate: GET /api/settings/remote answered 200 with one row {'identity': 'sweep-runner', 'project_delegations.0.project_id': 'proj-6f21f3fb7cbe', 'project_delegations.0
atlas-phase9.json	case.p9.grant.desk_reads_desk	1440	pass	10	20.13	predicate: all_of: protocol_reads: GET /api/settings/remote answered 200 with one row {'identity': 'desk-agent', 'palette': 'DESK'} | readable_text: 'DESK' is readable in vi
atlas-phase9.json	case.p9.grant.desk_reads_desk	393	pass	10	20.13	predicate: all_of: protocol_reads: GET /api/settings/remote answered 200 with one row {'identity': 'desk-agent', 'palette': 'DESK'} | readable_text: 'DESK' is readable in vie
atlas-phase9.json	case.p9.connections.never_checked_face	1440	pass	9	20.13	predicate: all_of: readable_text: 'NEVER CHECKED' is readable in viewport {'width': 1440, 'height': 900} with rect {'x': 131, 'y': 190, 'w': 137, 'h': 18} | protocol
atlas-phase9.json	case.p9.connections.never_checked_face	393	pass	9	20.13	predicate: all_of: readable_text: 'NEVER CHECKED' is readable in viewport {'width': 393, 'height': 852} with rect {'x': 24, 'y': 231, 'w': 137, 'h': 18} | protocol_re
atlas-phase9.json	case.p9.update.delivered_row.op	op	pass	3	18.76	predicate: all 7 facts hold: observe_at updates holds; observe_at updates.0.deliveries holds; observe_at updates.0.deliveries.0.delivered_to holds; observe_at updates.0.deliv
atlas-phase9-steward.json	case.p9.steward.run_receipted	op	pass	3	17.90	predicate: all 9 facts hold: observe_at run.state holds; observe_at operation_id holds; observe_at receipt.outcome holds; the trigger receipt holds; op read #0 (kernel.
atlas-phase9-steward.json	case.p9.update.mark_delivered_receipted	op	pass	3	17.90	predicate: all 7 facts hold: observe_at updates holds; observe_at updates.0.deliveries holds; observe_at updates.0.deliveries.0.operation_id holds; observe_at
atlas-phase9-steward.json	case.p9.project.archive_receipted	op	pass	3	17.90	predicate: all 5 facts hold: observe_at is_archived holds; the trigger success holds; op read #0 (kernel.receipt.read) objects.0.operation.name holds; op read #0 (k
atlas-phase9-steward.json	case.p9.connections.never_checked	op	pass	3	17.90	predicate: all 4 facts hold: the trigger tools holds; the trigger tools holds; the trigger operation_id is absent; observe_at tools holds	case.p9.connections.never_
TOTAL 97 runs: 95 pass, 2 not pass
retained: 97 rows, 97 run directories, 97 observations -> pm/roadmap/holdspeak-philo/phase-10-the-channels/assets/story-05-shots/p789-dce3afa9
rig exit 1; retain exit 0
=== p789-before exit 1 15:15:19Z
=== base-before 15:15:19Z
HEAD = dce3afa91ff636a3cb6c571343bc637fcac97034; load { 16.63 19.26 14.13 }
product: the export at /Users/karol/dev/tools/wt-philo-10-05/.tmp/main-dce3afa9
✓ built in 4.44s
194 runs, 4 at a time; out /Users/karol/dev/tools/wt-philo-10-05/.tmp/p10s05/base-dce3afa9
atlas.json	case.j1.first_words_continue_later.idle	1440	pass	10	15.70	predicate: data-testid='arrival-headline', wanted 'arrival-headline'	case.j1.first_words_continue_later.idle--1440/20260929T151524Z-case.j1.first_words_continue_later.idl
atlas.json	case.j1.first_words_continue_later.idle	393	pass	10	15.70	predicate: data-testid='arrival-headline', wanted 'arrival-headline'	case.j1.first_words_continue_later.idle--393/20260929T151524Z-case.j1.first_words_continue_later.idle-
atlas.json	case.j1.first_words_continue_later.draft_custody	1440	fail	35	15.70	predicate: 'Save draft & continue' NOT in observe_at text	case.j1.first_words_continue_later.draft_custody--1440/20260929T151524Z-case.j1.first_words_continue_la
atlas.json	case.j1.first_words_continue_later.draft_custody	393	fail	35	15.70	predicate: 'Save draft & continue' NOT in observe_at text	case.j1.first_words_continue_later.draft_custody--393/20260929T151524Z-case.j1.first_words_continue_late
atlas.json	case.j1.speech_readiness.ready	op	pass	3	14.51	predicate: /task_overrides/37/effective/status equals the declared value	case.j1.speech_readiness.ready--op/20260929T151534Z-case.j1.speech_readiness.ready-muaddib-1440
atlas.json	case.j1.first_words_speak.kept	1440	blocked	3	14.51	BLOCKED: boundary substitution 'browser_audio_device' (label "chromium --use-fake-device-for-media-stream --use-file-for-fake-audio-capture=<fixture> (boundary substitution: thi
atlas.json	case.j1.first_words_speak.kept	393	blocked	2	14.51	BLOCKED: boundary substitution 'browser_audio_device' (label "chromium --use-fake-device-for-media-stream --use-file-for-fake-audio-capture=<fixture> (boundary substitution: this
atlas.json	case.j1.first_words_keep_as_note.kept	1440	pass	7	14.51	predicate: 'Kept as a note.' in observe_at text	case.j1.first_words_keep_as_note.kept--1440/20260929T151537Z-case.j1.first_words_keep_as_note.kept-muaddib-1440
atlas.json	case.j1.first_words_keep_as_note.kept	393	pass	7	13.59	predicate: 'Kept as a note.' in observe_at text	case.j1.first_words_keep_as_note.kept--393/20260929T151539Z-case.j1.first_words_keep_as_note.kept-muaddib-393
atlas.json	case.j1.first_words_speak.permission_denied	1440	blocked	2	12.82	BLOCKED: boundary substitution 'browser_permission' (label 'playwright browser context with permissions=[] so getUserMedia raises NotAllowedError (the refusal is mi
atlas.json	case.j1.first_words_speak.permission_denied	393	blocked	2	12.82	BLOCKED: boundary substitution 'browser_permission' (label 'playwright browser context with permissions=[] so getUserMedia raises NotAllowedError (the refusal is min
atlas.json	case.j1.first_words_speak.unreachable_hub	1440	blocked	2	12.82	BLOCKED: boundary substitution 'transport_failure' (label 'playwright route interception aborting the dictation request only; production parsing, rendering and persis
atlas.json	case.j1.first_words_speak.unreachable_hub	393	blocked	2	12.12	BLOCKED: boundary substitution 'transport_failure' (label 'playwright route interception aborting the dictation request only; production parsing, rendering and persist
atlas.json	case.j1.first_words_speak.mic_unsupported	1440	blocked	2	12.12	BLOCKED: boundary substitution 'browser_capability' (label 'an init script deleting mediaDevices before the page loads (browser-owned capability, substituted at the b
atlas.json	case.j1.first_words_speak.mic_unsupported	393	blocked	2	12.12	BLOCKED: boundary substitution 'browser_capability' (label 'an init script deleting mediaDevices before the page loads (browser-owned capability, substituted at the br
atlas.json	case.j2.arrival_load.engines_both_missing	1440	fail	31	12.12	predicate: 'No engine yet' NOT in observe_at text	case.j2.arrival_load.engines_both_missing--1440/20260929T151551Z-case.j2.arrival_load.engines_both_missing-muaddib-144
atlas.json	case.j2.arrival_load.engines_both_missing	393	fail	30	12.12	predicate: 'No engine yet' NOT in observe_at text	case.j2.arrival_load.engines_both_missing--393/20260929T151553Z-case.j2.arrival_load.engines_both_missing-muaddib-393
atlas.json	case.j2.arrival_load.summary_missing_only	1440	blocked	6	10.72	BLOCKED: POST /api/inference/assignments/set answered 400: {"code":"inference_assignment_invalid","message":"Assignment request has an invalid shape"}	case.j2.arrival
atlas.json	case.j2.arrival_load.summary_missing_only	393	blocked	6	10.72	BLOCKED: POST /api/inference/assignments/set answered 400: {"code":"inference_assignment_invalid","message":"Assignment request has an invalid shape"}	case.j2.arrival_
atlas.json	case.j2.arrival_load.read_unknown	1440	blocked	6	10.26	BLOCKED: boundary substitution 'route_failure' (label 'playwright route interception failing that one read; every other read stays real') is not implemented; a label alone su
atlas.json	case.j2.arrival_load.read_unknown	393	blocked	6	10.26	BLOCKED: boundary substitution 'route_failure' (label 'playwright route interception failing that one read; every other read stays real') is not implemented; a label alone sub
atlas.json	case.j2.arrival_load.read_pending	1440	blocked	6	9.76	BLOCKED: boundary substitution 'route_failure' (label 'playwright route interception holding that one response open for the observation window') is not implemented; a label al
atlas.json	case.j2.arrival_load.read_pending	393	blocked	6	9.76	BLOCKED: boundary substitution 'route_failure' (label 'playwright route interception holding that one response open for the observation window') is not implemented; a label alo
atlas.json	case.j3.concierge_add_engine.add_ready	1440	blocked	16	9.94	BLOCKED: ui step click on '[data-testid=concierge-add-engine]' failed: TimeoutError: Locator.click: Timeout 10000ms exceeded.	case.j3.concierge_add_engine.add_ready--144
atlas.json	case.j3.concierge_add_engine.add_ready	393	blocked	16	9.94	BLOCKED: ui step click on '[data-testid=concierge-add-engine]' failed: TimeoutError: Locator.click: Timeout 10000ms exceeded.	case.j3.concierge_add_engine.add_ready--393/
atlas.json	case.j3.concierge_add_check.refused	1440	blocked	16	9.38	BLOCKED: ui step click on '[data-testid=concierge-add-engine]' failed: TimeoutError: Locator.click: Timeout 10000ms exceeded.	case.j3.concierge_add_check.refused--1440/2026
atlas.json	case.j3.concierge_add_check.refused	393	blocked	16	9.19	BLOCKED: ui step click on '[data-testid=concierge-add-engine]' failed: TimeoutError: Locator.click: Timeout 10000ms exceeded.	case.j3.concierge_add_check.refused--393/202609
atlas.json	case.j3.concierge_check.engine_unreachable	1440	blocked	19	8.78	BLOCKED: ui step click on '[data-testid^=concierge-check-]' failed: TimeoutError: Locator.click: Timeout 10000ms exceeded.	case.j3.concierge_check.engine_unreachable
atlas.json	case.j3.concierge_check.engine_unreachable	393	blocked	19	8.78	BLOCKED: ui step click on '[data-testid^=concierge-check-]' failed: TimeoutError: Locator.click: Timeout 10000ms exceeded.	case.j3.concierge_check.engine_unreachable-
atlas.json	case.j3.concierge_use_for_summaries.assigned_ready	1440	blocked	23	7.97	BLOCKED: precondition not met: {'kind': 'attr_equals', 'attr': 'data-testid', 'value': 'arrival-run-intel'} at '[data-testid=arrival-run-intel]' — BLOCKED: o
atlas.json	case.j3.concierge_use_for_summaries.assigned_ready	393	blocked	22	7.97	BLOCKED: precondition not met: {'kind': 'attr_equals', 'attr': 'data-testid', 'value': 'arrival-run-intel'} at '[data-testid=arrival-run-intel]' — BLOCKED: ob
atlas.json	case.j3.speech_missing.row_stays	1440	blocked	17	7.68	BLOCKED: POST /api/inference/assignments/clear answered 400: {"code":"inference_assignment_invalid","message":"Clear request has an invalid shape"}	case.j3.speech_missing.row_
atlas.json	case.j3.speech_missing.row_stays	393	blocked	17	7.68	BLOCKED: POST /api/inference/assignments/clear answered 400: {"code":"inference_assignment_invalid","message":"Clear request has an invalid shape"}	case.j3.speech_missing.row_s
atlas.json	case.j3.route_assignments_set.assigned_ready	op	fail	34	7.19	predicate: rows matching {'id': 'meeting.deferred_analysis', 'has_override': True} at /api/inference/assignments: before=0 after=0 (new=0; wanted >= 1)	case.j3.route_as
atlas.json	case.j3.profile_delete.profile_missing	1440	blocked	22	7.19	BLOCKED: precondition not met: {'kind': 'attr_equals', 'attr': 'data-testid', 'value': 'arrival-run-intel'} at '[data-testid=arrival-run-intel]' — BLOCKED: observe_at no
atlas.json	case.j3.profile_delete.profile_missing	393	blocked	22	6.86	BLOCKED: precondition not met: {'kind': 'attr_equals', 'attr': 'data-testid', 'value': 'arrival-run-intel'} at '[data-testid=arrival-run-intel]' — BLOCKED: observe_at not
atlas.json	case.j3.profile_unbind.binding_absent	op	blocked	2	6.86	BLOCKED: headless mode refuses UI/face steps: no Page is opened	case.j3.profile_unbind.binding_absent--op/20260929T151708Z-case.j3.profile_unbind.binding_absent-muaddib-1440
atlas.json	case.j4.record_start.capture_recording	1440	blocked	6	6.86	BLOCKED: boundary substitution 'browser_audio_device' (label 'Synthetic architect meeting at a browser audio boundary. This rig has no microphone recorder; block without 
atlas.json	case.j4.record_start.capture_recording	393	blocked	5	6.87	BLOCKED: boundary substitution 'browser_audio_device' (label 'Synthetic architect meeting at a browser audio boundary. This rig has no microphone recorder; block without s
atlas.json	case.j4.meeting_stop.capture_finalized	op	blocked	7	6.72	BLOCKED: precondition not met: {'kind': 'protocol_field', 'path': '/meeting_active', 'value': True} at 'protocol: GET /api/runtime/status' — /meeting_active = False, wanted
atlas.json	case.j4.meetings_import.imported	op	pass	13	6.34	predicate: /meetings/0/id equals the declared value	case.j4.meetings_import.imported--op/20260929T151723Z-case.j4.meetings_import.imported-muaddib-1440
atlas.json	case.j4.meeting_stop.transcription_absent	1440	blocked	13	6.34	BLOCKED: precondition not met: {'kind': 'protocol_field', 'path': '/meeting_active', 'value': True} at 'protocol: GET /api/runtime/status' — /meeting_active = False, 
atlas.json	case.j4.meeting_stop.transcription_absent	393	blocked	13	6.15	BLOCKED: precondition not met: {'kind': 'protocol_field', 'path': '/meeting_active', 'value': True} at 'protocol: GET /api/runtime/status' — /meeting_active = False, w
atlas.json	case.j5.meeting_open.route_disclosed	1440	pass	30	5.98	predicate: '192.168.1.43 · LAN' in observe_at text	case.j5.meeting_open.route_disclosed--1440/20260929T151736Z-case.j5.meeting_open.route_disclosed-muaddib-1440
atlas.json	case.j5.meeting_open.route_disclosed	393	pass	30	5.98	predicate: '192.168.1.43 · LAN' in observe_at text	case.j5.meeting_open.route_disclosed--393/20260929T151736Z-case.j5.meeting_open.route_disclosed-muaddib-393
atlas.json	case.j5.meeting_open.no_engine_no_verb	1440	pass	20	6.14	predicate: 'Run summary' absent at observe_at	case.j5.meeting_open.no_engine_no_verb--1440/20260929T151741Z-case.j5.meeting_open.no_engine_no_verb-muaddib-1440
atlas.json	case.j5.meeting_open.no_engine_no_verb	393	pass	25	5.89	predicate: 'Run summary' absent at observe_at	case.j5.meeting_open.no_engine_no_verb--393/20260929T151743Z-case.j5.meeting_open.no_engine_no_verb-muaddib-393
atlas.json	case.j6.run_summary.intel_queued	1440	pass	22	5.01	predicate: POST /api/meetings/024180ec/intelligence/run answered 200, wanted 200 (body sha256 5651a9ef18a7); response body contains the declared admission facts	case.j6.run_summa
atlas.json	case.j6.run_summary.intel_queued	393	pass	22	5.01	predicate: POST /api/meetings/10e5e7c8/intelligence/run answered 200, wanted 200 (body sha256 90f247a27260); response body contains the declared admission facts	case.j6.run_summar
atlas.json	case.j6.run_summary.intel_running	op	blocked	2	5.01	BLOCKED: headless mode refuses UI/face steps: no Page is opened	case.j6.run_summary.intel_running--op/20260929T151807Z-case.j6.run_summary.intel_running-muaddib-1440
atlas.json	case.j6.run_summary.intel_ready	op	blocked	2	5.49	BLOCKED: headless mode refuses UI/face steps: no Page is opened	case.j6.run_summary.intel_ready--op/20260929T151808Z-case.j6.run_summary.intel_ready-muaddib-1440
atlas.json	case.j6.run_summary.intel_failed	1440	blocked	0	5.49	NOTE: the case declares a provider replay at 'tests/fixtures/philo3_summary_failure_reply.json', but this run was requested with --engine 'none'; replay is installed only for a
atlas.json	case.j6.run_summary.intel_failed	393	blocked	0	5.49	NOTE: the case declares a provider replay at 'tests/fixtures/philo3_summary_failure_reply.json', but this run was requested with --engine 'none'; replay is installed only for an
atlas.json	case.j6.run_summary.intel_retry	op	blocked	0	5.49	NOTE: the case declares a provider replay at 'tests/fixtures/philo3_summary_failure_reply.json', but this run was requested with --engine 'none'; replay is installed only for an e
atlas.json	case.j6.route_intelligence_run.refusal	op	blocked	2	5.49	BLOCKED: headless mode refuses UI/face steps: no Page is opened	case.j6.route_intelligence_run.refusal--op/20260929T151810Z-case.j6.route_intelligence_run.refusal-muaddib-1
atlas.json	case.j7.hub_restart.intel_retained	op	blocked	2	5.49	BLOCKED: headless mode refuses UI/face steps: no Page is opened	case.j7.hub_restart.intel_retained--op/20260929T151810Z-case.j7.hub_restart.intel_retained-muaddib-1440
atlas.json	case.j7.arrival_load.reload_persisted	1440	pass	30	5.49	predicate: observe_at text is 'The Synthetic Architect Meeting concluded with three decisions: Mayyachan to write a migration plan by Friday, Leo Martinez to test restart re
atlas.json	case.j7.arrival_load.reload_persisted	393	pass	35	5.49	predicate: observe_at text is 'The Synthetic Architect Meeting concluded with three key decisions: Mayyachan will write the Migration Plan by Friday, Leo Martinez will test r
atlas.json	case.j8.hotkey_option_r.other_app_delivery	op	not_applicable	0	5.31	NOTE: NOT APPLICABLE: UNEXERCISED by the rig: the trigger is a native global hotkey and the result is delivery into another application. Missing mechanism: a nat
atlas.json	case.j9.timer_sweep.receipt_resolved	op	pass	13	5.31	predicate: rows matching {'source_kind': 'pipeline_event', 'title__prefix': 'SWEEP'} at /api/desk/projections: before=0 after=1 (new=1; wanted >= 1)	case.j9.timer_sweep.receipt
atlas.json	case.j9.route_run_now.receipt_resolved	op	pass	3	5.31	predicate: rows matching {'source_kind': 'pipeline_event', 'detail_url': '/cadence'} at /api/desk/projections: before=0 after=1 (new=1; wanted >= 1)	case.j9.route_run_now.rece
atlas.json	case.j9.shade_open.door_present	1440	pass	9	5.05	predicate: 'SWEEP' in observe_at text	case.j9.shade_open.door_present--1440/20260929T151830Z-case.j9.shade_open.door_present-muaddib-1440
atlas.json	case.j9.shade_open.door_present	393	pass	9	5.36	predicate: 'SWEEP' in observe_at text	case.j9.shade_open.door_present--393/20260929T151836Z-case.j9.shade_open.door_present-muaddib-393
atlas.json	case.j9.shade_receipt_open.rhythm_face	1440	pass	10	5.49	predicate: windows after: ['Rhythm']	case.j9.shade_receipt_open.rhythm_face--1440/20260929T151839Z-case.j9.shade_receipt_open.rhythm_face-muaddib-1440
atlas.json	case.j9.shade_receipt_open.rhythm_face	393	pass	10	5.49	predicate: windows after: ['Rhythm']	case.j9.shade_receipt_open.rhythm_face--393/20260929T151842Z-case.j9.shade_receipt_open.rhythm_face-muaddib-393
atlas.json	case.j9.shade_open.door_absent	1440	blocked	6	5.69	BLOCKED: boundary substitution 'remote_origin_call' (label "a remote-origin call into the hub's own API from the run's harness, recorded as such; the event is produced by the rea
atlas.json	case.j9.shade_open.door_absent	393	blocked	6	5.69	BLOCKED: boundary substitution 'remote_origin_call' (label "a remote-origin call into the hub's own API from the run's harness, recorded as such; the event is produced by the real
atlas.json	case.j9.shade_open.door_stale	1440	blocked	42	5.72	BLOCKED: precondition not met: {'kind': 'attr_equals', 'attr': 'data-testid', 'value': 'arrival-run-intel'} at '[data-testid=arrival-run-intel]' — BLOCKED: observe_at not present
atlas.json	case.j9.shade_open.door_stale	393	blocked	44	5.72	BLOCKED: precondition not met: {'kind': 'protocol_field', 'path': '/meetings/0/id', 'value': '49f7dc08'} at 'protocol: GET /api/meetings' — /meetings/0/id is absent; wanted '49f7d
atlas.json	case.j9.shade_acknowledge.acknowledged	1440	blocked	6	5.72	BLOCKED: the recorded provider reply is NOT installed in the hub process. Declare `reply` on the boundary step so the hub is booted with it (the seam is a module attribut
atlas.json	case.j9.shade_acknowledge.acknowledged	393	blocked	6	5.82	BLOCKED: the recorded provider reply is NOT installed in the hub process. Declare `reply` on the boundary step so the hub is booted with it (the seam is a module attribute
atlas.json	case.j9.shade_dismiss.dismissed	1440	blocked	6	5.82	BLOCKED: the recorded provider reply is NOT installed in the hub process. Declare `reply` on the boundary step so the hub is booted with it (the seam is a module attribute insid
atlas.json	case.j9.shade_dismiss.dismissed	393	blocked	6	5.99	BLOCKED: the recorded provider reply is NOT installed in the hub process. Declare `reply` on the boundary step so the hub is booted with it (the seam is a module attribute inside
atlas.json	case.j9.route_presentation_restore.restored	op	blocked	2	5.75	BLOCKED: headless mode refuses UI/face steps: no Page is opened	case.j9.route_presentation_restore.restored--op/20260929T151904Z-case.j9.route_presentation_restore.res
atlas.json	case.j10.brief_latest.absent	1440	pass	9	5.75	predicate: 'No brief yet' in observe_at text	case.j10.brief_latest.absent--1440/20260929T151906Z-case.j10.brief_latest.absent-muaddib-1440
atlas.json	case.j10.brief_latest.absent	393	pass	9	5.75	predicate: 'No brief yet' in observe_at text	case.j10.brief_latest.absent--393/20260929T151906Z-case.j10.brief_latest.absent-muaddib-393
atlas.json	case.j10.arrival_generate_brief.populated	1440	pass	11	5.62	predicate: 'Review decision: Graph walk brief material J10' in observe_at text	case.j10.arrival_generate_brief.populated--1440/20260929T151915Z-case.j10.arrival_generate
atlas.json	case.j10.arrival_generate_brief.populated	393	pass	11	5.62	predicate: 'Review decision: Graph walk brief material J10' in observe_at text	case.j10.arrival_generate_brief.populated--393/20260929T151915Z-case.j10.arrival_generate_b
atlas.json	case.j10.arrival_generate_brief.generated_empty	1440	pass	10	5.60	predicate: 'No changes' in observe_at text	case.j10.arrival_generate_brief.generated_empty--1440/20260929T151926Z-case.j10.arrival_generate_brief.generated_empty-m
atlas.json	case.j10.arrival_generate_brief.generated_empty	393	pass	10	5.60	predicate: 'No changes' in observe_at text	case.j10.arrival_generate_brief.generated_empty--393/20260929T151926Z-case.j10.arrival_generate_brief.generated_empty-mua
atlas.json	case.j10.arrival_reload.reload_persisted	1440	pass	13	5.47	predicate: 'No changes' in observe_at text	case.j10.arrival_reload.reload_persisted--1440/20260929T151931Z-case.j10.arrival_reload.reload_persisted-muaddib-1440
atlas.json	case.j10.arrival_reload.reload_persisted	393	pass	13	5.75	predicate: 'No changes' in observe_at text	case.j10.arrival_reload.reload_persisted--393/20260929T151935Z-case.j10.arrival_reload.reload_persisted-muaddib-393
atlas.json	case.j10.arrival_generate_again.same_day_idempotent	1440	pass	191	5.75	predicate: unchanged result; the returned identity 'No changes' (headline='No changes') IS the one displayed at '[data-testid=arrival-brief-headline]' (respon
atlas.json	case.j10.arrival_generate_again.same_day_idempotent	393	pass	192	5.75	predicate: unchanged result; the returned identity 'No changes' (headline='No changes') IS the one displayed at '[data-testid=arrival-brief-headline]' (respons
atlas.json	case.j10.route_generate_again.same_day_same_id	op	blocked	2	6.24	BLOCKED: headless mode refuses UI/face steps: no Page is opened	case.j10.route_generate_again.same_day_same_id--op/20260929T151945Z-case.j10.route_generate_again.sa
atlas.json	case.j10.arrival_generate_again.retained_after_reload	1440	pass	13	6.24	predicate: 'No changes' in observe_at text	case.j10.arrival_generate_again.retained_after_reload--1440/20260929T151946Z-case.j10.arrival_generate_again.retai
atlas.json	case.j10.arrival_generate_again.retained_after_reload	393	pass	12	5.98	predicate: 'No changes' in observe_at text	case.j10.arrival_generate_again.retained_after_reload--393/20260929T151949Z-case.j10.arrival_generate_again.retaine
atlas.json	case.j10.route_generate_again.retained_after_reload	1440	pass	12	5.75	predicate: /id equals the declared value	case.j10.route_generate_again.retained_after_reload--1440/20260929T151959Z-case.j10.route_generate_again.retained_afte
atlas.json	case.j10.route_generate_again.retained_after_reload	393	pass	12	5.75	predicate: /id equals the declared value	case.j10.route_generate_again.retained_after_reload--393/20260929T152001Z-case.j10.route_generate_again.retained_after_
atlas.json	case.j10.arrival_generate_again.next_day	1440	pass	10	5.70	predicate: 'Review decision: Graph walk next-day decision J10' in observe_at text	case.j10.arrival_generate_again.next_day--1440/20260929T152011Z-case.j10.arrival_generat
atlas.json	case.j10.arrival_generate_again.next_day	393	pass	10	5.70	predicate: 'Review decision: Graph walk next-day decision J10' in observe_at text	case.j10.arrival_generate_again.next_day--393/20260929T152012Z-case.j10.arrival_generate_
atlas.json	case.j10.route_brief_generate.load_failure	1440	pass	9	5.74	predicate: 'BRIEF DID NOT GENERATE · HTTP 500' in observe_at text	case.j10.route_brief_generate.load_failure--1440/20260929T152020Z-case.j10.route_brief_generate.load_fa
atlas.json	case.j10.route_brief_generate.load_failure	393	pass	9	5.74	predicate: 'BRIEF DID NOT GENERATE · HTTP 500' in observe_at text	case.j10.route_brief_generate.load_failure--393/20260929T152022Z-case.j10.route_brief_generate.load_fail
atlas.json	case.j10.brief_item_shelf.acknowledged	op	blocked	2	5.78	BLOCKED: headless mode refuses UI/face steps: no Page is opened	case.j10.brief_item_shelf.acknowledged--op/20260929T152030Z-case.j10.brief_item_shelf.acknowledged-muaddib-1
atlas.json	case.j10.brief_item_shelf.deferred	op	blocked	2	5.78	BLOCKED: headless mode refuses UI/face steps: no Page is opened	case.j10.brief_item_shelf.deferred--op/20260929T152032Z-case.j10.brief_item_shelf.deferred-muaddib-1440
atlas.json	case.j10.brief_people.unavailable	op	blocked	2	5.78	BLOCKED: headless mode refuses UI/face steps: no Page is opened	case.j10.brief_people.unavailable--op/20260929T152032Z-case.j10.brief_people.unavailable-muaddib-1440
atlas.json	case.j11.write_a_thought.window_open	1440	pass	10	5.55	predicate: windows after: ['Thought']	case.j11.write_a_thought.window_open--1440/20260929T152034Z-case.j11.write_a_thought.window_open-muaddib-1440
atlas.json	case.j11.write_a_thought.window_open	393	pass	10	5.55	predicate: windows after: ['Thought']	case.j11.write_a_thought.window_open--393/20260929T152034Z-case.j11.write_a_thought.window_open-muaddib-393
atlas.json	case.j11.thought_keep.kept	1440	pass	12	6.10	predicate: rows matching {'body_markdown__prefix': 'Graph walk J11 kept words'} at /api/notes: before=0 after=1 (new=1; wanted >= 1)	case.j11.thought_keep.kept--1440/20260929T152044Z-c
atlas.json	case.j11.thought_keep.kept	393	pass	12	6.10	predicate: rows matching {'body_markdown__prefix': 'Graph walk J11 kept words'} at /api/notes: before=0 after=1 (new=1; wanted >= 1)	case.j11.thought_keep.kept--393/20260929T152044Z-cas
atlas.json	case.j11.write_a_thought.create_refused	1440	blocked	6	5.69	BLOCKED: boundary substitution 'route_failure' (label 'playwright route interception failing that one write; every other read stays real') is not implemented; a label al
atlas.json	case.j11.write_a_thought.create_refused	393	blocked	6	5.69	BLOCKED: boundary substitution 'route_failure' (label 'playwright route interception failing that one write; every other read stays real') is not implemented; a label alo
atlas.json	case.beyond.capture_recover.recovered	op	blocked	2	5.39	BLOCKED: unresolved placeholder(s) ['meeting_id'] in the api step; nothing was sent. A `{name}` is filled by an earlier step's `capture_as`, never sent literally.	case.beyon
atlas.json	case.beyond.sweep_held_remote.receipt_resolved	op	pass	13	5.39	predicate: rows matching {'source_kind': 'pipeline_event', 'summary__prefix': '{"outcome": "held_remote_runs_on"'} at /api/desk/projections: before=0 after=1 (new=1; 
atlas.json	case.beyond.first_words_reload.retained_draft	1440	pass	8	5.39	predicate: 'one sentence' in the field value 'one sentence'	case.beyond.first_words_reload.retained_draft--1440/20260929T152103Z-case.beyond.first_words_reload.retain
atlas.json	case.beyond.first_words_reload.retained_draft	393	pass	8	6.48	predicate: 'one sentence' in the field value 'one sentence'	case.beyond.first_words_reload.retained_draft--393/20260929T152111Z-case.beyond.first_words_reload.retained
atlas.json	case.j6.route_intelligence_run.no_assignment	op	blocked	2	6.36	BLOCKED: headless mode refuses UI/face steps: no Page is opened	case.j6.route_intelligence_run.no_assignment--op/20260929T152114Z-case.j6.route_intelligence_run.no_as
atlas.json	case.j10.brief_item_shelf.refused	op	blocked	2	6.36	BLOCKED: headless mode refuses UI/face steps: no Page is opened	case.j10.brief_item_shelf.refused--op/20260929T152116Z-case.j10.brief_item_shelf.refused-muaddib-1440
atlas.json	case.beyond.sweep_held_remote.no_local_sweep	op	pass	3	6.36	predicate: last_sweep_at equals the declared value	case.beyond.sweep_held_remote.no_local_sweep--op/20260929T152118Z-case.beyond.sweep_held_remote.no_local_sweep-muaddib
atlas.json	case.beyond.projections_counts.needs_attention	op	pass	3	5.94	predicate: counts.needs_attention equals the declared value	case.beyond.projections_counts.needs_attention--op/20260929T152119Z-case.beyond.projections_counts.needs_at
atlas.json	case.beyond.projections_counts.unseen	op	pass	3	5.94	predicate: counts.unseen equals the declared value	case.beyond.projections_counts.unseen--op/20260929T152120Z-case.beyond.projections_counts.unseen-muaddib-1440
atlas.json	case.beyond.projections_counts.acknowledged	op	pass	3	5.94	predicate: counts.acknowledged equals the declared value	case.beyond.projections_counts.acknowledged--op/20260929T152122Z-case.beyond.projections_counts.acknowledged-muad
atlas.json	case.j4.record_only.no_speech_head	1440	blocked	6	5.94	BLOCKED: boundary substitution 'browser_audio_device' (label 'Synthetic architect meeting at a browser audio boundary. This rig has no microphone recorder; block without subs
atlas.json	case.j4.record_only.no_speech_head	393	blocked	6	5.62	BLOCKED: boundary substitution 'browser_audio_device' (label 'Synthetic architect meeting at a browser audio boundary. This rig has no microphone recorder; block without subst
atlas.json	case.j6.run_summary.summary_text	1440	pass	29	5.49	predicate: observe_at text is present	case.j6.run_summary.summary_text--1440/20260929T152129Z-case.j6.run_summary.summary_text-muaddib-1440
atlas.json	case.j6.run_summary.summary_text	393	pass	33	5.49	predicate: observe_at text is present	case.j6.run_summary.summary_text--393/20260929T152130Z-case.j6.run_summary.summary_text-muaddib-393
atlas.json	case.j6.run_summary.host_named	op	blocked	2	4.79	BLOCKED: headless mode refuses UI/face steps: no Page is opened	case.j6.run_summary.host_named--op/20260929T152158Z-case.j6.run_summary.host_named-muaddib-1440
atlas.json	case.j5.meeting_open.planned_host_disclosed	1440	pass	21	4.57	predicate: '192.168.1.43 · LAN' in observe_at text	case.j5.meeting_open.planned_host_disclosed--1440/20260929T152200Z-case.j5.meeting_open.planned_host_disclosed-muadd
atlas.json	case.j5.meeting_open.planned_host_disclosed	393	pass	22	4.57	predicate: '192.168.1.43 · LAN' in observe_at text	case.j5.meeting_open.planned_host_disclosed--393/20260929T152203Z-case.j5.meeting_open.planned_host_disclosed-muaddib
atlas.json	case.j6.run_summary.retrying	1440	blocked	0	4.76	NOTE: the case declares a provider replay at 'tests/fixtures/philo3_summary_failure_reply.json', but this run was requested with --engine 'none'; replay is installed only for an ex
atlas.json	case.j6.run_summary.retrying	393	blocked	0	4.76	NOTE: the case declares a provider replay at 'tests/fixtures/philo3_summary_failure_reply.json', but this run was requested with --engine 'none'; replay is installed only for an exp
atlas.json	case.j6.route_intelligence_run.refusal.op	op	pass	3	4.76	predicate: operation refused by name 'empty': Meeting has no transcript	case.j6.route_intelligence_run.refusal.op--op/20260929T152221Z-case.j6.route_intelligence_run.refusa
atlas.json	case.j6.route_intelligence_run.no_assignment.op	op	pass	13	4.62	predicate: operation refused by name 'route_unavailable': The summary route is not available.	case.j6.route_intelligence_run.no_assignment.op--op/20260929T152224Z-ca
atlas.json	case.j10.arrival_generate_again.same_day_idempotent.op	op	pass	3	4.62	predicate: id equals the declared value	case.j10.arrival_generate_again.same_day_idempotent.op--op/20260929T152225Z-case.j10.arrival_generate_again.same_day_id
atlas.json	case.j10.route_generate_again.same_day_same_id.op	op	pass	3	4.62	predicate: id equals the declared value	case.j10.route_generate_again.same_day_same_id.op--op/20260929T152228Z-case.j10.route_generate_again.same_day_same_id.op-mua
atlas.json	case.j10.brief_item_shelf.acknowledged.op	op	pass	3	4.33	predicate: /brief-item-91bb05668b77434c865b484927dcc580 equals the declared value	case.j10.brief_item_shelf.acknowledged.op--op/20260929T152231Z-case.j10.brief_item_shelf.a
atlas.json	case.j10.brief_item_shelf.deferred.op	op	pass	3	4.33	predicate: /brief-item-79b86661d63e4228b59e18aa190a169f equals the declared value	case.j10.brief_item_shelf.deferred.op--op/20260929T152233Z-case.j10.brief_item_shelf.deferred.
atlas.json	case.j10.brief_item_shelf.refused.op	op	fail	34	4.06	predicate: refusal error 'Unknown shelf state: shelved' does not contain ["not one of ['acknowledged', 'deferred', None]"]	case.j10.brief_item_shelf.refused.op--op/20260929T152
atlas.json	case.philo603.toast.arrival	1440	blocked	0	4.06	NOTE: the case declares a provider replay at 'tests/fixtures/philo5_summary_reply.json', but this run was requested with --engine 'none'; replay is installed only for an explicit re
atlas.json	case.philo603.toast.arrival	393	blocked	0	4.06	NOTE: the case declares a provider replay at 'tests/fixtures/philo5_summary_reply.json', but this run was requested with --engine 'none'; replay is installed only for an explicit rep
atlas.json	case.philo603.toast.meetings_window	1440	blocked	0	4.06	NOTE: the case declares a provider replay at 'tests/fixtures/philo5_summary_reply.json', but this run was requested with --engine 'none'; replay is installed only for an exp
atlas.json	case.philo603.toast.meetings_window	393	blocked	0	4.06	NOTE: the case declares a provider replay at 'tests/fixtures/philo5_summary_reply.json', but this run was requested with --engine 'none'; replay is installed only for an expl
atlas.json	case.philo603.toast.floor_list	1440	blocked	0	4.06	NOTE: the case declares a provider replay at 'tests/fixtures/philo5_summary_reply.json', but this run was requested with --engine 'none'; replay is installed only for an explicit
atlas.json	case.philo603.toast.floor_list	393	blocked	0	4.06	NOTE: the case declares a provider replay at 'tests/fixtures/philo5_summary_reply.json', but this run was requested with --engine 'none'; replay is installed only for an explicit 
atlas.json	case.philo603.toast.floor_spatial_fallback	1440	blocked	0	4.06	NOTE: the case declares a provider replay at 'tests/fixtures/philo5_summary_reply.json', but this run was requested with --engine 'none'; replay is installed only for
atlas.json	case.philo603.toast.floor_spatial_fallback	393	blocked	0	3.89	NOTE: the case declares a provider replay at 'tests/fixtures/philo5_summary_reply.json', but this run was requested with --engine 'none'; replay is installed only for 
atlas-phase3.json	case.a1.decision_face_create.opens_and_reopens	1440	pass	13	3.89	predicate: POST /api/decisions answered 400, wanted 400 (body sha256 0c2077462c5c); response body contains the declared admission facts	case.a1.decision_face
atlas-phase3.json	case.a1.decision_face_create.opens_and_reopens	393	pass	15	3.82	predicate: POST /api/decisions answered 400, wanted 400 (body sha256 8afeea1e6823); response body contains the declared admission facts	case.a1.decision_face_
atlas-phase3.json	case.a1.decision_face_create.failure_named	1440	pass	11	3.82	predicate: POST /api/decisions answered 201, wanted 201 (body sha256 e46b2901b7a3); response body contains the declared admission facts	case.a1.decision_face_cre
atlas-phase3.json	case.a1.decision_face_create.failure_named	393	pass	11	3.92	predicate: POST /api/decisions answered 201, wanted 201 (body sha256 acbec48f7cff); response body contains the declared admission facts	case.a1.decision_face_crea
atlas-phase3.json	case.a1.decisions_read.failure_named	1440	pass	11	4.16	predicate: 'READ DECISIONS FAILED' absent at observe_at	case.a1.decisions_read.failure_named--1440/20260929T152258Z-case.a1.decisions_read.failure_named-muaddib-1440
atlas-phase3.json	case.a1.decisions_read.failure_named	393	pass	11	4.15	predicate: 'READ DECISIONS FAILED' absent at observe_at	case.a1.decisions_read.failure_named--393/20260929T152302Z-case.a1.decisions_read.failure_named-muaddib-393
atlas-phase3.json	case.j11.thought_keep.receipt_time	1440	pass	12	4.15	predicate: 'KEPT ·' in observe_at text	case.j11.thought_keep.receipt_time--1440/20260929T152303Z-case.j11.thought_keep.receipt_time-muaddib-1440
atlas-phase3.json	case.j11.thought_keep.receipt_time	393	pass	12	4.96	predicate: 'KEPT ·' in observe_at text	case.j11.thought_keep.receipt_time--393/20260929T152309Z-case.j11.thought_keep.receipt_time-muaddib-393
atlas-phase3.json	case.a3.brief_next_day.decision_on_the_face	1440	pass	10	4.96	predicate: 'Review decision: Graph walk next-day decision A3' in observe_at text	case.a3.brief_next_day.decision_on_the_face--1440/20260929T152310Z-case.a3.brie
atlas-phase3.json	case.a3.brief_next_day.decision_on_the_face	393	pass	11	4.96	predicate: 'Review decision: Graph walk next-day decision A3' in observe_at text	case.a3.brief_next_day.decision_on_the_face--393/20260929T152312Z-case.a3.brief_
atlas-phase3.json	case.a3.brief_next_day.new_id_with_the_decision	1440	pass	11	4.97	predicate: POST /api/brief/generate answered 200, wanted 200 (body sha256 d36219b7cf0d); 'brief-b62993d85ed1444a98084e53af44a1cd' not in the response body; 
atlas-phase3.json	case.a3.brief_next_day.new_id_with_the_decision	393	pass	11	5.21	predicate: POST /api/brief/generate answered 200, wanted 200 (body sha256 40c8059bf49e); 'brief-092ccfc54cf640d3a442eff66c66d194' not in the response body; r
atlas-phase3.json	case.a3.brief_load_failure.named_with_retry	1440	pass	10	5.21	predicate: 'No brief yet' in observe_at text	case.a3.brief_load_failure.named_with_retry--1440/20260929T152321Z-case.a3.brief_load_failure.named_with_retry-muad
atlas-phase3.json	case.a3.brief_load_failure.named_with_retry	393	pass	11	5.21	predicate: 'No brief yet' in observe_at text	case.a3.brief_load_failure.named_with_retry--393/20260929T152323Z-case.a3.brief_load_failure.named_with_retry-muaddi
atlas-phase3.json	case.closure.chain.s1_import_complete	1440	pass	19	5.11	predicate: /meetings/0/id equals the declared value	case.closure.chain.s1_import_complete--1440/20260929T152325Z-case.closure.chain.s1_import_complete-muaddib-1440
atlas-phase3.json	case.closure.chain.s1_import_complete	393	pass	26	5.42	predicate: /meetings/0/id equals the declared value	case.closure.chain.s1_import_complete--393/20260929T152331Z-case.closure.chain.s1_import_complete-muaddib-393
atlas-phase3.json	case.closure.chain.s2_summary_with_host	1440	pass	31	5.42	predicate: '192.168.1.43' in observe_at text	case.closure.chain.s2_summary_with_host--1440/20260929T152332Z-case.closure.chain.s2_summary_with_host-muaddib-1440
atlas-phase3.json	case.closure.chain.s2_summary_with_host	393	pass	34	5.42	predicate: '192.168.1.43' in observe_at text	case.closure.chain.s2_summary_with_host--393/20260929T152333Z-case.closure.chain.s2_summary_with_host-muaddib-393
atlas-phase3.json	case.closure.chain.s3_same_summary_after_restart	1440	pass	34	5.43	predicate: observe_at text is 'The meeting covered three decisions: using SQ for the local ledger (Mayyachan to write migration plan by Friday), keeping su
atlas-phase3.json	case.closure.chain.s3_same_summary_after_restart	393	pass	33	5.07	predicate: observe_at text is 'The Synthetic Architect Meeting concluded with three decisions: Mayyachan to write a migration plan by Friday, Leo Martinez t
atlas-phase3.json	case.closure.chain.s4_decision_recorded	1440	pass	35	5.07	predicate: /decisions/0/title equals the declared value	case.closure.chain.s4_decision_recorded--1440/20260929T152403Z-case.closure.chain.s4_decision_recorded-muadd
atlas-phase3.json	case.closure.chain.s4_decision_recorded	393	pass	36	5.06	predicate: /decisions/0/title equals the declared value	case.closure.chain.s4_decision_recorded--393/20260929T152408Z-case.closure.chain.s4_decision_recorded-muaddib
atlas-phase3.json	case.philo404.arrival_triaged_headline.all_handled	1440	pass	11	5.36	predicate: 'ALL 2 HANDLED' is readable in viewport {'width': 1440, 'height': 900} with rect {'x': 256, 'y': 364, 'w': 928, 'h': 18}	case.philo404.arrival
atlas-phase3.json	case.philo404.arrival_triaged_headline.all_handled	393	pass	11	5.37	predicate: 'ALL 2 HANDLED' is readable in viewport {'width': 393, 'height': 852} with rect {'x': 12, 'y': 371, 'w': 369, 'h': 18}	case.philo404.arrival_tr
atlas-phase3.json	case.closure.chain.s5_next_day_brief_has_it	1440	pass	35	5.37	predicate: 'Review decision: Keep summary retrieval on the local desk' is readable in viewport {'width': 1440, 'height': 900} with rect {'x': 256, 'y': 359, 'w'
atlas-phase3.json	case.closure.chain.s5_next_day_brief_has_it	393	pass	38	5.34	predicate: 'Review decision: Keep summary retrieval on the local desk' is readable in viewport {'width': 393, 'height': 852} with rect {'x': 12, 'y': 356, 'w': 3
atlas-phase3.json	case.closure.chain.s5_next_day_brief_after_triage	1440	pass	43	5.47	predicate: 'Review decision: Keep summary retrieval on the local desk' in observe_at text	case.closure.chain.s5_next_day_brief_after_triage--1440/20260929
atlas-phase3.json	case.closure.chain.s5_next_day_brief_after_triage	393	pass	45	5.76	predicate: 'Review decision: Keep summary retrieval on the local desk' in observe_at text	case.closure.chain.s5_next_day_brief_after_triage--393/20260929T1
atlas-phase3.json	case.closure.chain.s5_next_day_brief_more_opened	1440	pass	38	5.34	predicate: 'Keep summary retrieval on the local desk' in observe_at text	case.closure.chain.s5_next_day_brief_more_opened--1440/20260929T152505Z-case.closu
atlas-phase3.json	case.closure.chain.s5_next_day_brief_more_opened	393	blocked	47	5.76	BLOCKED: ui step wait_for on '[data-testid=arrival-brief-more]' failed: TimeoutError: Locator.wait_for: Timeout 10000ms exceeded.	case.closure.chain.s5_n
atlas-phase3.json	case.closure.chain.s5_next_day_brief_with_breakage	1440	pass	35	5.70	predicate: 'Review decision: Keep summary retrieval on the local desk' is readable in viewport {'width': 1440, 'height': 900} with rect {'x': 256, 'y': 4
atlas-phase3.json	case.closure.chain.s5_next_day_brief_with_breakage	393	pass	35	5.49	predicate: 'Review decision: Keep summary retrieval on the local desk' is readable in viewport {'width': 393, 'height': 852} with rect {'x': 12, 'y': 356,
atlas-phase3.json	case.closure.chain.s1_import_complete.op	op	pass	11	5.02	predicate: transcription_status equals the declared value	case.closure.chain.s1_import_complete.op--op/20260929T152543Z-case.closure.chain.s1_import_complete.op-muad
atlas-phase3.json	case.closure.chain.s2_summary_with_host.op	op	pass	18	5.23	predicate: intel.summary is non-empty	case.closure.chain.s2_summary_with_host.op--op/20260929T152554Z-case.closure.chain.s2_summary_with_host.op-muaddib-1440
atlas-phase3.json	case.closure.chain.s3_same_summary_after_restart.op	op	pass	21	5.23	predicate: intel.summary is non-empty	case.closure.chain.s3_same_summary_after_restart.op--op/20260929T152558Z-case.closure.chain.s3_same_summary_after_re
atlas-phase3.json	case.closure.chain.s4_decision_recorded.op	op	pass	22	5.13	predicate: title equals the declared value	case.closure.chain.s4_decision_recorded.op--op/20260929T152603Z-case.closure.chain.s4_decision_recorded.op-muaddib-1440
atlas-phase3.json	case.a1.decision_face_create.opens_and_reopens.op	op	pass	3	5.28	predicate: operation refused by name 'mcp_refused': invalid decision status: bogus	case.a1.decision_face_create.opens_and_reopens.op--op/20260929T152604Z-cas
atlas-phase3.json	case.a3.brief_next_day.decision_on_the_face.op	op	pass	3	5.28	predicate: sections.decisions is non-empty	case.a3.brief_next_day.decision_on_the_face.op--op/20260929T152607Z-case.a3.brief_next_day.decision_on_the_face.op-mu
atlas-phase3.json	case.a3.brief_next_day.new_id_with_the_decision.op	op	pass	3	5.10	predicate: sections.decisions is non-empty	case.a3.brief_next_day.new_id_with_the_decision.op--op/20260929T152610Z-case.a3.brief_next_day.new_id_with_the_de
atlas-phase3.json	case.closure.chain.s5_next_day_brief_has_it.op	op	pass	21	5.10	predicate: sections.decisions is non-empty	case.closure.chain.s5_next_day_brief_has_it.op--op/20260929T152612Z-case.closure.chain.s5_next_day_brief_has_it.op-m
atlas-phase3.json	case.closure.chain.s5_next_day_brief_with_breakage.op	op	pass	26	5.10	predicate: sections.decisions is non-empty	case.closure.chain.s5_next_day_brief_with_breakage.op--op/20260929T152613Z-case.closure.chain.s5_next_day_bri
atlas-phase3.json	case.philo404.arrival_triaged_headline.all_handled.op	op	pass	3	4.77	predicate: /brief-item-b6c038008ea644b084fa02b1a409bae6 equals the declared value	case.philo404.arrival_triaged_headline.all_handled.op--op/20260929T1526
atlas-phase3.json	case.j11.thought_keep.receipt_time.op	op	pass	3	4.77	predicate: thought.working_note.body_markdown equals the declared value	case.j11.thought_keep.receipt_time.op--op/20260929T152623Z-case.j11.thought_keep.receipt_time.op-
atlas-phase3.json	case.closure.chain.s2_summary_with_host.op.replayed	op	blocked	0	4.71	NOTE: the case declares a provider replay at 'tests/fixtures/philo5_summary_reply.json', but this run was requested with --engine 'none'; replay is inst
atlas-phase3.json	case.closure.chain.s3_same_summary_after_restart.op.replayed	op	blocked	0	4.71	NOTE: the case declares a provider replay at 'tests/fixtures/philo5_summary_reply.json', but this run was requested with --engine 'none'; repla
atlas-phase3.json	case.closure.chain.s2_summary_with_host.replayed	1440	blocked	0	4.71	NOTE: the case declares a provider replay at 'tests/fixtures/philo5_summary_reply.json', but this run was requested with --engine 'none'; replay is insta
atlas-phase3.json	case.closure.chain.s2_summary_with_host.replayed	393	blocked	0	4.71	NOTE: the case declares a provider replay at 'tests/fixtures/philo5_summary_reply.json', but this run was requested with --engine 'none'; replay is instal
atlas-phase3.json	case.closure.chain.s3_same_summary_after_restart.replayed	1440	blocked	0	4.71	NOTE: the case declares a provider replay at 'tests/fixtures/philo5_summary_reply.json', but this run was requested with --engine 'none'; replay
atlas-phase3.json	case.closure.chain.s3_same_summary_after_restart.replayed	393	blocked	0	4.71	NOTE: the case declares a provider replay at 'tests/fixtures/philo5_summary_reply.json', but this run was requested with --engine 'none'; replay 
atlas-phase3.json	case.closure.chain.s4_saved_content	1440	pass	43	4.71	predicate: 'Keep summary retrieval on the local desk' is readable in viewport {'width': 1440, 'height': 900} with rect {'x': 1037, 'y': 219, 'w': 370, 'h': 82}	case.clo
atlas-phase3.json	case.closure.chain.s4_saved_content	393	pass	37	4.71	predicate: 'Keep summary retrieval on the local desk' is readable in viewport {'width': 393, 'height': 852} with rect {'x': 15, 'y': 479, 'w': 363, 'h': 82}	case.closure
atlas-phase3.json	case.philo504.decision_missing.refusal	1440	pass	9	4.65	predicate: GET /api/decisions/philo504-deliberately-absent answered 404, wanted 404 (body sha256 e96c1febd835); response body contains the declared admission facts	ca
atlas-phase3.json	case.philo504.decision_missing.refusal	393	pass	9	4.44	predicate: GET /api/decisions/philo504-deliberately-absent answered 404, wanted 404 (body sha256 e96c1febd835); response body contains the declared admission facts	cas
atlas-phase3.json	case.philo504.decision_missing.refusal.op	op	pass	3	4.48	predicate: operation refused by name 'not_found': Unknown decision: philo504-deliberately-absent	case.philo504.decision_missing.refusal.op--op/20260929T152642Z-case.
atlas-phase3.json	case.philo601.import_failed.badge	1440	pass	10	4.36	predicate: 'IMPORT' is readable in viewport {'width': 1440, 'height': 900} with rect {'x': 306, 'y': 450, 'w': 48, 'h': 16}	case.philo601.import_failed.badge--1440/202609
atlas-phase3.json	case.philo601.import_failed.badge	393	pass	9	4.36	predicate: 'IMPORT' is readable in viewport {'width': 393, 'height': 852} with rect {'x': 22, 'y': 361, 'w': 48, 'h': 16}	case.philo601.import_failed.badge--393/20260929T15
atlas-phase3.json	case.philo602.brief_more.destination	1440	pass	9	4.54	predicate: 'Service.' absent at observe_at	case.philo602.brief_more.destination--1440/20260929T152655Z-case.philo602.brief_more.destination-muaddib-1440
atlas-phase3.json	case.philo602.brief_more.destination	393	pass	10	4.54	predicate: 'Service.' absent at observe_at	case.philo602.brief_more.destination--393/20260929T152657Z-case.philo602.brief_more.destination-muaddib-393
TOTAL 194 runs: 110 pass, 84 not pass
retained: 194 rows, 194 run directories, 194 observations -> pm/roadmap/holdspeak-philo/phase-10-the-channels/assets/story-05-shots/base-dce3afa9
rig exit 1; retain exit 0
=== base-before exit 1 15:27:09Z
