...........ssssssssssssssssssssss.........ssssss............s..s........ [  0%]
..................ssssssssssss....sssssssss......................ssss... [  1%]
.ssssss........................F........................................ [  1%]
........................................................................ [  2%]
......................F..................xxxx.......F..........F........ [  3%]
...........FF....FF...F......................FF......................... [  3%]
ssssssssss.s............................................................ [  4%]
........................................................................ [  4%]
.....................s...............sss................................ [  5%]
........................................................................ [  6%]
........................................................................ [  6%]
........................................................................ [  7%]
........................................................................ [  8%]
........................................................................ [  8%]
....................................ss....................ss............ [  9%]
..........................................................s............. [  9%]
........................................................................ [ 10%]
........................................................................ [ 11%]
........................................................................ [ 11%]
........................................................................ [ 12%]
........................................................................ [ 12%]
........................................................................ [ 13%]
........................................................................ [ 14%]
........................................................................ [ 14%]
......ss..........s..................................................... [ 15%]
........................................................................ [ 16%]
........................................................................ [ 16%]
........................................................................ [ 17%]
........................................................................ [ 17%]
........................................................................ [ 18%]
........................................................................ [ 19%]
........................................................................ [ 19%]
........................................................................ [ 20%]
........................................................................ [ 20%]
........................................................................ [ 21%]
........................................................................ [ 22%]
........................................................................ [ 22%]
........................................................................ [ 23%]
........................................................................ [ 24%]
........................................................................ [ 24%]
........................................................................ [ 25%]
........................................................................ [ 25%]
........................................................................ [ 26%]
........................................................................ [ 27%]
........................................................................ [ 27%]
............................................................s........... [ 28%]
........................................................................ [ 29%]
........................................................................ [ 29%]
........................................................................ [ 30%]
........................................................................ [ 30%]
........................................................s............... [ 31%]
........................................................................ [ 32%]
........................................................................ [ 32%]
....................................s........ss...ss.................... [ 33%]
......s......sssss...................................................... [ 33%]
........................................................................ [ 34%]
........................................................................ [ 35%]
........................................................................ [ 35%]
........................................................................ [ 36%]
........................................................................ [ 37%]
........................................................................ [ 37%]
........................................................................ [ 38%]
..................ss.................................................... [ 38%]
.....E.................EEEEEE.EE.......F..EE............................ [ 39%]
........................................................................ [ 40%]
......................s................................................. [ 40%]
........................................................................ [ 41%]
........................................................................ [ 41%]
........................................................................ [ 42%]
........................................................................ [ 43%]
........................................................................ [ 43%]
........................................................................ [ 44%]
........................................................................ [ 45%]
........................................................................ [ 45%]
........................................................................ [ 46%]
........................................................................ [ 46%]
........................................................................ [ 47%]
........................................................................ [ 48%]
........................................................................ [ 48%]
........................................................................ [ 49%]
........................................................................ [ 49%]
........................................................................ [ 50%]
........................................................................ [ 51%]
........................................................................ [ 51%]
........................................................................ [ 52%]
........................................................................ [ 53%]
........................................................................ [ 53%]
........................................................................ [ 54%]
........................................................................ [ 54%]
........................................................................ [ 55%]
........................................................................ [ 56%]
........................................................................ [ 56%]
........................................................................ [ 57%]
........................................................................ [ 58%]
........................................................................ [ 58%]
........................................................................ [ 59%]
........................................................................ [ 59%]
........................................................................ [ 60%]
........................................................................ [ 61%]
........................................................................ [ 61%]
........................................................................ [ 62%]
........................................................................ [ 62%]
........................................................................ [ 63%]
..............................................s..sss.....F.............. [ 64%]
........................................................................ [ 64%]
........................................................................ [ 65%]
....................................F................................... [ 66%]
........................................................................ [ 66%]
........................................................................ [ 67%]
........................................................................ [ 67%]
........................................................................ [ 68%]
........................................................................ [ 69%]
........................................................................ [ 69%]
........................................................................ [ 70%]
........................................................................ [ 70%]
........................................................................ [ 71%]
........................................................................ [ 72%]
........................................................................ [ 72%]
........................................................................ [ 73%]
........................................................................ [ 74%]
........................................................F............... [ 74%]
........................................................................ [ 75%]
........................................................................ [ 75%]
........................................................................ [ 76%]
........................................................................ [ 77%]
........................................................................ [ 77%]
........................................................................ [ 78%]
........................................................................ [ 78%]
........................................................................ [ 79%]
........................................s............................... [ 80%]
........................................................................ [ 80%]
.....................................s.................................. [ 81%]
........................................................................ [ 82%]
........................................................................ [ 82%]
........................................................................ [ 83%]
........................................................................ [ 83%]
........................................................................ [ 84%]
........................................................................ [ 85%]
........................................................................ [ 85%]
........................................................................ [ 86%]
........................................................................ [ 87%]
........................................................................ [ 87%]
........................................................................ [ 88%]
........................................................................ [ 88%]
........................................................................ [ 89%]
........................................................................ [ 90%]
........................................................................ [ 90%]
........................................................................ [ 91%]
........................................................................ [ 91%]
........................................................................ [ 92%]
........................................................................ [ 93%]
........................................................................ [ 93%]
........................................................................ [ 94%]
........................................................................ [ 95%]
.................................s...................................... [ 95%]
........................................................................ [ 96%]
........................................................................ [ 96%]
........................................................................ [ 97%]
........................................................................ [ 98%]
........................................................................ [ 98%]
..............................s......................................... [ 99%]
........................................................................ [ 99%]
....                                                                     [100%]
==================================== ERRORS ====================================
_ ERROR at setup of test_a_captured_value_drives_a_later_step_and_the_predicate _

tmp_path_factory = TempPathFactory(_given_basetemp=None, _trace=<pluggy._tracing.TagTracerSub object at 0x109bd5350>, _basetemp=PosixPath.../folders/q7/5dzz5g2116b3lq8rhg7hwjrr0000gn/T/pytest-of-karol/pytest-357'), _retention_count=3, _retention_policy='all')

    @pytest.fixture(scope="module")
    def predicate_calibration(tmp_path_factory):
        """All four new kinds, on the calibration page and its protocol surface,
        through the same engine a real case uses."""
        out = tmp_path_factory.mktemp("graph-walk-predicates")
>       records = calibrate(out, cases=CALIBRATION_PREDICATE_CASES)
                  ^^^^^^^^^^^^^^^^^^^^^^^^^^^^^^^^^^^^^^^^^^^^^^^^^

tests/unit/test_graph_walk_calibration.py:668: 
_ _ _ _ _ _ _ _ _ _ _ _ _ _ _ _ _ _ _ _ _ _ _ _ _ _ _ _ _ _ _ _ _ _ _ _ _ _ _ _ 
scripts/graph_walk.py:3400: in calibrate
    exercise(page, case, recorder=recorder, hub=fixture,
scripts/graph_walk.py:3083: in exercise
    trigger_record = run_step(trigger, page, hub, provenance, pre_case,
_ _ _ _ _ _ _ _ _ _ _ _ _ _ _ _ _ _ _ _ _ _ _ _ _ _ _ _ _ _ _ _ _ _ _ _ _ _ _ _ 

step = {'action': 'restart_hub', 'adapter': 'process', 'kind': 'cli'}
page = <Page url='http://127.0.0.1:53191/'>
hub = <scripts.graph_walk.CalibrationServer object at 0x1769c7950>
provenance = {'boundary_substitutions': [], 'brief_sha256': 'ba5477fd07dba564a4e38fcf479838a511444eed3ed0c02e61aaa522358c7800', 'cl...ers/q7/5dzz5g2116b3lq8rhg7hwjrr0000gn/T/pytest-of-karol/pytest-357/graph-walk-predicates0/calibration-state.json', ...}
case = {'applicability': 'applicable', 'completion_bound_s': 60, 'edge_ids': ['cal:l'], 'expected': {'observe_at': 'protocol: GET /state', 'predicate': {'kind': 'protocol_field', 'path': 'note', 'value': 'the summary'}}, ...}

    def run_step(step: dict[str, Any], page: Any, hub: Hub | None,
                 provenance: dict[str, Any], case: dict[str, Any] | None = None,
                 *, allow_error: bool = False,
                 variables: dict[str, str] | None = None) -> dict[str, Any]:
        """One setup step or the trigger, by kind. Records the adapter it drove."""
        kind = step.get("kind")
        if kind not in STEP_KINDS:
            raise Blocked(f"step kind {kind!r} is not in the rig's vocabulary "
                          f"{sorted(STEP_KINDS)}; nothing was fired")
        variables = variables if variables is not None else {}
        step = substitute(step, variables)
        missing = unresolved({f: step.get(f) for f in _SUBSTITUTED_FIELDS})
        if missing:
            raise Blocked(
                f"unresolved placeholder(s) {sorted(set(missing))} in the {kind} "
                "step; nothing was sent. A `{name}` is filled by an earlier step's "
                "`capture_as`, never sent literally.")
    
        if kind == "check":
            # The same evaluator a verdict uses, at the point it stands. It is
            # given a bounded wait: a face that is still loading has not yet
            # refused the precondition.
            probe_case = {"expected": {"observe_at": step.get("observe_at"),
                                       "predicate": step.get("predicate")}}
            deadline = time.monotonic() + float(step.get("timeout_s", 5))
            waited = 0.0
            while True:
                snap = snapshot(page, probe_case, hub)
                ok, why = check_predicate(step.get("predicate"), snap, snap)
                if ok or time.monotonic() >= deadline:
                    break
                if page is not None:
                    page.wait_for_timeout(300)
                waited = round(time.monotonic() - (deadline - float(step.get("timeout_s", 5))), 2)
            record = {"kind": "check", "observe_at": step.get("observe_at"),
                      "predicate": step.get("predicate"),
                      "adapter": step.get("adapter", "observation"),
                      "waited_s": waited, "holds": ok, "reading": why}
            if not ok:
                raise Blocked(
                    f"precondition not met: {step.get('predicate')} at "
                    f"{step.get('observe_at')!r} — {why}")
            return record
    
        if kind == "ui":
            return _ui_step(page, step, hub)
        if kind == "api":
            if hub is None:
                raise Blocked("an api step needs a hub; this pass has none")
            status, payload = hub.api(step["method"], step["path"], step.get("body"))
            record = {"kind": "api", "method": step["method"], "path": step["path"],
                      "adapter": step.get("adapter", "http-route"), "status": status,
                      "response": payload if isinstance(payload, (dict, list)) else str(payload)[:600],
                      "response_sha256": hashlib.sha256(
                          json.dumps(payload, sort_keys=True, default=str).encode()).hexdigest()}
            want = step.get("expect_status")
            if want is not None and status != want:
                raise Blocked(f"{step['method']} {step['path']} answered {status}, wanted {want}: {record['response']}"[:500])
            # A SETUP step that errors means the preconditions were never reached,
            # so the case is blocked. A TRIGGER's error status is the observation
            # itself (an intelligible refusal is a promised result), so it is
            # recorded and the predicate decides.
            if want is None and status >= 400 and not allow_error:
                raise Blocked(f"{step['method']} {step['path']} answered {status}: {record['response']}"[:500])
            name = step.get("capture_as")
            if name:
                where = step.get("capture_path", "id")
                found, value = _json_path(payload, where)
                if not found or value is None:
                    raise Blocked(
                        f"capture_as {name!r}: no value at {where!r} in the response "
                        f"of {step['method']} {step['path']}")
                variables[name] = str(value)
                record["captured"] = {"name": name, "path": where, "value": str(value)}
            return record
        if kind == "fixture":
            if hub is None:
                raise Blocked("a fixture step needs a hub; this pass has none")
            wav = REPO / step["path"]
            if not wav.exists():
                raise Blocked(f"fixture {wav} does not exist")
            provenance["fixture_hashes"][step["path"]] = _sha256(wav)
            route = step.get("route")
            if not route:
                raise Blocked(
                    f"no documented input boundary declared for {step['path']}; "
                    "the rig never opens a microphone")
            status, payload = hub.upload(
                route["method"], route["path"], wav, step.get("field", "file"),
                form=step.get("form"))
            record = {"kind": "fixture", "path": step["path"], "route": route,
                      "adapter": step.get("adapter", "http-route"), "status": status,
                      "response": payload if isinstance(payload, (dict, list)) else str(payload)[:600]}
            want_status = step.get("expect_status")
            if want_status is not None and status != want_status:
                raise Blocked(
                    f"{route['method']} {route['path']} answered {status}, "
                    f"wanted {want_status}: {record['response']}"[:500])
            if status >= 400:
                raise Blocked(f"the input boundary answered {status}: {record['response']}"[:500])
            name = step.get("capture_as")
            if name:
                # the import route answers 202 {"meeting_id": …, "status": "importing"}
                # (holdspeak/services/meeting_service.py:226), so an import case
                # declares `capture_path: "meeting_id"`.
                where = step.get("capture_path", "id")
                found, value = _json_path(payload, where)
                if not found or value is None:
                    raise Blocked(
                        f"capture_as {name!r}: no value at {where!r} in the response "
                        f"of the input boundary {route['method']} {route['path']} "
                        f"(it answered {record['response']})"[:500])
                variables[name] = str(value)
                record["captured"] = {"name": name, "path": where, "value": str(value)}
            if step.get("wait_for"):
                record["completion_wait"] = wait_for_fixture_completion(
                    hub, step["wait_for"], variables)
            return record
        if kind == "cli":
            action = step.get("action")
            if action != "restart_hub":
                raise Blocked(
                    f"cli command {(step.get('command') or action)!r} is not "
                    "implemented in this rig; the case is blocked, not claimed. The "
                    "one implemented command is action 'restart_hub'.")
            if hub is None or not hasattr(hub, "restart"):
                raise Blocked("a restart_hub step needs the rig's own hub process")
            resolved_case = substitute(case or {}, variables)
            before_restart = snapshot(page, resolved_case, hub) if page is not None else None
            record = {"kind": "cli", "action": "restart_hub",
                      "adapter": step.get("adapter", "process"), **hub.restart()}
            after_restart = snapshot(page, resolved_case, hub) if page is not None else None
            record["hub_identity"] = {
>               "url": hub.url,
                       ^^^^^^^
                "port": hub.port,
                "db_path": hub.db_path,
                "stopped_pid": record.get("stopped_pid"),
                "started_pid": record.get("started_pid"),
            }
E           AttributeError: 'CalibrationServer' object has no attribute 'url'

scripts/graph_walk.py:2505: AttributeError
_______ ERROR at setup of test_every_new_predicate_kind_gets_its_verdict _______

tmp_path_factory = TempPathFactory(_given_basetemp=None, _trace=<pluggy._tracing.TagTracerSub object at 0x109bd5350>, _basetemp=PosixPath.../folders/q7/5dzz5g2116b3lq8rhg7hwjrr0000gn/T/pytest-of-karol/pytest-357'), _retention_count=3, _retention_policy='all')

    @pytest.fixture(scope="module")
    def predicate_calibration(tmp_path_factory):
        """All four new kinds, on the calibration page and its protocol surface,
        through the same engine a real case uses."""
        out = tmp_path_factory.mktemp("graph-walk-predicates")
>       records = calibrate(out, cases=CALIBRATION_PREDICATE_CASES)
                  ^^^^^^^^^^^^^^^^^^^^^^^^^^^^^^^^^^^^^^^^^^^^^^^^^

tests/unit/test_graph_walk_calibration.py:668: 
_ _ _ _ _ _ _ _ _ _ _ _ _ _ _ _ _ _ _ _ _ _ _ _ _ _ _ _ _ _ _ _ _ _ _ _ _ _ _ _ 
scripts/graph_walk.py:3400: in calibrate
    exercise(page, case, recorder=recorder, hub=fixture,
scripts/graph_walk.py:3083: in exercise
    trigger_record = run_step(trigger, page, hub, provenance, pre_case,
_ _ _ _ _ _ _ _ _ _ _ _ _ _ _ _ _ _ _ _ _ _ _ _ _ _ _ _ _ _ _ _ _ _ _ _ _ _ _ _ 

step = {'action': 'restart_hub', 'adapter': 'process', 'kind': 'cli'}
page = <Page url='http://127.0.0.1:53191/'>
hub = <scripts.graph_walk.CalibrationServer object at 0x1769c7950>
provenance = {'boundary_substitutions': [], 'brief_sha256': 'ba5477fd07dba564a4e38fcf479838a511444eed3ed0c02e61aaa522358c7800', 'cl...ers/q7/5dzz5g2116b3lq8rhg7hwjrr0000gn/T/pytest-of-karol/pytest-357/graph-walk-predicates0/calibration-state.json', ...}
case = {'applicability': 'applicable', 'completion_bound_s': 60, 'edge_ids': ['cal:l'], 'expected': {'observe_at': 'protocol: GET /state', 'predicate': {'kind': 'protocol_field', 'path': 'note', 'value': 'the summary'}}, ...}

    def run_step(step: dict[str, Any], page: Any, hub: Hub | None,
                 provenance: dict[str, Any], case: dict[str, Any] | None = None,
                 *, allow_error: bool = False,
                 variables: dict[str, str] | None = None) -> dict[str, Any]:
        """One setup step or the trigger, by kind. Records the adapter it drove."""
        kind = step.get("kind")
        if kind not in STEP_KINDS:
            raise Blocked(f"step kind {kind!r} is not in the rig's vocabulary "
                          f"{sorted(STEP_KINDS)}; nothing was fired")
        variables = variables if variables is not None else {}
        step = substitute(step, variables)
        missing = unresolved({f: step.get(f) for f in _SUBSTITUTED_FIELDS})
        if missing:
            raise Blocked(
                f"unresolved placeholder(s) {sorted(set(missing))} in the {kind} "
                "step; nothing was sent. A `{name}` is filled by an earlier step's "
                "`capture_as`, never sent literally.")
    
        if kind == "check":
            # The same evaluator a verdict uses, at the point it stands. It is
            # given a bounded wait: a face that is still loading has not yet
            # refused the precondition.
            probe_case = {"expected": {"observe_at": step.get("observe_at"),
                                       "predicate": step.get("predicate")}}
            deadline = time.monotonic() + float(step.get("timeout_s", 5))
            waited = 0.0
            while True:
                snap = snapshot(page, probe_case, hub)
                ok, why = check_predicate(step.get("predicate"), snap, snap)
                if ok or time.monotonic() >= deadline:
                    break
                if page is not None:
                    page.wait_for_timeout(300)
                waited = round(time.monotonic() - (deadline - float(step.get("timeout_s", 5))), 2)
            record = {"kind": "check", "observe_at": step.get("observe_at"),
                      "predicate": step.get("predicate"),
                      "adapter": step.get("adapter", "observation"),
                      "waited_s": waited, "holds": ok, "reading": why}
            if not ok:
                raise Blocked(
                    f"precondition not met: {step.get('predicate')} at "
                    f"{step.get('observe_at')!r} — {why}")
            return record
    
        if kind == "ui":
            return _ui_step(page, step, hub)
        if kind == "api":
            if hub is None:
                raise Blocked("an api step needs a hub; this pass has none")
            status, payload = hub.api(step["method"], step["path"], step.get("body"))
            record = {"kind": "api", "method": step["method"], "path": step["path"],
                      "adapter": step.get("adapter", "http-route"), "status": status,
                      "response": payload if isinstance(payload, (dict, list)) else str(payload)[:600],
                      "response_sha256": hashlib.sha256(
                          json.dumps(payload, sort_keys=True, default=str).encode()).hexdigest()}
            want = step.get("expect_status")
            if want is not None and status != want:
                raise Blocked(f"{step['method']} {step['path']} answered {status}, wanted {want}: {record['response']}"[:500])
            # A SETUP step that errors means the preconditions were never reached,
            # so the case is blocked. A TRIGGER's error status is the observation
            # itself (an intelligible refusal is a promised result), so it is
            # recorded and the predicate decides.
            if want is None and status >= 400 and not allow_error:
                raise Blocked(f"{step['method']} {step['path']} answered {status}: {record['response']}"[:500])
            name = step.get("capture_as")
            if name:
                where = step.get("capture_path", "id")
                found, value = _json_path(payload, where)
                if not found or value is None:
                    raise Blocked(
                        f"capture_as {name!r}: no value at {where!r} in the response "
                        f"of {step['method']} {step['path']}")
                variables[name] = str(value)
                record["captured"] = {"name": name, "path": where, "value": str(value)}
            return record
        if kind == "fixture":
            if hub is None:
                raise Blocked("a fixture step needs a hub; this pass has none")
            wav = REPO / step["path"]
            if not wav.exists():
                raise Blocked(f"fixture {wav} does not exist")
            provenance["fixture_hashes"][step["path"]] = _sha256(wav)
            route = step.get("route")
            if not route:
                raise Blocked(
                    f"no documented input boundary declared for {step['path']}; "
                    "the rig never opens a microphone")
            status, payload = hub.upload(
                route["method"], route["path"], wav, step.get("field", "file"),
                form=step.get("form"))
            record = {"kind": "fixture", "path": step["path"], "route": route,
                      "adapter": step.get("adapter", "http-route"), "status": status,
                      "response": payload if isinstance(payload, (dict, list)) else str(payload)[:600]}
            want_status = step.get("expect_status")
            if want_status is not None and status != want_status:
                raise Blocked(
                    f"{route['method']} {route['path']} answered {status}, "
                    f"wanted {want_status}: {record['response']}"[:500])
            if status >= 400:
                raise Blocked(f"the input boundary answered {status}: {record['response']}"[:500])
            name = step.get("capture_as")
            if name:
                # the import route answers 202 {"meeting_id": …, "status": "importing"}
                # (holdspeak/services/meeting_service.py:226), so an import case
                # declares `capture_path: "meeting_id"`.
                where = step.get("capture_path", "id")
                found, value = _json_path(payload, where)
                if not found or value is None:
                    raise Blocked(
                        f"capture_as {name!r}: no value at {where!r} in the response "
                        f"of the input boundary {route['method']} {route['path']} "
                        f"(it answered {record['response']})"[:500])
                variables[name] = str(value)
                record["captured"] = {"name": name, "path": where, "value": str(value)}
            if step.get("wait_for"):
                record["completion_wait"] = wait_for_fixture_completion(
                    hub, step["wait_for"], variables)
            return record
        if kind == "cli":
            action = step.get("action")
            if action != "restart_hub":
                raise Blocked(
                    f"cli command {(step.get('command') or action)!r} is not "
                    "implemented in this rig; the case is blocked, not claimed. The "
                    "one implemented command is action 'restart_hub'.")
            if hub is None or not hasattr(hub, "restart"):
                raise Blocked("a restart_hub step needs the rig's own hub process")
            resolved_case = substitute(case or {}, variables)
            before_restart = snapshot(page, resolved_case, hub) if page is not None else None
            record = {"kind": "cli", "action": "restart_hub",
                      "adapter": step.get("adapter", "process"), **hub.restart()}
            after_restart = snapshot(page, resolved_case, hub) if page is not None else None
            record["hub_identity"] = {
>               "url": hub.url,
                       ^^^^^^^
                "port": hub.port,
                "db_path": hub.db_path,
                "stopped_pid": record.get("stopped_pid"),
                "started_pid": record.get("started_pid"),
            }
E           AttributeError: 'CalibrationServer' object has no attribute 'url'

scripts/graph_walk.py:2505: AttributeError
_ ERROR at setup of test_a_refusal_status_is_read_from_the_triggers_own_response _

tmp_path_factory = TempPathFactory(_given_basetemp=None, _trace=<pluggy._tracing.TagTracerSub object at 0x109bd5350>, _basetemp=PosixPath.../folders/q7/5dzz5g2116b3lq8rhg7hwjrr0000gn/T/pytest-of-karol/pytest-357'), _retention_count=3, _retention_policy='all')

    @pytest.fixture(scope="module")
    def predicate_calibration(tmp_path_factory):
        """All four new kinds, on the calibration page and its protocol surface,
        through the same engine a real case uses."""
        out = tmp_path_factory.mktemp("graph-walk-predicates")
>       records = calibrate(out, cases=CALIBRATION_PREDICATE_CASES)
                  ^^^^^^^^^^^^^^^^^^^^^^^^^^^^^^^^^^^^^^^^^^^^^^^^^

tests/unit/test_graph_walk_calibration.py:668: 
_ _ _ _ _ _ _ _ _ _ _ _ _ _ _ _ _ _ _ _ _ _ _ _ _ _ _ _ _ _ _ _ _ _ _ _ _ _ _ _ 
scripts/graph_walk.py:3400: in calibrate
    exercise(page, case, recorder=recorder, hub=fixture,
scripts/graph_walk.py:3083: in exercise
    trigger_record = run_step(trigger, page, hub, provenance, pre_case,
_ _ _ _ _ _ _ _ _ _ _ _ _ _ _ _ _ _ _ _ _ _ _ _ _ _ _ _ _ _ _ _ _ _ _ _ _ _ _ _ 

step = {'action': 'restart_hub', 'adapter': 'process', 'kind': 'cli'}
page = <Page url='http://127.0.0.1:53191/'>
hub = <scripts.graph_walk.CalibrationServer object at 0x1769c7950>
provenance = {'boundary_substitutions': [], 'brief_sha256': 'ba5477fd07dba564a4e38fcf479838a511444eed3ed0c02e61aaa522358c7800', 'cl...ers/q7/5dzz5g2116b3lq8rhg7hwjrr0000gn/T/pytest-of-karol/pytest-357/graph-walk-predicates0/calibration-state.json', ...}
case = {'applicability': 'applicable', 'completion_bound_s': 60, 'edge_ids': ['cal:l'], 'expected': {'observe_at': 'protocol: GET /state', 'predicate': {'kind': 'protocol_field', 'path': 'note', 'value': 'the summary'}}, ...}

    def run_step(step: dict[str, Any], page: Any, hub: Hub | None,
                 provenance: dict[str, Any], case: dict[str, Any] | None = None,
                 *, allow_error: bool = False,
                 variables: dict[str, str] | None = None) -> dict[str, Any]:
        """One setup step or the trigger, by kind. Records the adapter it drove."""
        kind = step.get("kind")
        if kind not in STEP_KINDS:
            raise Blocked(f"step kind {kind!r} is not in the rig's vocabulary "
                          f"{sorted(STEP_KINDS)}; nothing was fired")
        variables = variables if variables is not None else {}
        step = substitute(step, variables)
        missing = unresolved({f: step.get(f) for f in _SUBSTITUTED_FIELDS})
        if missing:
            raise Blocked(
                f"unresolved placeholder(s) {sorted(set(missing))} in the {kind} "
                "step; nothing was sent. A `{name}` is filled by an earlier step's "
                "`capture_as`, never sent literally.")
    
        if kind == "check":
            # The same evaluator a verdict uses, at the point it stands. It is
            # given a bounded wait: a face that is still loading has not yet
            # refused the precondition.
            probe_case = {"expected": {"observe_at": step.get("observe_at"),
                                       "predicate": step.get("predicate")}}
            deadline = time.monotonic() + float(step.get("timeout_s", 5))
            waited = 0.0
            while True:
                snap = snapshot(page, probe_case, hub)
                ok, why = check_predicate(step.get("predicate"), snap, snap)
                if ok or time.monotonic() >= deadline:
                    break
                if page is not None:
                    page.wait_for_timeout(300)
                waited = round(time.monotonic() - (deadline - float(step.get("timeout_s", 5))), 2)
            record = {"kind": "check", "observe_at": step.get("observe_at"),
                      "predicate": step.get("predicate"),
                      "adapter": step.get("adapter", "observation"),
                      "waited_s": waited, "holds": ok, "reading": why}
            if not ok:
                raise Blocked(
                    f"precondition not met: {step.get('predicate')} at "
                    f"{step.get('observe_at')!r} — {why}")
            return record
    
        if kind == "ui":
            return _ui_step(page, step, hub)
        if kind == "api":
            if hub is None:
                raise Blocked("an api step needs a hub; this pass has none")
            status, payload = hub.api(step["method"], step["path"], step.get("body"))
            record = {"kind": "api", "method": step["method"], "path": step["path"],
                      "adapter": step.get("adapter", "http-route"), "status": status,
                      "response": payload if isinstance(payload, (dict, list)) else str(payload)[:600],
                      "response_sha256": hashlib.sha256(
                          json.dumps(payload, sort_keys=True, default=str).encode()).hexdigest()}
            want = step.get("expect_status")
            if want is not None and status != want:
                raise Blocked(f"{step['method']} {step['path']} answered {status}, wanted {want}: {record['response']}"[:500])
            # A SETUP step that errors means the preconditions were never reached,
            # so the case is blocked. A TRIGGER's error status is the observation
            # itself (an intelligible refusal is a promised result), so it is
            # recorded and the predicate decides.
            if want is None and status >= 400 and not allow_error:
                raise Blocked(f"{step['method']} {step['path']} answered {status}: {record['response']}"[:500])
            name = step.get("capture_as")
            if name:
                where = step.get("capture_path", "id")
                found, value = _json_path(payload, where)
                if not found or value is None:
                    raise Blocked(
                        f"capture_as {name!r}: no value at {where!r} in the response "
                        f"of {step['method']} {step['path']}")
                variables[name] = str(value)
                record["captured"] = {"name": name, "path": where, "value": str(value)}
            return record
        if kind == "fixture":
            if hub is None:
                raise Blocked("a fixture step needs a hub; this pass has none")
            wav = REPO / step["path"]
            if not wav.exists():
                raise Blocked(f"fixture {wav} does not exist")
            provenance["fixture_hashes"][step["path"]] = _sha256(wav)
            route = step.get("route")
            if not route:
                raise Blocked(
                    f"no documented input boundary declared for {step['path']}; "
                    "the rig never opens a microphone")
            status, payload = hub.upload(
                route["method"], route["path"], wav, step.get("field", "file"),
                form=step.get("form"))
            record = {"kind": "fixture", "path": step["path"], "route": route,
                      "adapter": step.get("adapter", "http-route"), "status": status,
                      "response": payload if isinstance(payload, (dict, list)) else str(payload)[:600]}
            want_status = step.get("expect_status")
            if want_status is not None and status != want_status:
                raise Blocked(
                    f"{route['method']} {route['path']} answered {status}, "
                    f"wanted {want_status}: {record['response']}"[:500])
            if status >= 400:
                raise Blocked(f"the input boundary answered {status}: {record['response']}"[:500])
            name = step.get("capture_as")
            if name:
                # the import route answers 202 {"meeting_id": …, "status": "importing"}
                # (holdspeak/services/meeting_service.py:226), so an import case
                # declares `capture_path: "meeting_id"`.
                where = step.get("capture_path", "id")
                found, value = _json_path(payload, where)
                if not found or value is None:
                    raise Blocked(
                        f"capture_as {name!r}: no value at {where!r} in the response "
                        f"of the input boundary {route['method']} {route['path']} "
                        f"(it answered {record['response']})"[:500])
                variables[name] = str(value)
                record["captured"] = {"name": name, "path": where, "value": str(value)}
            if step.get("wait_for"):
                record["completion_wait"] = wait_for_fixture_completion(
                    hub, step["wait_for"], variables)
            return record
        if kind == "cli":
            action = step.get("action")
            if action != "restart_hub":
                raise Blocked(
                    f"cli command {(step.get('command') or action)!r} is not "
                    "implemented in this rig; the case is blocked, not claimed. The "
                    "one implemented command is action 'restart_hub'.")
            if hub is None or not hasattr(hub, "restart"):
                raise Blocked("a restart_hub step needs the rig's own hub process")
            resolved_case = substitute(case or {}, variables)
            before_restart = snapshot(page, resolved_case, hub) if page is not None else None
            record = {"kind": "cli", "action": "restart_hub",
                      "adapter": step.get("adapter", "process"), **hub.restart()}
            after_restart = snapshot(page, resolved_case, hub) if page is not None else None
            record["hub_identity"] = {
>               "url": hub.url,
                       ^^^^^^^
                "port": hub.port,
                "db_path": hub.db_path,
                "stopped_pid": record.get("stopped_pid"),
                "started_pid": record.get("started_pid"),
            }
E           AttributeError: 'CalibrationServer' object has no attribute 'url'

scripts/graph_walk.py:2505: AttributeError
________ ERROR at setup of test_a_row_gone_is_named_never_merely_fewer _________

tmp_path_factory = TempPathFactory(_given_basetemp=None, _trace=<pluggy._tracing.TagTracerSub object at 0x109bd5350>, _basetemp=PosixPath.../folders/q7/5dzz5g2116b3lq8rhg7hwjrr0000gn/T/pytest-of-karol/pytest-357'), _retention_count=3, _retention_policy='all')

    @pytest.fixture(scope="module")
    def predicate_calibration(tmp_path_factory):
        """All four new kinds, on the calibration page and its protocol surface,
        through the same engine a real case uses."""
        out = tmp_path_factory.mktemp("graph-walk-predicates")
>       records = calibrate(out, cases=CALIBRATION_PREDICATE_CASES)
                  ^^^^^^^^^^^^^^^^^^^^^^^^^^^^^^^^^^^^^^^^^^^^^^^^^

tests/unit/test_graph_walk_calibration.py:668: 
_ _ _ _ _ _ _ _ _ _ _ _ _ _ _ _ _ _ _ _ _ _ _ _ _ _ _ _ _ _ _ _ _ _ _ _ _ _ _ _ 
scripts/graph_walk.py:3400: in calibrate
    exercise(page, case, recorder=recorder, hub=fixture,
scripts/graph_walk.py:3083: in exercise
    trigger_record = run_step(trigger, page, hub, provenance, pre_case,
_ _ _ _ _ _ _ _ _ _ _ _ _ _ _ _ _ _ _ _ _ _ _ _ _ _ _ _ _ _ _ _ _ _ _ _ _ _ _ _ 

step = {'action': 'restart_hub', 'adapter': 'process', 'kind': 'cli'}
page = <Page url='http://127.0.0.1:53191/'>
hub = <scripts.graph_walk.CalibrationServer object at 0x1769c7950>
provenance = {'boundary_substitutions': [], 'brief_sha256': 'ba5477fd07dba564a4e38fcf479838a511444eed3ed0c02e61aaa522358c7800', 'cl...ers/q7/5dzz5g2116b3lq8rhg7hwjrr0000gn/T/pytest-of-karol/pytest-357/graph-walk-predicates0/calibration-state.json', ...}
case = {'applicability': 'applicable', 'completion_bound_s': 60, 'edge_ids': ['cal:l'], 'expected': {'observe_at': 'protocol: GET /state', 'predicate': {'kind': 'protocol_field', 'path': 'note', 'value': 'the summary'}}, ...}

    def run_step(step: dict[str, Any], page: Any, hub: Hub | None,
                 provenance: dict[str, Any], case: dict[str, Any] | None = None,
                 *, allow_error: bool = False,
                 variables: dict[str, str] | None = None) -> dict[str, Any]:
        """One setup step or the trigger, by kind. Records the adapter it drove."""
        kind = step.get("kind")
        if kind not in STEP_KINDS:
            raise Blocked(f"step kind {kind!r} is not in the rig's vocabulary "
                          f"{sorted(STEP_KINDS)}; nothing was fired")
        variables = variables if variables is not None else {}
        step = substitute(step, variables)
        missing = unresolved({f: step.get(f) for f in _SUBSTITUTED_FIELDS})
        if missing:
            raise Blocked(
                f"unresolved placeholder(s) {sorted(set(missing))} in the {kind} "
                "step; nothing was sent. A `{name}` is filled by an earlier step's "
                "`capture_as`, never sent literally.")
    
        if kind == "check":
            # The same evaluator a verdict uses, at the point it stands. It is
            # given a bounded wait: a face that is still loading has not yet
            # refused the precondition.
            probe_case = {"expected": {"observe_at": step.get("observe_at"),
                                       "predicate": step.get("predicate")}}
            deadline = time.monotonic() + float(step.get("timeout_s", 5))
            waited = 0.0
            while True:
                snap = snapshot(page, probe_case, hub)
                ok, why = check_predicate(step.get("predicate"), snap, snap)
                if ok or time.monotonic() >= deadline:
                    break
                if page is not None:
                    page.wait_for_timeout(300)
                waited = round(time.monotonic() - (deadline - float(step.get("timeout_s", 5))), 2)
            record = {"kind": "check", "observe_at": step.get("observe_at"),
                      "predicate": step.get("predicate"),
                      "adapter": step.get("adapter", "observation"),
                      "waited_s": waited, "holds": ok, "reading": why}
            if not ok:
                raise Blocked(
                    f"precondition not met: {step.get('predicate')} at "
                    f"{step.get('observe_at')!r} — {why}")
            return record
    
        if kind == "ui":
            return _ui_step(page, step, hub)
        if kind == "api":
            if hub is None:
                raise Blocked("an api step needs a hub; this pass has none")
            status, payload = hub.api(step["method"], step["path"], step.get("body"))
            record = {"kind": "api", "method": step["method"], "path": step["path"],
                      "adapter": step.get("adapter", "http-route"), "status": status,
                      "response": payload if isinstance(payload, (dict, list)) else str(payload)[:600],
                      "response_sha256": hashlib.sha256(
                          json.dumps(payload, sort_keys=True, default=str).encode()).hexdigest()}
            want = step.get("expect_status")
            if want is not None and status != want:
                raise Blocked(f"{step['method']} {step['path']} answered {status}, wanted {want}: {record['response']}"[:500])
            # A SETUP step that errors means the preconditions were never reached,
            # so the case is blocked. A TRIGGER's error status is the observation
            # itself (an intelligible refusal is a promised result), so it is
            # recorded and the predicate decides.
            if want is None and status >= 400 and not allow_error:
                raise Blocked(f"{step['method']} {step['path']} answered {status}: {record['response']}"[:500])
            name = step.get("capture_as")
            if name:
                where = step.get("capture_path", "id")
                found, value = _json_path(payload, where)
                if not found or value is None:
                    raise Blocked(
                        f"capture_as {name!r}: no value at {where!r} in the response "
                        f"of {step['method']} {step['path']}")
                variables[name] = str(value)
                record["captured"] = {"name": name, "path": where, "value": str(value)}
            return record
        if kind == "fixture":
            if hub is None:
                raise Blocked("a fixture step needs a hub; this pass has none")
            wav = REPO / step["path"]
            if not wav.exists():
                raise Blocked(f"fixture {wav} does not exist")
            provenance["fixture_hashes"][step["path"]] = _sha256(wav)
            route = step.get("route")
            if not route:
                raise Blocked(
                    f"no documented input boundary declared for {step['path']}; "
                    "the rig never opens a microphone")
            status, payload = hub.upload(
                route["method"], route["path"], wav, step.get("field", "file"),
                form=step.get("form"))
            record = {"kind": "fixture", "path": step["path"], "route": route,
                      "adapter": step.get("adapter", "http-route"), "status": status,
                      "response": payload if isinstance(payload, (dict, list)) else str(payload)[:600]}
            want_status = step.get("expect_status")
            if want_status is not None and status != want_status:
                raise Blocked(
                    f"{route['method']} {route['path']} answered {status}, "
                    f"wanted {want_status}: {record['response']}"[:500])
            if status >= 400:
                raise Blocked(f"the input boundary answered {status}: {record['response']}"[:500])
            name = step.get("capture_as")
            if name:
                # the import route answers 202 {"meeting_id": …, "status": "importing"}
                # (holdspeak/services/meeting_service.py:226), so an import case
                # declares `capture_path: "meeting_id"`.
                where = step.get("capture_path", "id")
                found, value = _json_path(payload, where)
                if not found or value is None:
                    raise Blocked(
                        f"capture_as {name!r}: no value at {where!r} in the response "
                        f"of the input boundary {route['method']} {route['path']} "
                        f"(it answered {record['response']})"[:500])
                variables[name] = str(value)
                record["captured"] = {"name": name, "path": where, "value": str(value)}
            if step.get("wait_for"):
                record["completion_wait"] = wait_for_fixture_completion(
                    hub, step["wait_for"], variables)
            return record
        if kind == "cli":
            action = step.get("action")
            if action != "restart_hub":
                raise Blocked(
                    f"cli command {(step.get('command') or action)!r} is not "
                    "implemented in this rig; the case is blocked, not claimed. The "
                    "one implemented command is action 'restart_hub'.")
            if hub is None or not hasattr(hub, "restart"):
                raise Blocked("a restart_hub step needs the rig's own hub process")
            resolved_case = substitute(case or {}, variables)
            before_restart = snapshot(page, resolved_case, hub) if page is not None else None
            record = {"kind": "cli", "action": "restart_hub",
                      "adapter": step.get("adapter", "process"), **hub.restart()}
            after_restart = snapshot(page, resolved_case, hub) if page is not None else None
            record["hub_identity"] = {
>               "url": hub.url,
                       ^^^^^^^
                "port": hub.port,
                "db_path": hub.db_path,
                "stopped_pid": record.get("stopped_pid"),
                "started_pid": record.get("started_pid"),
            }
E           AttributeError: 'CalibrationServer' object has no attribute 'url'

scripts/graph_walk.py:2505: AttributeError
_________ ERROR at setup of test_protocol_field_reads_one_named_field __________

tmp_path_factory = TempPathFactory(_given_basetemp=None, _trace=<pluggy._tracing.TagTracerSub object at 0x109bd5350>, _basetemp=PosixPath.../folders/q7/5dzz5g2116b3lq8rhg7hwjrr0000gn/T/pytest-of-karol/pytest-357'), _retention_count=3, _retention_policy='all')

    @pytest.fixture(scope="module")
    def predicate_calibration(tmp_path_factory):
        """All four new kinds, on the calibration page and its protocol surface,
        through the same engine a real case uses."""
        out = tmp_path_factory.mktemp("graph-walk-predicates")
>       records = calibrate(out, cases=CALIBRATION_PREDICATE_CASES)
                  ^^^^^^^^^^^^^^^^^^^^^^^^^^^^^^^^^^^^^^^^^^^^^^^^^

tests/unit/test_graph_walk_calibration.py:668: 
_ _ _ _ _ _ _ _ _ _ _ _ _ _ _ _ _ _ _ _ _ _ _ _ _ _ _ _ _ _ _ _ _ _ _ _ _ _ _ _ 
scripts/graph_walk.py:3400: in calibrate
    exercise(page, case, recorder=recorder, hub=fixture,
scripts/graph_walk.py:3083: in exercise
    trigger_record = run_step(trigger, page, hub, provenance, pre_case,
_ _ _ _ _ _ _ _ _ _ _ _ _ _ _ _ _ _ _ _ _ _ _ _ _ _ _ _ _ _ _ _ _ _ _ _ _ _ _ _ 

step = {'action': 'restart_hub', 'adapter': 'process', 'kind': 'cli'}
page = <Page url='http://127.0.0.1:53191/'>
hub = <scripts.graph_walk.CalibrationServer object at 0x1769c7950>
provenance = {'boundary_substitutions': [], 'brief_sha256': 'ba5477fd07dba564a4e38fcf479838a511444eed3ed0c02e61aaa522358c7800', 'cl...ers/q7/5dzz5g2116b3lq8rhg7hwjrr0000gn/T/pytest-of-karol/pytest-357/graph-walk-predicates0/calibration-state.json', ...}
case = {'applicability': 'applicable', 'completion_bound_s': 60, 'edge_ids': ['cal:l'], 'expected': {'observe_at': 'protocol: GET /state', 'predicate': {'kind': 'protocol_field', 'path': 'note', 'value': 'the summary'}}, ...}

    def run_step(step: dict[str, Any], page: Any, hub: Hub | None,
                 provenance: dict[str, Any], case: dict[str, Any] | None = None,
                 *, allow_error: bool = False,
                 variables: dict[str, str] | None = None) -> dict[str, Any]:
        """One setup step or the trigger, by kind. Records the adapter it drove."""
        kind = step.get("kind")
        if kind not in STEP_KINDS:
            raise Blocked(f"step kind {kind!r} is not in the rig's vocabulary "
                          f"{sorted(STEP_KINDS)}; nothing was fired")
        variables = variables if variables is not None else {}
        step = substitute(step, variables)
        missing = unresolved({f: step.get(f) for f in _SUBSTITUTED_FIELDS})
        if missing:
            raise Blocked(
                f"unresolved placeholder(s) {sorted(set(missing))} in the {kind} "
                "step; nothing was sent. A `{name}` is filled by an earlier step's "
                "`capture_as`, never sent literally.")
    
        if kind == "check":
            # The same evaluator a verdict uses, at the point it stands. It is
            # given a bounded wait: a face that is still loading has not yet
            # refused the precondition.
            probe_case = {"expected": {"observe_at": step.get("observe_at"),
                                       "predicate": step.get("predicate")}}
            deadline = time.monotonic() + float(step.get("timeout_s", 5))
            waited = 0.0
            while True:
                snap = snapshot(page, probe_case, hub)
                ok, why = check_predicate(step.get("predicate"), snap, snap)
                if ok or time.monotonic() >= deadline:
                    break
                if page is not None:
                    page.wait_for_timeout(300)
                waited = round(time.monotonic() - (deadline - float(step.get("timeout_s", 5))), 2)
            record = {"kind": "check", "observe_at": step.get("observe_at"),
                      "predicate": step.get("predicate"),
                      "adapter": step.get("adapter", "observation"),
                      "waited_s": waited, "holds": ok, "reading": why}
            if not ok:
                raise Blocked(
                    f"precondition not met: {step.get('predicate')} at "
                    f"{step.get('observe_at')!r} — {why}")
            return record
    
        if kind == "ui":
            return _ui_step(page, step, hub)
        if kind == "api":
            if hub is None:
                raise Blocked("an api step needs a hub; this pass has none")
            status, payload = hub.api(step["method"], step["path"], step.get("body"))
            record = {"kind": "api", "method": step["method"], "path": step["path"],
                      "adapter": step.get("adapter", "http-route"), "status": status,
                      "response": payload if isinstance(payload, (dict, list)) else str(payload)[:600],
                      "response_sha256": hashlib.sha256(
                          json.dumps(payload, sort_keys=True, default=str).encode()).hexdigest()}
            want = step.get("expect_status")
            if want is not None and status != want:
                raise Blocked(f"{step['method']} {step['path']} answered {status}, wanted {want}: {record['response']}"[:500])
            # A SETUP step that errors means the preconditions were never reached,
            # so the case is blocked. A TRIGGER's error status is the observation
            # itself (an intelligible refusal is a promised result), so it is
            # recorded and the predicate decides.
            if want is None and status >= 400 and not allow_error:
                raise Blocked(f"{step['method']} {step['path']} answered {status}: {record['response']}"[:500])
            name = step.get("capture_as")
            if name:
                where = step.get("capture_path", "id")
                found, value = _json_path(payload, where)
                if not found or value is None:
                    raise Blocked(
                        f"capture_as {name!r}: no value at {where!r} in the response "
                        f"of {step['method']} {step['path']}")
                variables[name] = str(value)
                record["captured"] = {"name": name, "path": where, "value": str(value)}
            return record
        if kind == "fixture":
            if hub is None:
                raise Blocked("a fixture step needs a hub; this pass has none")
            wav = REPO / step["path"]
            if not wav.exists():
                raise Blocked(f"fixture {wav} does not exist")
            provenance["fixture_hashes"][step["path"]] = _sha256(wav)
            route = step.get("route")
            if not route:
                raise Blocked(
                    f"no documented input boundary declared for {step['path']}; "
                    "the rig never opens a microphone")
            status, payload = hub.upload(
                route["method"], route["path"], wav, step.get("field", "file"),
                form=step.get("form"))
            record = {"kind": "fixture", "path": step["path"], "route": route,
                      "adapter": step.get("adapter", "http-route"), "status": status,
                      "response": payload if isinstance(payload, (dict, list)) else str(payload)[:600]}
            want_status = step.get("expect_status")
            if want_status is not None and status != want_status:
                raise Blocked(
                    f"{route['method']} {route['path']} answered {status}, "
                    f"wanted {want_status}: {record['response']}"[:500])
            if status >= 400:
                raise Blocked(f"the input boundary answered {status}: {record['response']}"[:500])
            name = step.get("capture_as")
            if name:
                # the import route answers 202 {"meeting_id": …, "status": "importing"}
                # (holdspeak/services/meeting_service.py:226), so an import case
                # declares `capture_path: "meeting_id"`.
                where = step.get("capture_path", "id")
                found, value = _json_path(payload, where)
                if not found or value is None:
                    raise Blocked(
                        f"capture_as {name!r}: no value at {where!r} in the response "
                        f"of the input boundary {route['method']} {route['path']} "
                        f"(it answered {record['response']})"[:500])
                variables[name] = str(value)
                record["captured"] = {"name": name, "path": where, "value": str(value)}
            if step.get("wait_for"):
                record["completion_wait"] = wait_for_fixture_completion(
                    hub, step["wait_for"], variables)
            return record
        if kind == "cli":
            action = step.get("action")
            if action != "restart_hub":
                raise Blocked(
                    f"cli command {(step.get('command') or action)!r} is not "
                    "implemented in this rig; the case is blocked, not claimed. The "
                    "one implemented command is action 'restart_hub'.")
            if hub is None or not hasattr(hub, "restart"):
                raise Blocked("a restart_hub step needs the rig's own hub process")
            resolved_case = substitute(case or {}, variables)
            before_restart = snapshot(page, resolved_case, hub) if page is not None else None
            record = {"kind": "cli", "action": "restart_hub",
                      "adapter": step.get("adapter", "process"), **hub.restart()}
            after_restart = snapshot(page, resolved_case, hub) if page is not None else None
            record["hub_identity"] = {
>               "url": hub.url,
                       ^^^^^^^
                "port": hub.port,
                "db_path": hub.db_path,
                "stopped_pid": record.get("stopped_pid"),
                "started_pid": record.get("started_pid"),
            }
E           AttributeError: 'CalibrationServer' object has no attribute 'url'

scripts/graph_walk.py:2505: AttributeError
_____ ERROR at setup of test_input_value_reads_the_field_not_the_dom_text ______

tmp_path_factory = TempPathFactory(_given_basetemp=None, _trace=<pluggy._tracing.TagTracerSub object at 0x109bd5350>, _basetemp=PosixPath.../folders/q7/5dzz5g2116b3lq8rhg7hwjrr0000gn/T/pytest-of-karol/pytest-357'), _retention_count=3, _retention_policy='all')

    @pytest.fixture(scope="module")
    def predicate_calibration(tmp_path_factory):
        """All four new kinds, on the calibration page and its protocol surface,
        through the same engine a real case uses."""
        out = tmp_path_factory.mktemp("graph-walk-predicates")
>       records = calibrate(out, cases=CALIBRATION_PREDICATE_CASES)
                  ^^^^^^^^^^^^^^^^^^^^^^^^^^^^^^^^^^^^^^^^^^^^^^^^^

tests/unit/test_graph_walk_calibration.py:668: 
_ _ _ _ _ _ _ _ _ _ _ _ _ _ _ _ _ _ _ _ _ _ _ _ _ _ _ _ _ _ _ _ _ _ _ _ _ _ _ _ 
scripts/graph_walk.py:3400: in calibrate
    exercise(page, case, recorder=recorder, hub=fixture,
scripts/graph_walk.py:3083: in exercise
    trigger_record = run_step(trigger, page, hub, provenance, pre_case,
_ _ _ _ _ _ _ _ _ _ _ _ _ _ _ _ _ _ _ _ _ _ _ _ _ _ _ _ _ _ _ _ _ _ _ _ _ _ _ _ 

step = {'action': 'restart_hub', 'adapter': 'process', 'kind': 'cli'}
page = <Page url='http://127.0.0.1:53191/'>
hub = <scripts.graph_walk.CalibrationServer object at 0x1769c7950>
provenance = {'boundary_substitutions': [], 'brief_sha256': 'ba5477fd07dba564a4e38fcf479838a511444eed3ed0c02e61aaa522358c7800', 'cl...ers/q7/5dzz5g2116b3lq8rhg7hwjrr0000gn/T/pytest-of-karol/pytest-357/graph-walk-predicates0/calibration-state.json', ...}
case = {'applicability': 'applicable', 'completion_bound_s': 60, 'edge_ids': ['cal:l'], 'expected': {'observe_at': 'protocol: GET /state', 'predicate': {'kind': 'protocol_field', 'path': 'note', 'value': 'the summary'}}, ...}

    def run_step(step: dict[str, Any], page: Any, hub: Hub | None,
                 provenance: dict[str, Any], case: dict[str, Any] | None = None,
                 *, allow_error: bool = False,
                 variables: dict[str, str] | None = None) -> dict[str, Any]:
        """One setup step or the trigger, by kind. Records the adapter it drove."""
        kind = step.get("kind")
        if kind not in STEP_KINDS:
            raise Blocked(f"step kind {kind!r} is not in the rig's vocabulary "
                          f"{sorted(STEP_KINDS)}; nothing was fired")
        variables = variables if variables is not None else {}
        step = substitute(step, variables)
        missing = unresolved({f: step.get(f) for f in _SUBSTITUTED_FIELDS})
        if missing:
            raise Blocked(
                f"unresolved placeholder(s) {sorted(set(missing))} in the {kind} "
                "step; nothing was sent. A `{name}` is filled by an earlier step's "
                "`capture_as`, never sent literally.")
    
        if kind == "check":
            # The same evaluator a verdict uses, at the point it stands. It is
            # given a bounded wait: a face that is still loading has not yet
            # refused the precondition.
            probe_case = {"expected": {"observe_at": step.get("observe_at"),
                                       "predicate": step.get("predicate")}}
            deadline = time.monotonic() + float(step.get("timeout_s", 5))
            waited = 0.0
            while True:
                snap = snapshot(page, probe_case, hub)
                ok, why = check_predicate(step.get("predicate"), snap, snap)
                if ok or time.monotonic() >= deadline:
                    break
                if page is not None:
                    page.wait_for_timeout(300)
                waited = round(time.monotonic() - (deadline - float(step.get("timeout_s", 5))), 2)
            record = {"kind": "check", "observe_at": step.get("observe_at"),
                      "predicate": step.get("predicate"),
                      "adapter": step.get("adapter", "observation"),
                      "waited_s": waited, "holds": ok, "reading": why}
            if not ok:
                raise Blocked(
                    f"precondition not met: {step.get('predicate')} at "
                    f"{step.get('observe_at')!r} — {why}")
            return record
    
        if kind == "ui":
            return _ui_step(page, step, hub)
        if kind == "api":
            if hub is None:
                raise Blocked("an api step needs a hub; this pass has none")
            status, payload = hub.api(step["method"], step["path"], step.get("body"))
            record = {"kind": "api", "method": step["method"], "path": step["path"],
                      "adapter": step.get("adapter", "http-route"), "status": status,
                      "response": payload if isinstance(payload, (dict, list)) else str(payload)[:600],
                      "response_sha256": hashlib.sha256(
                          json.dumps(payload, sort_keys=True, default=str).encode()).hexdigest()}
            want = step.get("expect_status")
            if want is not None and status != want:
                raise Blocked(f"{step['method']} {step['path']} answered {status}, wanted {want}: {record['response']}"[:500])
            # A SETUP step that errors means the preconditions were never reached,
            # so the case is blocked. A TRIGGER's error status is the observation
            # itself (an intelligible refusal is a promised result), so it is
            # recorded and the predicate decides.
            if want is None and status >= 400 and not allow_error:
                raise Blocked(f"{step['method']} {step['path']} answered {status}: {record['response']}"[:500])
            name = step.get("capture_as")
            if name:
                where = step.get("capture_path", "id")
                found, value = _json_path(payload, where)
                if not found or value is None:
                    raise Blocked(
                        f"capture_as {name!r}: no value at {where!r} in the response "
                        f"of {step['method']} {step['path']}")
                variables[name] = str(value)
                record["captured"] = {"name": name, "path": where, "value": str(value)}
            return record
        if kind == "fixture":
            if hub is None:
                raise Blocked("a fixture step needs a hub; this pass has none")
            wav = REPO / step["path"]
            if not wav.exists():
                raise Blocked(f"fixture {wav} does not exist")
            provenance["fixture_hashes"][step["path"]] = _sha256(wav)
            route = step.get("route")
            if not route:
                raise Blocked(
                    f"no documented input boundary declared for {step['path']}; "
                    "the rig never opens a microphone")
            status, payload = hub.upload(
                route["method"], route["path"], wav, step.get("field", "file"),
                form=step.get("form"))
            record = {"kind": "fixture", "path": step["path"], "route": route,
                      "adapter": step.get("adapter", "http-route"), "status": status,
                      "response": payload if isinstance(payload, (dict, list)) else str(payload)[:600]}
            want_status = step.get("expect_status")
            if want_status is not None and status != want_status:
                raise Blocked(
                    f"{route['method']} {route['path']} answered {status}, "
                    f"wanted {want_status}: {record['response']}"[:500])
            if status >= 400:
                raise Blocked(f"the input boundary answered {status}: {record['response']}"[:500])
            name = step.get("capture_as")
            if name:
                # the import route answers 202 {"meeting_id": …, "status": "importing"}
                # (holdspeak/services/meeting_service.py:226), so an import case
                # declares `capture_path: "meeting_id"`.
                where = step.get("capture_path", "id")
                found, value = _json_path(payload, where)
                if not found or value is None:
                    raise Blocked(
                        f"capture_as {name!r}: no value at {where!r} in the response "
                        f"of the input boundary {route['method']} {route['path']} "
                        f"(it answered {record['response']})"[:500])
                variables[name] = str(value)
                record["captured"] = {"name": name, "path": where, "value": str(value)}
            if step.get("wait_for"):
                record["completion_wait"] = wait_for_fixture_completion(
                    hub, step["wait_for"], variables)
            return record
        if kind == "cli":
            action = step.get("action")
            if action != "restart_hub":
                raise Blocked(
                    f"cli command {(step.get('command') or action)!r} is not "
                    "implemented in this rig; the case is blocked, not claimed. The "
                    "one implemented command is action 'restart_hub'.")
            if hub is None or not hasattr(hub, "restart"):
                raise Blocked("a restart_hub step needs the rig's own hub process")
            resolved_case = substitute(case or {}, variables)
            before_restart = snapshot(page, resolved_case, hub) if page is not None else None
            record = {"kind": "cli", "action": "restart_hub",
                      "adapter": step.get("adapter", "process"), **hub.restart()}
            after_restart = snapshot(page, resolved_case, hub) if page is not None else None
            record["hub_identity"] = {
>               "url": hub.url,
                       ^^^^^^^
                "port": hub.port,
                "db_path": hub.db_path,
                "stopped_pid": record.get("stopped_pid"),
                "started_pid": record.get("started_pid"),
            }
E           AttributeError: 'CalibrationServer' object has no attribute 'url'

scripts/graph_walk.py:2505: AttributeError
__ ERROR at setup of test_a_restart_is_a_real_restart_and_the_value_survives ___

tmp_path_factory = TempPathFactory(_given_basetemp=None, _trace=<pluggy._tracing.TagTracerSub object at 0x109bd5350>, _basetemp=PosixPath.../folders/q7/5dzz5g2116b3lq8rhg7hwjrr0000gn/T/pytest-of-karol/pytest-357'), _retention_count=3, _retention_policy='all')

    @pytest.fixture(scope="module")
    def predicate_calibration(tmp_path_factory):
        """All four new kinds, on the calibration page and its protocol surface,
        through the same engine a real case uses."""
        out = tmp_path_factory.mktemp("graph-walk-predicates")
>       records = calibrate(out, cases=CALIBRATION_PREDICATE_CASES)
                  ^^^^^^^^^^^^^^^^^^^^^^^^^^^^^^^^^^^^^^^^^^^^^^^^^

tests/unit/test_graph_walk_calibration.py:668: 
_ _ _ _ _ _ _ _ _ _ _ _ _ _ _ _ _ _ _ _ _ _ _ _ _ _ _ _ _ _ _ _ _ _ _ _ _ _ _ _ 
scripts/graph_walk.py:3400: in calibrate
    exercise(page, case, recorder=recorder, hub=fixture,
scripts/graph_walk.py:3083: in exercise
    trigger_record = run_step(trigger, page, hub, provenance, pre_case,
_ _ _ _ _ _ _ _ _ _ _ _ _ _ _ _ _ _ _ _ _ _ _ _ _ _ _ _ _ _ _ _ _ _ _ _ _ _ _ _ 

step = {'action': 'restart_hub', 'adapter': 'process', 'kind': 'cli'}
page = <Page url='http://127.0.0.1:53191/'>
hub = <scripts.graph_walk.CalibrationServer object at 0x1769c7950>
provenance = {'boundary_substitutions': [], 'brief_sha256': 'ba5477fd07dba564a4e38fcf479838a511444eed3ed0c02e61aaa522358c7800', 'cl...ers/q7/5dzz5g2116b3lq8rhg7hwjrr0000gn/T/pytest-of-karol/pytest-357/graph-walk-predicates0/calibration-state.json', ...}
case = {'applicability': 'applicable', 'completion_bound_s': 60, 'edge_ids': ['cal:l'], 'expected': {'observe_at': 'protocol: GET /state', 'predicate': {'kind': 'protocol_field', 'path': 'note', 'value': 'the summary'}}, ...}

    def run_step(step: dict[str, Any], page: Any, hub: Hub | None,
                 provenance: dict[str, Any], case: dict[str, Any] | None = None,
                 *, allow_error: bool = False,
                 variables: dict[str, str] | None = None) -> dict[str, Any]:
        """One setup step or the trigger, by kind. Records the adapter it drove."""
        kind = step.get("kind")
        if kind not in STEP_KINDS:
            raise Blocked(f"step kind {kind!r} is not in the rig's vocabulary "
                          f"{sorted(STEP_KINDS)}; nothing was fired")
        variables = variables if variables is not None else {}
        step = substitute(step, variables)
        missing = unresolved({f: step.get(f) for f in _SUBSTITUTED_FIELDS})
        if missing:
            raise Blocked(
                f"unresolved placeholder(s) {sorted(set(missing))} in the {kind} "
                "step; nothing was sent. A `{name}` is filled by an earlier step's "
                "`capture_as`, never sent literally.")
    
        if kind == "check":
            # The same evaluator a verdict uses, at the point it stands. It is
            # given a bounded wait: a face that is still loading has not yet
            # refused the precondition.
            probe_case = {"expected": {"observe_at": step.get("observe_at"),
                                       "predicate": step.get("predicate")}}
            deadline = time.monotonic() + float(step.get("timeout_s", 5))
            waited = 0.0
            while True:
                snap = snapshot(page, probe_case, hub)
                ok, why = check_predicate(step.get("predicate"), snap, snap)
                if ok or time.monotonic() >= deadline:
                    break
                if page is not None:
                    page.wait_for_timeout(300)
                waited = round(time.monotonic() - (deadline - float(step.get("timeout_s", 5))), 2)
            record = {"kind": "check", "observe_at": step.get("observe_at"),
                      "predicate": step.get("predicate"),
                      "adapter": step.get("adapter", "observation"),
                      "waited_s": waited, "holds": ok, "reading": why}
            if not ok:
                raise Blocked(
                    f"precondition not met: {step.get('predicate')} at "
                    f"{step.get('observe_at')!r} — {why}")
            return record
    
        if kind == "ui":
            return _ui_step(page, step, hub)
        if kind == "api":
            if hub is None:
                raise Blocked("an api step needs a hub; this pass has none")
            status, payload = hub.api(step["method"], step["path"], step.get("body"))
            record = {"kind": "api", "method": step["method"], "path": step["path"],
                      "adapter": step.get("adapter", "http-route"), "status": status,
                      "response": payload if isinstance(payload, (dict, list)) else str(payload)[:600],
                      "response_sha256": hashlib.sha256(
                          json.dumps(payload, sort_keys=True, default=str).encode()).hexdigest()}
            want = step.get("expect_status")
            if want is not None and status != want:
                raise Blocked(f"{step['method']} {step['path']} answered {status}, wanted {want}: {record['response']}"[:500])
            # A SETUP step that errors means the preconditions were never reached,
            # so the case is blocked. A TRIGGER's error status is the observation
            # itself (an intelligible refusal is a promised result), so it is
            # recorded and the predicate decides.
            if want is None and status >= 400 and not allow_error:
                raise Blocked(f"{step['method']} {step['path']} answered {status}: {record['response']}"[:500])
            name = step.get("capture_as")
            if name:
                where = step.get("capture_path", "id")
                found, value = _json_path(payload, where)
                if not found or value is None:
                    raise Blocked(
                        f"capture_as {name!r}: no value at {where!r} in the response "
                        f"of {step['method']} {step['path']}")
                variables[name] = str(value)
                record["captured"] = {"name": name, "path": where, "value": str(value)}
            return record
        if kind == "fixture":
            if hub is None:
                raise Blocked("a fixture step needs a hub; this pass has none")
            wav = REPO / step["path"]
            if not wav.exists():
                raise Blocked(f"fixture {wav} does not exist")
            provenance["fixture_hashes"][step["path"]] = _sha256(wav)
            route = step.get("route")
            if not route:
                raise Blocked(
                    f"no documented input boundary declared for {step['path']}; "
                    "the rig never opens a microphone")
            status, payload = hub.upload(
                route["method"], route["path"], wav, step.get("field", "file"),
                form=step.get("form"))
            record = {"kind": "fixture", "path": step["path"], "route": route,
                      "adapter": step.get("adapter", "http-route"), "status": status,
                      "response": payload if isinstance(payload, (dict, list)) else str(payload)[:600]}
            want_status = step.get("expect_status")
            if want_status is not None and status != want_status:
                raise Blocked(
                    f"{route['method']} {route['path']} answered {status}, "
                    f"wanted {want_status}: {record['response']}"[:500])
            if status >= 400:
                raise Blocked(f"the input boundary answered {status}: {record['response']}"[:500])
            name = step.get("capture_as")
            if name:
                # the import route answers 202 {"meeting_id": …, "status": "importing"}
                # (holdspeak/services/meeting_service.py:226), so an import case
                # declares `capture_path: "meeting_id"`.
                where = step.get("capture_path", "id")
                found, value = _json_path(payload, where)
                if not found or value is None:
                    raise Blocked(
                        f"capture_as {name!r}: no value at {where!r} in the response "
                        f"of the input boundary {route['method']} {route['path']} "
                        f"(it answered {record['response']})"[:500])
                variables[name] = str(value)
                record["captured"] = {"name": name, "path": where, "value": str(value)}
            if step.get("wait_for"):
                record["completion_wait"] = wait_for_fixture_completion(
                    hub, step["wait_for"], variables)
            return record
        if kind == "cli":
            action = step.get("action")
            if action != "restart_hub":
                raise Blocked(
                    f"cli command {(step.get('command') or action)!r} is not "
                    "implemented in this rig; the case is blocked, not claimed. The "
                    "one implemented command is action 'restart_hub'.")
            if hub is None or not hasattr(hub, "restart"):
                raise Blocked("a restart_hub step needs the rig's own hub process")
            resolved_case = substitute(case or {}, variables)
            before_restart = snapshot(page, resolved_case, hub) if page is not None else None
            record = {"kind": "cli", "action": "restart_hub",
                      "adapter": step.get("adapter", "process"), **hub.restart()}
            after_restart = snapshot(page, resolved_case, hub) if page is not None else None
            record["hub_identity"] = {
>               "url": hub.url,
                       ^^^^^^^
                "port": hub.port,
                "db_path": hub.db_path,
                "stopped_pid": record.get("stopped_pid"),
                "started_pid": record.get("started_pid"),
            }
E           AttributeError: 'CalibrationServer' object has no attribute 'url'

scripts/graph_walk.py:2505: AttributeError
__________ ERROR at setup of test_a_refusal_must_name_what_is_missing __________

tmp_path_factory = TempPathFactory(_given_basetemp=None, _trace=<pluggy._tracing.TagTracerSub object at 0x109bd5350>, _basetemp=PosixPath.../folders/q7/5dzz5g2116b3lq8rhg7hwjrr0000gn/T/pytest-of-karol/pytest-357'), _retention_count=3, _retention_policy='all')

    @pytest.fixture(scope="module")
    def predicate_calibration(tmp_path_factory):
        """All four new kinds, on the calibration page and its protocol surface,
        through the same engine a real case uses."""
        out = tmp_path_factory.mktemp("graph-walk-predicates")
>       records = calibrate(out, cases=CALIBRATION_PREDICATE_CASES)
                  ^^^^^^^^^^^^^^^^^^^^^^^^^^^^^^^^^^^^^^^^^^^^^^^^^

tests/unit/test_graph_walk_calibration.py:668: 
_ _ _ _ _ _ _ _ _ _ _ _ _ _ _ _ _ _ _ _ _ _ _ _ _ _ _ _ _ _ _ _ _ _ _ _ _ _ _ _ 
scripts/graph_walk.py:3400: in calibrate
    exercise(page, case, recorder=recorder, hub=fixture,
scripts/graph_walk.py:3083: in exercise
    trigger_record = run_step(trigger, page, hub, provenance, pre_case,
_ _ _ _ _ _ _ _ _ _ _ _ _ _ _ _ _ _ _ _ _ _ _ _ _ _ _ _ _ _ _ _ _ _ _ _ _ _ _ _ 

step = {'action': 'restart_hub', 'adapter': 'process', 'kind': 'cli'}
page = <Page url='http://127.0.0.1:53191/'>
hub = <scripts.graph_walk.CalibrationServer object at 0x1769c7950>
provenance = {'boundary_substitutions': [], 'brief_sha256': 'ba5477fd07dba564a4e38fcf479838a511444eed3ed0c02e61aaa522358c7800', 'cl...ers/q7/5dzz5g2116b3lq8rhg7hwjrr0000gn/T/pytest-of-karol/pytest-357/graph-walk-predicates0/calibration-state.json', ...}
case = {'applicability': 'applicable', 'completion_bound_s': 60, 'edge_ids': ['cal:l'], 'expected': {'observe_at': 'protocol: GET /state', 'predicate': {'kind': 'protocol_field', 'path': 'note', 'value': 'the summary'}}, ...}

    def run_step(step: dict[str, Any], page: Any, hub: Hub | None,
                 provenance: dict[str, Any], case: dict[str, Any] | None = None,
                 *, allow_error: bool = False,
                 variables: dict[str, str] | None = None) -> dict[str, Any]:
        """One setup step or the trigger, by kind. Records the adapter it drove."""
        kind = step.get("kind")
        if kind not in STEP_KINDS:
            raise Blocked(f"step kind {kind!r} is not in the rig's vocabulary "
                          f"{sorted(STEP_KINDS)}; nothing was fired")
        variables = variables if variables is not None else {}
        step = substitute(step, variables)
        missing = unresolved({f: step.get(f) for f in _SUBSTITUTED_FIELDS})
        if missing:
            raise Blocked(
                f"unresolved placeholder(s) {sorted(set(missing))} in the {kind} "
                "step; nothing was sent. A `{name}` is filled by an earlier step's "
                "`capture_as`, never sent literally.")
    
        if kind == "check":
            # The same evaluator a verdict uses, at the point it stands. It is
            # given a bounded wait: a face that is still loading has not yet
            # refused the precondition.
            probe_case = {"expected": {"observe_at": step.get("observe_at"),
                                       "predicate": step.get("predicate")}}
            deadline = time.monotonic() + float(step.get("timeout_s", 5))
            waited = 0.0
            while True:
                snap = snapshot(page, probe_case, hub)
                ok, why = check_predicate(step.get("predicate"), snap, snap)
                if ok or time.monotonic() >= deadline:
                    break
                if page is not None:
                    page.wait_for_timeout(300)
                waited = round(time.monotonic() - (deadline - float(step.get("timeout_s", 5))), 2)
            record = {"kind": "check", "observe_at": step.get("observe_at"),
                      "predicate": step.get("predicate"),
                      "adapter": step.get("adapter", "observation"),
                      "waited_s": waited, "holds": ok, "reading": why}
            if not ok:
                raise Blocked(
                    f"precondition not met: {step.get('predicate')} at "
                    f"{step.get('observe_at')!r} — {why}")
            return record
    
        if kind == "ui":
            return _ui_step(page, step, hub)
        if kind == "api":
            if hub is None:
                raise Blocked("an api step needs a hub; this pass has none")
            status, payload = hub.api(step["method"], step["path"], step.get("body"))
            record = {"kind": "api", "method": step["method"], "path": step["path"],
                      "adapter": step.get("adapter", "http-route"), "status": status,
                      "response": payload if isinstance(payload, (dict, list)) else str(payload)[:600],
                      "response_sha256": hashlib.sha256(
                          json.dumps(payload, sort_keys=True, default=str).encode()).hexdigest()}
            want = step.get("expect_status")
            if want is not None and status != want:
                raise Blocked(f"{step['method']} {step['path']} answered {status}, wanted {want}: {record['response']}"[:500])
            # A SETUP step that errors means the preconditions were never reached,
            # so the case is blocked. A TRIGGER's error status is the observation
            # itself (an intelligible refusal is a promised result), so it is
            # recorded and the predicate decides.
            if want is None and status >= 400 and not allow_error:
                raise Blocked(f"{step['method']} {step['path']} answered {status}: {record['response']}"[:500])
            name = step.get("capture_as")
            if name:
                where = step.get("capture_path", "id")
                found, value = _json_path(payload, where)
                if not found or value is None:
                    raise Blocked(
                        f"capture_as {name!r}: no value at {where!r} in the response "
                        f"of {step['method']} {step['path']}")
                variables[name] = str(value)
                record["captured"] = {"name": name, "path": where, "value": str(value)}
            return record
        if kind == "fixture":
            if hub is None:
                raise Blocked("a fixture step needs a hub; this pass has none")
            wav = REPO / step["path"]
            if not wav.exists():
                raise Blocked(f"fixture {wav} does not exist")
            provenance["fixture_hashes"][step["path"]] = _sha256(wav)
            route = step.get("route")
            if not route:
                raise Blocked(
                    f"no documented input boundary declared for {step['path']}; "
                    "the rig never opens a microphone")
            status, payload = hub.upload(
                route["method"], route["path"], wav, step.get("field", "file"),
                form=step.get("form"))
            record = {"kind": "fixture", "path": step["path"], "route": route,
                      "adapter": step.get("adapter", "http-route"), "status": status,
                      "response": payload if isinstance(payload, (dict, list)) else str(payload)[:600]}
            want_status = step.get("expect_status")
            if want_status is not None and status != want_status:
                raise Blocked(
                    f"{route['method']} {route['path']} answered {status}, "
                    f"wanted {want_status}: {record['response']}"[:500])
            if status >= 400:
                raise Blocked(f"the input boundary answered {status}: {record['response']}"[:500])
            name = step.get("capture_as")
            if name:
                # the import route answers 202 {"meeting_id": …, "status": "importing"}
                # (holdspeak/services/meeting_service.py:226), so an import case
                # declares `capture_path: "meeting_id"`.
                where = step.get("capture_path", "id")
                found, value = _json_path(payload, where)
                if not found or value is None:
                    raise Blocked(
                        f"capture_as {name!r}: no value at {where!r} in the response "
                        f"of the input boundary {route['method']} {route['path']} "
                        f"(it answered {record['response']})"[:500])
                variables[name] = str(value)
                record["captured"] = {"name": name, "path": where, "value": str(value)}
            if step.get("wait_for"):
                record["completion_wait"] = wait_for_fixture_completion(
                    hub, step["wait_for"], variables)
            return record
        if kind == "cli":
            action = step.get("action")
            if action != "restart_hub":
                raise Blocked(
                    f"cli command {(step.get('command') or action)!r} is not "
                    "implemented in this rig; the case is blocked, not claimed. The "
                    "one implemented command is action 'restart_hub'.")
            if hub is None or not hasattr(hub, "restart"):
                raise Blocked("a restart_hub step needs the rig's own hub process")
            resolved_case = substitute(case or {}, variables)
            before_restart = snapshot(page, resolved_case, hub) if page is not None else None
            record = {"kind": "cli", "action": "restart_hub",
                      "adapter": step.get("adapter", "process"), **hub.restart()}
            after_restart = snapshot(page, resolved_case, hub) if page is not None else None
            record["hub_identity"] = {
>               "url": hub.url,
                       ^^^^^^^
                "port": hub.port,
                "db_path": hub.db_path,
                "stopped_pid": record.get("stopped_pid"),
                "started_pid": record.get("started_pid"),
            }
E           AttributeError: 'CalibrationServer' object has no attribute 'url'

scripts/graph_walk.py:2505: AttributeError
___ ERROR at setup of test_an_asserted_absence_is_earned_by_the_named_bound ____

tmp_path_factory = TempPathFactory(_given_basetemp=None, _trace=<pluggy._tracing.TagTracerSub object at 0x109bd5350>, _basetemp=PosixPath.../folders/q7/5dzz5g2116b3lq8rhg7hwjrr0000gn/T/pytest-of-karol/pytest-357'), _retention_count=3, _retention_policy='all')

    @pytest.fixture(scope="module")
    def predicate_calibration(tmp_path_factory):
        """All four new kinds, on the calibration page and its protocol surface,
        through the same engine a real case uses."""
        out = tmp_path_factory.mktemp("graph-walk-predicates")
>       records = calibrate(out, cases=CALIBRATION_PREDICATE_CASES)
                  ^^^^^^^^^^^^^^^^^^^^^^^^^^^^^^^^^^^^^^^^^^^^^^^^^

tests/unit/test_graph_walk_calibration.py:668: 
_ _ _ _ _ _ _ _ _ _ _ _ _ _ _ _ _ _ _ _ _ _ _ _ _ _ _ _ _ _ _ _ _ _ _ _ _ _ _ _ 
scripts/graph_walk.py:3400: in calibrate
    exercise(page, case, recorder=recorder, hub=fixture,
scripts/graph_walk.py:3083: in exercise
    trigger_record = run_step(trigger, page, hub, provenance, pre_case,
_ _ _ _ _ _ _ _ _ _ _ _ _ _ _ _ _ _ _ _ _ _ _ _ _ _ _ _ _ _ _ _ _ _ _ _ _ _ _ _ 

step = {'action': 'restart_hub', 'adapter': 'process', 'kind': 'cli'}
page = <Page url='http://127.0.0.1:53191/'>
hub = <scripts.graph_walk.CalibrationServer object at 0x1769c7950>
provenance = {'boundary_substitutions': [], 'brief_sha256': 'ba5477fd07dba564a4e38fcf479838a511444eed3ed0c02e61aaa522358c7800', 'cl...ers/q7/5dzz5g2116b3lq8rhg7hwjrr0000gn/T/pytest-of-karol/pytest-357/graph-walk-predicates0/calibration-state.json', ...}
case = {'applicability': 'applicable', 'completion_bound_s': 60, 'edge_ids': ['cal:l'], 'expected': {'observe_at': 'protocol: GET /state', 'predicate': {'kind': 'protocol_field', 'path': 'note', 'value': 'the summary'}}, ...}

    def run_step(step: dict[str, Any], page: Any, hub: Hub | None,
                 provenance: dict[str, Any], case: dict[str, Any] | None = None,
                 *, allow_error: bool = False,
                 variables: dict[str, str] | None = None) -> dict[str, Any]:
        """One setup step or the trigger, by kind. Records the adapter it drove."""
        kind = step.get("kind")
        if kind not in STEP_KINDS:
            raise Blocked(f"step kind {kind!r} is not in the rig's vocabulary "
                          f"{sorted(STEP_KINDS)}; nothing was fired")
        variables = variables if variables is not None else {}
        step = substitute(step, variables)
        missing = unresolved({f: step.get(f) for f in _SUBSTITUTED_FIELDS})
        if missing:
            raise Blocked(
                f"unresolved placeholder(s) {sorted(set(missing))} in the {kind} "
                "step; nothing was sent. A `{name}` is filled by an earlier step's "
                "`capture_as`, never sent literally.")
    
        if kind == "check":
            # The same evaluator a verdict uses, at the point it stands. It is
            # given a bounded wait: a face that is still loading has not yet
            # refused the precondition.
            probe_case = {"expected": {"observe_at": step.get("observe_at"),
                                       "predicate": step.get("predicate")}}
            deadline = time.monotonic() + float(step.get("timeout_s", 5))
            waited = 0.0
            while True:
                snap = snapshot(page, probe_case, hub)
                ok, why = check_predicate(step.get("predicate"), snap, snap)
                if ok or time.monotonic() >= deadline:
                    break
                if page is not None:
                    page.wait_for_timeout(300)
                waited = round(time.monotonic() - (deadline - float(step.get("timeout_s", 5))), 2)
            record = {"kind": "check", "observe_at": step.get("observe_at"),
                      "predicate": step.get("predicate"),
                      "adapter": step.get("adapter", "observation"),
                      "waited_s": waited, "holds": ok, "reading": why}
            if not ok:
                raise Blocked(
                    f"precondition not met: {step.get('predicate')} at "
                    f"{step.get('observe_at')!r} — {why}")
            return record
    
        if kind == "ui":
            return _ui_step(page, step, hub)
        if kind == "api":
            if hub is None:
                raise Blocked("an api step needs a hub; this pass has none")
            status, payload = hub.api(step["method"], step["path"], step.get("body"))
            record = {"kind": "api", "method": step["method"], "path": step["path"],
                      "adapter": step.get("adapter", "http-route"), "status": status,
                      "response": payload if isinstance(payload, (dict, list)) else str(payload)[:600],
                      "response_sha256": hashlib.sha256(
                          json.dumps(payload, sort_keys=True, default=str).encode()).hexdigest()}
            want = step.get("expect_status")
            if want is not None and status != want:
                raise Blocked(f"{step['method']} {step['path']} answered {status}, wanted {want}: {record['response']}"[:500])
            # A SETUP step that errors means the preconditions were never reached,
            # so the case is blocked. A TRIGGER's error status is the observation
            # itself (an intelligible refusal is a promised result), so it is
            # recorded and the predicate decides.
            if want is None and status >= 400 and not allow_error:
                raise Blocked(f"{step['method']} {step['path']} answered {status}: {record['response']}"[:500])
            name = step.get("capture_as")
            if name:
                where = step.get("capture_path", "id")
                found, value = _json_path(payload, where)
                if not found or value is None:
                    raise Blocked(
                        f"capture_as {name!r}: no value at {where!r} in the response "
                        f"of {step['method']} {step['path']}")
                variables[name] = str(value)
                record["captured"] = {"name": name, "path": where, "value": str(value)}
            return record
        if kind == "fixture":
            if hub is None:
                raise Blocked("a fixture step needs a hub; this pass has none")
            wav = REPO / step["path"]
            if not wav.exists():
                raise Blocked(f"fixture {wav} does not exist")
            provenance["fixture_hashes"][step["path"]] = _sha256(wav)
            route = step.get("route")
            if not route:
                raise Blocked(
                    f"no documented input boundary declared for {step['path']}; "
                    "the rig never opens a microphone")
            status, payload = hub.upload(
                route["method"], route["path"], wav, step.get("field", "file"),
                form=step.get("form"))
            record = {"kind": "fixture", "path": step["path"], "route": route,
                      "adapter": step.get("adapter", "http-route"), "status": status,
                      "response": payload if isinstance(payload, (dict, list)) else str(payload)[:600]}
            want_status = step.get("expect_status")
            if want_status is not None and status != want_status:
                raise Blocked(
                    f"{route['method']} {route['path']} answered {status}, "
                    f"wanted {want_status}: {record['response']}"[:500])
            if status >= 400:
                raise Blocked(f"the input boundary answered {status}: {record['response']}"[:500])
            name = step.get("capture_as")
            if name:
                # the import route answers 202 {"meeting_id": …, "status": "importing"}
                # (holdspeak/services/meeting_service.py:226), so an import case
                # declares `capture_path: "meeting_id"`.
                where = step.get("capture_path", "id")
                found, value = _json_path(payload, where)
                if not found or value is None:
                    raise Blocked(
                        f"capture_as {name!r}: no value at {where!r} in the response "
                        f"of the input boundary {route['method']} {route['path']} "
                        f"(it answered {record['response']})"[:500])
                variables[name] = str(value)
                record["captured"] = {"name": name, "path": where, "value": str(value)}
            if step.get("wait_for"):
                record["completion_wait"] = wait_for_fixture_completion(
                    hub, step["wait_for"], variables)
            return record
        if kind == "cli":
            action = step.get("action")
            if action != "restart_hub":
                raise Blocked(
                    f"cli command {(step.get('command') or action)!r} is not "
                    "implemented in this rig; the case is blocked, not claimed. The "
                    "one implemented command is action 'restart_hub'.")
            if hub is None or not hasattr(hub, "restart"):
                raise Blocked("a restart_hub step needs the rig's own hub process")
            resolved_case = substitute(case or {}, variables)
            before_restart = snapshot(page, resolved_case, hub) if page is not None else None
            record = {"kind": "cli", "action": "restart_hub",
                      "adapter": step.get("adapter", "process"), **hub.restart()}
            after_restart = snapshot(page, resolved_case, hub) if page is not None else None
            record["hub_identity"] = {
>               "url": hub.url,
                       ^^^^^^^
                "port": hub.port,
                "db_path": hub.db_path,
                "stopped_pid": record.get("stopped_pid"),
                "started_pid": record.get("started_pid"),
            }
E           AttributeError: 'CalibrationServer' object has no attribute 'url'

scripts/graph_walk.py:2505: AttributeError
_ ERROR at setup of test_a_clicked_verb_reads_its_identity_from_its_own_response _

tmp_path_factory = TempPathFactory(_given_basetemp=None, _trace=<pluggy._tracing.TagTracerSub object at 0x109bd5350>, _basetemp=PosixPath.../folders/q7/5dzz5g2116b3lq8rhg7hwjrr0000gn/T/pytest-of-karol/pytest-357'), _retention_count=3, _retention_policy='all')

    @pytest.fixture(scope="module")
    def predicate_calibration(tmp_path_factory):
        """All four new kinds, on the calibration page and its protocol surface,
        through the same engine a real case uses."""
        out = tmp_path_factory.mktemp("graph-walk-predicates")
>       records = calibrate(out, cases=CALIBRATION_PREDICATE_CASES)
                  ^^^^^^^^^^^^^^^^^^^^^^^^^^^^^^^^^^^^^^^^^^^^^^^^^

tests/unit/test_graph_walk_calibration.py:668: 
_ _ _ _ _ _ _ _ _ _ _ _ _ _ _ _ _ _ _ _ _ _ _ _ _ _ _ _ _ _ _ _ _ _ _ _ _ _ _ _ 
scripts/graph_walk.py:3400: in calibrate
    exercise(page, case, recorder=recorder, hub=fixture,
scripts/graph_walk.py:3083: in exercise
    trigger_record = run_step(trigger, page, hub, provenance, pre_case,
_ _ _ _ _ _ _ _ _ _ _ _ _ _ _ _ _ _ _ _ _ _ _ _ _ _ _ _ _ _ _ _ _ _ _ _ _ _ _ _ 

step = {'action': 'restart_hub', 'adapter': 'process', 'kind': 'cli'}
page = <Page url='http://127.0.0.1:53191/'>
hub = <scripts.graph_walk.CalibrationServer object at 0x1769c7950>
provenance = {'boundary_substitutions': [], 'brief_sha256': 'ba5477fd07dba564a4e38fcf479838a511444eed3ed0c02e61aaa522358c7800', 'cl...ers/q7/5dzz5g2116b3lq8rhg7hwjrr0000gn/T/pytest-of-karol/pytest-357/graph-walk-predicates0/calibration-state.json', ...}
case = {'applicability': 'applicable', 'completion_bound_s': 60, 'edge_ids': ['cal:l'], 'expected': {'observe_at': 'protocol: GET /state', 'predicate': {'kind': 'protocol_field', 'path': 'note', 'value': 'the summary'}}, ...}

    def run_step(step: dict[str, Any], page: Any, hub: Hub | None,
                 provenance: dict[str, Any], case: dict[str, Any] | None = None,
                 *, allow_error: bool = False,
                 variables: dict[str, str] | None = None) -> dict[str, Any]:
        """One setup step or the trigger, by kind. Records the adapter it drove."""
        kind = step.get("kind")
        if kind not in STEP_KINDS:
            raise Blocked(f"step kind {kind!r} is not in the rig's vocabulary "
                          f"{sorted(STEP_KINDS)}; nothing was fired")
        variables = variables if variables is not None else {}
        step = substitute(step, variables)
        missing = unresolved({f: step.get(f) for f in _SUBSTITUTED_FIELDS})
        if missing:
            raise Blocked(
                f"unresolved placeholder(s) {sorted(set(missing))} in the {kind} "
                "step; nothing was sent. A `{name}` is filled by an earlier step's "
                "`capture_as`, never sent literally.")
    
        if kind == "check":
            # The same evaluator a verdict uses, at the point it stands. It is
            # given a bounded wait: a face that is still loading has not yet
            # refused the precondition.
            probe_case = {"expected": {"observe_at": step.get("observe_at"),
                                       "predicate": step.get("predicate")}}
            deadline = time.monotonic() + float(step.get("timeout_s", 5))
            waited = 0.0
            while True:
                snap = snapshot(page, probe_case, hub)
                ok, why = check_predicate(step.get("predicate"), snap, snap)
                if ok or time.monotonic() >= deadline:
                    break
                if page is not None:
                    page.wait_for_timeout(300)
                waited = round(time.monotonic() - (deadline - float(step.get("timeout_s", 5))), 2)
            record = {"kind": "check", "observe_at": step.get("observe_at"),
                      "predicate": step.get("predicate"),
                      "adapter": step.get("adapter", "observation"),
                      "waited_s": waited, "holds": ok, "reading": why}
            if not ok:
                raise Blocked(
                    f"precondition not met: {step.get('predicate')} at "
                    f"{step.get('observe_at')!r} — {why}")
            return record
    
        if kind == "ui":
            return _ui_step(page, step, hub)
        if kind == "api":
            if hub is None:
                raise Blocked("an api step needs a hub; this pass has none")
            status, payload = hub.api(step["method"], step["path"], step.get("body"))
            record = {"kind": "api", "method": step["method"], "path": step["path"],
                      "adapter": step.get("adapter", "http-route"), "status": status,
                      "response": payload if isinstance(payload, (dict, list)) else str(payload)[:600],
                      "response_sha256": hashlib.sha256(
                          json.dumps(payload, sort_keys=True, default=str).encode()).hexdigest()}
            want = step.get("expect_status")
            if want is not None and status != want:
                raise Blocked(f"{step['method']} {step['path']} answered {status}, wanted {want}: {record['response']}"[:500])
            # A SETUP step that errors means the preconditions were never reached,
            # so the case is blocked. A TRIGGER's error status is the observation
            # itself (an intelligible refusal is a promised result), so it is
            # recorded and the predicate decides.
            if want is None and status >= 400 and not allow_error:
                raise Blocked(f"{step['method']} {step['path']} answered {status}: {record['response']}"[:500])
            name = step.get("capture_as")
            if name:
                where = step.get("capture_path", "id")
                found, value = _json_path(payload, where)
                if not found or value is None:
                    raise Blocked(
                        f"capture_as {name!r}: no value at {where!r} in the response "
                        f"of {step['method']} {step['path']}")
                variables[name] = str(value)
                record["captured"] = {"name": name, "path": where, "value": str(value)}
            return record
        if kind == "fixture":
            if hub is None:
                raise Blocked("a fixture step needs a hub; this pass has none")
            wav = REPO / step["path"]
            if not wav.exists():
                raise Blocked(f"fixture {wav} does not exist")
            provenance["fixture_hashes"][step["path"]] = _sha256(wav)
            route = step.get("route")
            if not route:
                raise Blocked(
                    f"no documented input boundary declared for {step['path']}; "
                    "the rig never opens a microphone")
            status, payload = hub.upload(
                route["method"], route["path"], wav, step.get("field", "file"),
                form=step.get("form"))
            record = {"kind": "fixture", "path": step["path"], "route": route,
                      "adapter": step.get("adapter", "http-route"), "status": status,
                      "response": payload if isinstance(payload, (dict, list)) else str(payload)[:600]}
            want_status = step.get("expect_status")
            if want_status is not None and status != want_status:
                raise Blocked(
                    f"{route['method']} {route['path']} answered {status}, "
                    f"wanted {want_status}: {record['response']}"[:500])
            if status >= 400:
                raise Blocked(f"the input boundary answered {status}: {record['response']}"[:500])
            name = step.get("capture_as")
            if name:
                # the import route answers 202 {"meeting_id": …, "status": "importing"}
                # (holdspeak/services/meeting_service.py:226), so an import case
                # declares `capture_path: "meeting_id"`.
                where = step.get("capture_path", "id")
                found, value = _json_path(payload, where)
                if not found or value is None:
                    raise Blocked(
                        f"capture_as {name!r}: no value at {where!r} in the response "
                        f"of the input boundary {route['method']} {route['path']} "
                        f"(it answered {record['response']})"[:500])
                variables[name] = str(value)
                record["captured"] = {"name": name, "path": where, "value": str(value)}
            if step.get("wait_for"):
                record["completion_wait"] = wait_for_fixture_completion(
                    hub, step["wait_for"], variables)
            return record
        if kind == "cli":
            action = step.get("action")
            if action != "restart_hub":
                raise Blocked(
                    f"cli command {(step.get('command') or action)!r} is not "
                    "implemented in this rig; the case is blocked, not claimed. The "
                    "one implemented command is action 'restart_hub'.")
            if hub is None or not hasattr(hub, "restart"):
                raise Blocked("a restart_hub step needs the rig's own hub process")
            resolved_case = substitute(case or {}, variables)
            before_restart = snapshot(page, resolved_case, hub) if page is not None else None
            record = {"kind": "cli", "action": "restart_hub",
                      "adapter": step.get("adapter", "process"), **hub.restart()}
            after_restart = snapshot(page, resolved_case, hub) if page is not None else None
            record["hub_identity"] = {
>               "url": hub.url,
                       ^^^^^^^
                "port": hub.port,
                "db_path": hub.db_path,
                "stopped_pid": record.get("stopped_pid"),
                "started_pid": record.get("started_pid"),
            }
E           AttributeError: 'CalibrationServer' object has no attribute 'url'

scripts/graph_walk.py:2505: AttributeError
__ ERROR at setup of test_a_clicked_verb_status_is_read_by_its_declared_route __

tmp_path_factory = TempPathFactory(_given_basetemp=None, _trace=<pluggy._tracing.TagTracerSub object at 0x109bd5350>, _basetemp=PosixPath.../folders/q7/5dzz5g2116b3lq8rhg7hwjrr0000gn/T/pytest-of-karol/pytest-357'), _retention_count=3, _retention_policy='all')

    @pytest.fixture(scope="module")
    def predicate_calibration(tmp_path_factory):
        """All four new kinds, on the calibration page and its protocol surface,
        through the same engine a real case uses."""
        out = tmp_path_factory.mktemp("graph-walk-predicates")
>       records = calibrate(out, cases=CALIBRATION_PREDICATE_CASES)
                  ^^^^^^^^^^^^^^^^^^^^^^^^^^^^^^^^^^^^^^^^^^^^^^^^^

tests/unit/test_graph_walk_calibration.py:668: 
_ _ _ _ _ _ _ _ _ _ _ _ _ _ _ _ _ _ _ _ _ _ _ _ _ _ _ _ _ _ _ _ _ _ _ _ _ _ _ _ 
scripts/graph_walk.py:3400: in calibrate
    exercise(page, case, recorder=recorder, hub=fixture,
scripts/graph_walk.py:3083: in exercise
    trigger_record = run_step(trigger, page, hub, provenance, pre_case,
_ _ _ _ _ _ _ _ _ _ _ _ _ _ _ _ _ _ _ _ _ _ _ _ _ _ _ _ _ _ _ _ _ _ _ _ _ _ _ _ 

step = {'action': 'restart_hub', 'adapter': 'process', 'kind': 'cli'}
page = <Page url='http://127.0.0.1:53191/'>
hub = <scripts.graph_walk.CalibrationServer object at 0x1769c7950>
provenance = {'boundary_substitutions': [], 'brief_sha256': 'ba5477fd07dba564a4e38fcf479838a511444eed3ed0c02e61aaa522358c7800', 'cl...ers/q7/5dzz5g2116b3lq8rhg7hwjrr0000gn/T/pytest-of-karol/pytest-357/graph-walk-predicates0/calibration-state.json', ...}
case = {'applicability': 'applicable', 'completion_bound_s': 60, 'edge_ids': ['cal:l'], 'expected': {'observe_at': 'protocol: GET /state', 'predicate': {'kind': 'protocol_field', 'path': 'note', 'value': 'the summary'}}, ...}

    def run_step(step: dict[str, Any], page: Any, hub: Hub | None,
                 provenance: dict[str, Any], case: dict[str, Any] | None = None,
                 *, allow_error: bool = False,
                 variables: dict[str, str] | None = None) -> dict[str, Any]:
        """One setup step or the trigger, by kind. Records the adapter it drove."""
        kind = step.get("kind")
        if kind not in STEP_KINDS:
            raise Blocked(f"step kind {kind!r} is not in the rig's vocabulary "
                          f"{sorted(STEP_KINDS)}; nothing was fired")
        variables = variables if variables is not None else {}
        step = substitute(step, variables)
        missing = unresolved({f: step.get(f) for f in _SUBSTITUTED_FIELDS})
        if missing:
            raise Blocked(
                f"unresolved placeholder(s) {sorted(set(missing))} in the {kind} "
                "step; nothing was sent. A `{name}` is filled by an earlier step's "
                "`capture_as`, never sent literally.")
    
        if kind == "check":
            # The same evaluator a verdict uses, at the point it stands. It is
            # given a bounded wait: a face that is still loading has not yet
            # refused the precondition.
            probe_case = {"expected": {"observe_at": step.get("observe_at"),
                                       "predicate": step.get("predicate")}}
            deadline = time.monotonic() + float(step.get("timeout_s", 5))
            waited = 0.0
            while True:
                snap = snapshot(page, probe_case, hub)
                ok, why = check_predicate(step.get("predicate"), snap, snap)
                if ok or time.monotonic() >= deadline:
                    break
                if page is not None:
                    page.wait_for_timeout(300)
                waited = round(time.monotonic() - (deadline - float(step.get("timeout_s", 5))), 2)
            record = {"kind": "check", "observe_at": step.get("observe_at"),
                      "predicate": step.get("predicate"),
                      "adapter": step.get("adapter", "observation"),
                      "waited_s": waited, "holds": ok, "reading": why}
            if not ok:
                raise Blocked(
                    f"precondition not met: {step.get('predicate')} at "
                    f"{step.get('observe_at')!r} — {why}")
            return record
    
        if kind == "ui":
            return _ui_step(page, step, hub)
        if kind == "api":
            if hub is None:
                raise Blocked("an api step needs a hub; this pass has none")
            status, payload = hub.api(step["method"], step["path"], step.get("body"))
            record = {"kind": "api", "method": step["method"], "path": step["path"],
                      "adapter": step.get("adapter", "http-route"), "status": status,
                      "response": payload if isinstance(payload, (dict, list)) else str(payload)[:600],
                      "response_sha256": hashlib.sha256(
                          json.dumps(payload, sort_keys=True, default=str).encode()).hexdigest()}
            want = step.get("expect_status")
            if want is not None and status != want:
                raise Blocked(f"{step['method']} {step['path']} answered {status}, wanted {want}: {record['response']}"[:500])
            # A SETUP step that errors means the preconditions were never reached,
            # so the case is blocked. A TRIGGER's error status is the observation
            # itself (an intelligible refusal is a promised result), so it is
            # recorded and the predicate decides.
            if want is None and status >= 400 and not allow_error:
                raise Blocked(f"{step['method']} {step['path']} answered {status}: {record['response']}"[:500])
            name = step.get("capture_as")
            if name:
                where = step.get("capture_path", "id")
                found, value = _json_path(payload, where)
                if not found or value is None:
                    raise Blocked(
                        f"capture_as {name!r}: no value at {where!r} in the response "
                        f"of {step['method']} {step['path']}")
                variables[name] = str(value)
                record["captured"] = {"name": name, "path": where, "value": str(value)}
            return record
        if kind == "fixture":
            if hub is None:
                raise Blocked("a fixture step needs a hub; this pass has none")
            wav = REPO / step["path"]
            if not wav.exists():
                raise Blocked(f"fixture {wav} does not exist")
            provenance["fixture_hashes"][step["path"]] = _sha256(wav)
            route = step.get("route")
            if not route:
                raise Blocked(
                    f"no documented input boundary declared for {step['path']}; "
                    "the rig never opens a microphone")
            status, payload = hub.upload(
                route["method"], route["path"], wav, step.get("field", "file"),
                form=step.get("form"))
            record = {"kind": "fixture", "path": step["path"], "route": route,
                      "adapter": step.get("adapter", "http-route"), "status": status,
                      "response": payload if isinstance(payload, (dict, list)) else str(payload)[:600]}
            want_status = step.get("expect_status")
            if want_status is not None and status != want_status:
                raise Blocked(
                    f"{route['method']} {route['path']} answered {status}, "
                    f"wanted {want_status}: {record['response']}"[:500])
            if status >= 400:
                raise Blocked(f"the input boundary answered {status}: {record['response']}"[:500])
            name = step.get("capture_as")
            if name:
                # the import route answers 202 {"meeting_id": …, "status": "importing"}
                # (holdspeak/services/meeting_service.py:226), so an import case
                # declares `capture_path: "meeting_id"`.
                where = step.get("capture_path", "id")
                found, value = _json_path(payload, where)
                if not found or value is None:
                    raise Blocked(
                        f"capture_as {name!r}: no value at {where!r} in the response "
                        f"of the input boundary {route['method']} {route['path']} "
                        f"(it answered {record['response']})"[:500])
                variables[name] = str(value)
                record["captured"] = {"name": name, "path": where, "value": str(value)}
            if step.get("wait_for"):
                record["completion_wait"] = wait_for_fixture_completion(
                    hub, step["wait_for"], variables)
            return record
        if kind == "cli":
            action = step.get("action")
            if action != "restart_hub":
                raise Blocked(
                    f"cli command {(step.get('command') or action)!r} is not "
                    "implemented in this rig; the case is blocked, not claimed. The "
                    "one implemented command is action 'restart_hub'.")
            if hub is None or not hasattr(hub, "restart"):
                raise Blocked("a restart_hub step needs the rig's own hub process")
            resolved_case = substitute(case or {}, variables)
            before_restart = snapshot(page, resolved_case, hub) if page is not None else None
            record = {"kind": "cli", "action": "restart_hub",
                      "adapter": step.get("adapter", "process"), **hub.restart()}
            after_restart = snapshot(page, resolved_case, hub) if page is not None else None
            record["hub_identity"] = {
>               "url": hub.url,
                       ^^^^^^^
                "port": hub.port,
                "db_path": hub.db_path,
                "stopped_pid": record.get("stopped_pid"),
                "started_pid": record.get("started_pid"),
            }
E           AttributeError: 'CalibrationServer' object has no attribute 'url'

scripts/graph_walk.py:2505: AttributeError
=================================== FAILURES ===================================
_____________________ TestMeetingsGlass.test_meetings_face _____________________

self = <tests.e2e.test_hs170_meetings_glass.TestMeetingsGlass object at 0x10b1ece10>

    def test_meetings_face(self) -> None:
        from playwright.sync_api import sync_playwright, expect
    
        errors: list[str] = []
        with sync_playwright() as pw:
            browser = pw.chromium.launch()
    
            for width in (1440, 393):
                page = browser.new_page(viewport={"width": width, "height": 900})
                page.on("pageerror", lambda err: errors.append(str(err)))
    
                # Navigate with auth token
                page.goto(f"{self.base}/?token={TOKEN}", wait_until="load")
                _api(page, "POST", "/api/desk/seed", token=TOKEN)
                _api(page, "PUT", "/api/setup/onboarding",
                     {"disposition": "completed"}, token=TOKEN)
                _normal_chair(page)
    
                # Open the meetings surface
                _open_surface(page, "review-meetings")
                found = _wait_for_surface_window(page, timeout=12000)
                assert found, f"Meetings surface window did not open at {width}"
    
                # Wait for data to render (headline is the signal)
                headline = page.locator("[data-testid='meetings-headline']")
                headline.wait_for(timeout=8_000)
                _settle(page)
    
                # ── Assert: headline ──
                headline_text = headline.text_content() or ""
                assert "1" in headline_text and "summary" in headline_text.lower(), (
                    f"Headline at {width}: expected '1 ... summary', got '{headline_text}'"
                )
    
                # ── Assert: Run summary on OFF-with-words row ──
                run_btns = page.locator("[data-testid='run-intelligence-btn']")
                expect(run_btns.first).to_be_visible(timeout=5_000)
                assert run_btns.count() == 1, (
                    f"Expected exactly 1 'Run summary' at {width}, got {run_btns.count()}"
                )
    
                # ── Assert: NO TRANSCRIPT renders ──
                no_transcript = page.locator("[data-testid='no-transcript-token']")
                expect(no_transcript.first).to_be_visible(timeout=3_000)
    
                # ── Assert: 0 SEG never appears ──
                win = page.locator(".desk-surface-window")
                page_text = win.text_content() or ""
                assert "0 SEG" not in page_text, (
                    f"'0 SEG' found in page at {width}"
                )
    
                # ── Assert: INTERRUPTED renders for dead capture, REC never does ──
                assert "INTERRUPTED" in page_text, (
                    f"'INTERRUPTED' not found at {width} for dead capture"
                )
                state_tokens_text = page.evaluate("""() => {
                    const body = document.querySelector('.desk-surface-body');
                    if (!body) return '';
                    const tokens = body.querySelectorAll('[data-testid="state-token"]');
                    return Array.from(tokens).map(t => t.textContent).join('|');
                }""")
                assert "REC" not in state_tokens_text.split("|"), (
                    f"'REC' state token found at {width}: {state_tokens_text}"
                )
    
                # ── Assert: no raw <button> in the face body ──
                raw_buttons = page.evaluate("""() => {
                    const body = document.querySelector('.desk-surface-body');
                    if (!body) return [];
                    const all = body.querySelectorAll('button');
                    const raw = [];
                    for (const b of all) {
                        // .btn = library Button; .desk-mic = library MicButton
                        if (!b.classList.contains('btn') && !b.classList.contains('btn--chrome') && !b.classList.contains('desk-mic')) {
                            raw.push((b.textContent || '').trim().slice(0, 40));
                        }
                    }
                    return raw;
                }""")
                assert len(raw_buttons) == 0, (
                    f"Raw buttons at {width}: {raw_buttons}"
                )
    
                # ── Assert: HS-170-04 restored doors ──
                if width == 1440:
                    # Search StringGadget with mic in the list head
                    search_input = page.locator(".meetings-search .gadget-string input")
                    expect(search_input).to_be_visible(timeout=3_000)
    
                    # Facet token toggles on the caption row
                    facet_area = page.locator("[data-testid='meetings-facets']")
>                   expect(facet_area).to_be_visible(timeout=3_000)
E                   AssertionError: Locator expected to be visible
E                   Actual value: None
E                   Error: element(s) not found 
E                   Call log:
E                     - Expect "to_be_visible" with timeout 3000ms
E                     - waiting for locator("[data-testid='meetings-facets']")

tests/e2e/test_hs170_meetings_glass.py:318: AssertionError
------------------------------ Captured log setup ------------------------------
WARNING  holdspeak.intel_queue_conductor:intel_queue_conductor.py:130 Intel queue drainer is OFF: this process does not own the database.
_____________________ TestAttentionGlass.test_long_row_393 _____________________

self = <tests.e2e.test_hs200_attention_glass.TestAttentionGlass object at 0x10b5f1e10>
tmp_path = PosixPath('/private/var/folders/q7/5dzz5g2116b3lq8rhg7hwjrr0000gn/T/pytest-of-karol/pytest-357/test_long_row_3930')
monkeypatch = <_pytest.monkeypatch.MonkeyPatch object at 0x1463c1860>

    def test_long_row_393(self, tmp_path, monkeypatch) -> None:
>       _run_long_row(tmp_path, monkeypatch, 393)

tests/e2e/test_hs200_attention_glass.py:733: 
_ _ _ _ _ _ _ _ _ _ _ _ _ _ _ _ _ _ _ _ _ _ _ _ _ _ _ _ _ _ _ _ _ _ _ _ _ _ _ _ 

tmp_path = PosixPath('/private/var/folders/q7/5dzz5g2116b3lq8rhg7hwjrr0000gn/T/pytest-of-karol/pytest-357/test_long_row_3930')
monkeypatch = <_pytest.monkeypatch.MonkeyPatch object at 0x1463c1860>
width = 393

    def _run_long_row(tmp_path: Path, monkeypatch: pytest.MonkeyPatch, width: int) -> None:
        """Counsel P0-2: nothing extends past the viewport; one primary on the
        whole face; the sources disclosure opens with an Open per projection."""
        _ensure_build()
        server, url = _boot(tmp_path, monkeypatch, token=TOKEN)
        errors: list[str] = []
        try:
            from playwright.sync_api import sync_playwright
            with sync_playwright() as pw:
                browser = pw.chromium.launch()
                page = browser.new_page(viewport={"width": width, "height": 1100})
                page.on("pageerror", lambda e: errors.append(str(e)))
                _arrive(page, url)
                _seed_long_row(page)
                _reload_arrival(page)
                wire = _api(page, "GET", "/api/desk/needs-you?fresh=1", token=TOKEN)
                first = wire["items"][0]
                assert first["title"].startswith("KAN-7") and first["dedupCount"] == 2, first
                page.reload(wait_until="load")
                _normal_chair(page)
                page.get_by_test_id("arrival-needs-you").wait_for(timeout=15000)
                _settle(page)
                page.mouse.move(2, 2)
    
                row = page.locator("[data-testid='arrival-needs-you-row']").first
                assert LONG_TITLE in (row.text_content() or "")
                project = row.locator(".surface-project-button")
                assert project.count() == 1
                assert (project.get_attribute("aria-label") or "") == f"Open the Project: {LONG_PROJECT}"
                _no_horizontal_scroll(page, width)
                # The verb sits on the SAME line as the meta, at its right.
                boxes = page.evaluate("""() => {
                    const row = document.querySelector('[data-testid="arrival-needs-you-row"]');
                    const meta = row.querySelector('.arrival-needs-you-meta').getBoundingClientRect();
                    const verb = row.querySelector('.surface-ledger-trailing .btn').getBoundingClientRect();
                    const name = row.querySelector('.surface-ledger-primary').getBoundingClientRect();
                    return {metaTop: meta.top, metaBottom: meta.bottom, verbTop: verb.top, verbBottom: verb.bottom,
                            verbRight: verb.right, nameBottom: name.bottom, rowRight: row.getBoundingClientRect().right};
                }""")
                assert boxes["verbRight"] <= width + 0.5, boxes
                if width <= 480:
                    assert boxes["verbTop"] >= boxes["nameBottom"] - 1, f"the verb is under the name at 393: {boxes}"
                    assert boxes["verbTop"] < boxes["metaBottom"] and boxes["verbBottom"] > boxes["metaTop"], \
                        f"the verb shares the meta line at 393: {boxes}"
                assert len(_primaries(page)) == 1, _primaries(page)
    
                _shot(page, "long-row", width)
    
                trigger = row.locator(".surface-disclosure-trigger").first
                trigger.click()
                _settle(page)
                opens = page.get_by_test_id("arrival-source-open")
                assert opens.count() == 2, "every projection keeps its own Open"
                titles = [t.text_content() for t in page.locator(".arrival-source-title").all()]
                assert titles == [f"KAN-7 {LONG_TITLE}", LONG_TITLE], titles
                _no_horizontal_scroll(page, width)
                assert len(_primaries(page)) == 1, _primaries(page)
                _shot(page, "long-row-sources", width)
    
                # The selected filter token is never the filled primary.
                page.get_by_role("group", name="Ranking").get_by_role("button", name="OVERDUE").click()
                _settle(page)
                assert len(_primaries(page)) == 1, _primaries(page)
    
                if width <= 480:
                    # Counsel P1-8: scrolled to the end, the last section clears the
                    # capture bar.
                    page.evaluate("window.scrollTo(0, document.documentElement.scrollHeight)")
                    page.wait_for_timeout(200)
                    _settle(page)
                    clear = page.evaluate("""() => {
                        const bar = document.querySelector('.arrival-capture-bar').getBoundingClientRect();
                        const sections = [...document.querySelectorAll('.chair > [data-testid^="arrival-"]')]
                            .filter(el => !el.classList.contains('arrival-capture-bar'));
                        const last = sections[sections.length - 1].getBoundingClientRect();
                        return {barTop: bar.top, lastBottom: last.bottom, lastId: sections[sections.length - 1].getAttribute('data-testid')};
                    }""")
>                   assert clear["lastBottom"] <= clear["barTop"] + 0.5, clear
E                   AssertionError: {'barTop': 821, 'lastBottom': 1004.296875, 'lastId': 'arrival-meetings'}
E                   assert 1004.296875 <= (821 + 0.5)

tests/e2e/test_hs200_attention_glass.py:659: AssertionError
------------------------------ Captured log call -------------------------------
WARNING  holdspeak.intel_queue_conductor:intel_queue_conductor.py:130 Intel queue drainer is OFF: this process does not own the database.
__________ test_running_then_kept_brief_with_claims_and_not_read[393] __________

tmp_path = PosixPath('/private/var/folders/q7/5dzz5g2116b3lq8rhg7hwjrr0000gn/T/pytest-of-karol/pytest-357/test_running_then_kept_brief_w1')
monkeypatch = <_pytest.monkeypatch.MonkeyPatch object at 0x1414426d0>
width = 393

    @pytest.mark.timeout(300)
    @pytest.mark.parametrize("width", [1440, 393])
    def test_running_then_kept_brief_with_claims_and_not_read(
        tmp_path: Path, monkeypatch: pytest.MonkeyPatch, width: int,
    ) -> None:
        """P3Brief / P3BriefPhone over a REAL dispatch to the fake server: the
        document, `CLAIMS` on three axes with typed unknowns, `NO SOURCE` +
        `Find support`, `SUPERSEDED 1` with its successor (P1-2), `NOT INCLUDED
        2` (P1-3), `NOT READ 2` carrying the state chip and the repair, the
        LAN egress and receipt from the wire, `Keep` -- then the kept brief
        re-read by id with its manifest (AC2, AC3, AC4)."""
        _ensure_build()
        server, url = _boot(tmp_path, monkeypatch, token=TOKEN)
        llm = FakeLLM()
        llm.reply = _board_reply
        llm.delay_s = 6.0
        errors: list[str] = []
        try:
            from playwright.sync_api import sync_playwright
            with sync_playwright() as pw:
                browser = pw.chromium.launch()
                page = browser.new_page(viewport={"width": width, "height": 900 if width >= 1440 else 852})
                page.on("pageerror", lambda e: errors.append(str(e)))
                _init_desk(page, url)
                project_id = _seed_project_room(page, f"hs200-11-brief-{width}")
                _define_route(tmp_path / "home", llm.endpoint, "probe-llm", 1)
                _open_room(page, project_id)
                _enter_prepare(page)
                _purpose(page).fill(PURPOSE)
                page.get_by_test_id("prepare-verb").click()
    
                # The run: a real plan with `Stop` kept, the egress beside it.
                page.get_by_test_id("prepare-running").wait_for(timeout=10000)
                assert page.get_by_role("button", name="Stop", exact=True).count() == 1
                _shot_room(page, f"prepare-running-{width}")
    
                page.get_by_test_id("prepare-document").wait_for(timeout=60000)
                _settle(page)
                assert len(llm.posts) == 1, llm.requests
                assert "read replica" in llm.posts[0]["body"], "the decision travelled in the prompt"
                assert page.get_by_test_id("prepare-head-name").inner_text().strip() == "Brief ready"
                assert _chip_words(page.get_by_test_id("prepare-lifecycle")) == "DRAFT"
                assert page.get_by_test_id("prepare-manifest-token").inner_text().strip() == "MANIFEST · REV 1"
                assert _chip_words(page.get_by_test_id("prepare-coverage")) == "COVERAGE · 2 OF 4"
                assert page.get_by_test_id("prepare-prepared").inner_text().strip().startswith("PREPARED ")
    
                # The document is the bounded outline, in caption-step headings;
                # the superseded decision is NOT a line of it (P1-2).
                doc = page.get_by_test_id("prepare-document").inner_text()
                assert "DECIDE TODAY" in doc and "ASK THEM" in doc, doc
                assert "Sprint velocity improved" in doc
                assert "full freeze" not in doc, doc
                assert "Extra priority" not in doc, doc
    
                captions = _section_captions(page)
                assert "CLAIMS 5" in captions and "SUPERSEDED 1" in captions and "NOT READ 2" in captions, captions
    
                # The carried decision keeps its axes; the model's own prose is
                # LINKED at best; the uncited sentence is UNSUPPORTED (C2).
                kinds = _texts(page, "prepare-claim-kind")
                assert kinds == ["DECISION", "INFERENCE", "INFERENCE", "INFERENCE", "INFERENCE"], kinds
                support = [_chip_words(el) for el in page.get_by_test_id("prepare-claim-support").all()]
                assert support == ["SUPPORTED", "LINKED", "LINKED", "LINKED", "UNSUPPORTED"], support
                acceptance = [_chip_words(el) for el in page.get_by_test_id("prepare-claim-acceptance").all()]
                assert acceptance == ["ACCEPTED", "UNREVIEWED", "UNREVIEWED", "UNREVIEWED", "UNREVIEWED"], acceptance
                unknowns = [_chip_words(el) for el in page.get_by_test_id("prepare-claim-unknown").all()]
                assert "DEADLINE 2026-12-31 · NO SOURCE" in unknowns, unknowns
                assert "NUMBER 95% · NO SOURCE" in unknowns, unknowns
                # The NAME rule: no known person on this desk, no false NAME chip.
                assert not [u for u in unknowns if u.startswith("NAME ")], unknowns
                # No raw id on the face (162's law): the ref chip names the source.
                ref_chips = _texts(page, "prepare-claim-ref")
                assert ref_chips[0].startswith("DEC "), ref_chips
                assert ref_chips[1].lower() == "karolswdev/holdspeak", ref_chips
                assert not any("decrec" in r.lower() or "w_gh" in r.lower() for r in ref_chips), ref_chips
                # No source, no source chip: `NO SOURCE` + `Find support`, and no
                # `Open source` that opens nothing.
                assert page.get_by_test_id("prepare-claim-no-source").count() == 1
                assert page.get_by_test_id("prepare-claim-find").count() == 1
                assert page.get_by_test_id("prepare-claim-open").count() == 4
                assert page.get_by_role("button", name="Write it myself").count() == 0
    
                # P1-2: the superseded citation, its successor linked.
                assert page.get_by_test_id("prepare-superseded-row").count() == 1
                assert _chip_words(page.get_by_test_id("prepare-superseded-chip")).startswith("SUPERSEDED BY DEC ")
                assert page.get_by_test_id("prepare-superseded-open").count() == 1
    
                # P1-3: what the bound left out is named, with why.
                page.get_by_role("button", name="NOT INCLUDED 2").click()
>               page.get_by_test_id("prepare-not-included").wait_for(timeout=5000)

tests/e2e/test_hs200_preparation_brief_glass.py:706: 
_ _ _ _ _ _ _ _ _ _ _ _ _ _ _ _ _ _ _ _ _ _ _ _ _ _ _ _ _ _ _ _ _ _ _ _ _ _ _ _ 
.venv/lib/python3.13/site-packages/playwright/sync_api/_generated.py:18080: in wait_for
    self._sync(self._impl_obj.wait_for(timeout=timeout, state=state))
.venv/lib/python3.13/site-packages/playwright/_impl/_locator.py:710: in wait_for
    await self._frame.wait_for_selector(
.venv/lib/python3.13/site-packages/playwright/_impl/_frame.py:369: in wait_for_selector
    await self._channel.send(
.venv/lib/python3.13/site-packages/playwright/_impl/_connection.py:69: in send
    return await self._connection.wrap_api_call(
_ _ _ _ _ _ _ _ _ _ _ _ _ _ _ _ _ _ _ _ _ _ _ _ _ _ _ _ _ _ _ _ _ _ _ _ _ _ _ _ 

self = <playwright._impl._connection.Connection object at 0x1432d5d50>
cb = <function Channel.send.<locals>.<lambda> at 0x14e823a60>
is_internal = False, title = None

    async def wrap_api_call(
        self, cb: Callable[[], Any], is_internal: bool = False, title: str = None
    ) -> Any:
        if self._api_zone.get():
            return await cb()
        task = asyncio.current_task(self._loop)
        st: List[inspect.FrameInfo] = getattr(
            task, "__pw_stack__", None
        ) or inspect.stack(0)
    
        parsed_st = _extract_stack_trace_information_from_stack(st, is_internal, title)
        self._api_zone.set(parsed_st)
        try:
            return await cb()
        except Exception as error:
>           raise rewrite_error(error, f"{parsed_st['apiName']}: {error}") from None
E           playwright._impl._errors.TimeoutError: Locator.wait_for: Timeout 5000ms exceeded.
E           Call log:
E             - waiting for get_by_test_id("prepare-not-included") to be visible

.venv/lib/python3.13/site-packages/playwright/_impl/_connection.py:559: TimeoutError
------------------------------ Captured log call -------------------------------
WARNING  holdspeak.intel_queue_conductor:intel_queue_conductor.py:130 Intel queue drainer is OFF: this process does not own the database.
____________ test_saved_ask_draws_the_ratified_unfinished_row[393] _____________

tmp_path = PosixPath('/private/var/folders/q7/5dzz5g2116b3lq8rhg7hwjrr0000gn/T/pytest-of-karol/pytest-357/test_saved_ask_draws_the_ratif1')
monkeypatch = <_pytest.monkeypatch.MonkeyPatch object at 0x14796ce50>
width = 393

    @pytest.mark.timeout(300)
    @pytest.mark.parametrize("width", [1440, 393])
    def test_saved_ask_draws_the_ratified_unfinished_row(
        tmp_path: Path, monkeypatch: pytest.MonkeyPatch, width: int,
    ) -> None:
        """`UNFINISHED 1`: purpose, `SAVED HH:MM`, custody, one `Resume`."""
        _ensure_build()
        server, url = _boot(tmp_path, monkeypatch, token=TOKEN)
        errors: list[str] = []
        purpose = "Whether the Q4 platform migration can land before the freeze"
        try:
            from playwright.sync_api import sync_playwright
            with sync_playwright() as pw:
                browser = pw.chromium.launch()
                page = browser.new_page(
                    viewport={"width": width, "height": 900 if width >= 1440 else 852}
                )
                page.on("pageerror", lambda e: errors.append(str(e)))
    
                _init_desk(page, url)
                project_id = _create_project(page, "Q4 platform", "hs200-41-saved")
                task = _save_ask(page, project_id, purpose)
                assert task["state"] == "saved", task
                assert task["purpose"] == purpose
    
                _open_room(page, project_id)
                page.get_by_test_id("room-unfinished").wait_for(timeout=15000)
                assert _rows(page).count() == 1, "expected exactly one unfinished row"
    
                # The caption carries the count the design ratified. F5 moved it:
                # the list is a Room SECTION now, so the count rides the section
                # label rather than a caption inside the composer's sticky foot.
                section = _rows(page).first.locator(
                    "xpath=ancestor::section[contains(@class,'surface-section')][1]"
                )
                caption = section.locator(".surface-section-head h3").first.inner_text().strip()
                assert caption == "UNFINISHED 1", caption
                # F5: and it is NOT inside the sticky ask container.
                assert page.evaluate(
                    """() => !document.querySelector('.room-ask-container')
                       .contains(document.querySelector('[data-testid="room-unfinished"]'))"""
                ), "the unfinished list must live in the Room body, not the sticky foot"
    
                # F5 tail — AT THE ROOM'S OPENING SCROLL POSITION, not only at
                # full scroll. Filed as the trailing section, UNFINISHED was the
                # one the sticky foot reached: the Room opened with the single row
                # he came back for sitting under the composer, its verb hidden.
                # It is placed directly after NEEDS YOU now, so the foot never
                # reaches it at rest.
                order = page.evaluate(
                    """() => Array.from(document.querySelectorAll(
                         '.room-body .surface-section-head h3')).map(el => el.textContent.trim())"""
                )
                print(f"[hs200-41] section order at rest: {order}")
                unfinished_at = [i for i, name in enumerate(order)
                                 if name.startswith("UNFINISHED")]
                assert unfinished_at, order
                if "NEEDS YOU" in order:
                    assert unfinished_at[0] == order.index("NEEDS YOU") + 1, (
                        f"UNFINISHED belongs directly after NEEDS YOU: {order}"
                    )
                if "SOURCES" in order:
                    assert unfinished_at[0] < order.index("SOURCES"), order
                clear = page.evaluate(
                    """() => {
                        const body = document.querySelector('.desk-surface-body');
                        const top = body ? body.scrollTop : 0;
                        const well = document.querySelector('.room-ask-container')
                          .getBoundingClientRect();
                        const rows = Array.from(document.querySelectorAll(
                          '[data-testid="room-unfinished"] .surface-task-resume'));
                        const covered = rows.filter(row => {
                          const r = row.getBoundingClientRect();
                          return r.bottom > well.top + 1 && r.top < well.bottom - 1;
                        }).length;
                        // The row's ONE verb must be whole, not a sliver above
                        // the composer's edge.
                        const verb = document.querySelector(
                          '[data-testid="room-unfinished"] .surface-task-resume-verbs button');
                        const v = verb.getBoundingClientRect();
                        return {scrollTop: top, covered,
                                verbClear: Math.round(well.top - v.bottom)};
                    }"""
                )
                print(f"[hs200-41] at rest: {json.dumps(clear)}")
                assert clear["scrollTop"] == 0, "this is meant to measure the RESTING Room"
>               assert clear["covered"] == 0, (
                    f"the row he came back for opens under the composer: {clear}"
                )
E               AssertionError: the row he came back for opens under the composer: {'scrollTop': 0, 'covered': 1, 'verbClear': -101}
E               assert 1 == 0

tests/e2e/test_hs200_task_resume_glass.py:288: AssertionError
----------------------------- Captured stdout call -----------------------------
[hs200-41] section order at rest: ['NEEDS YOU', 'UNFINISHED 1', 'SOURCES', 'RECEIPTS 4', 'SINCE CREATED']
[hs200-41] at rest: {"scrollTop": 0, "covered": 1, "verbClear": -101}
------------------------------ Captured log call -------------------------------
WARNING  holdspeak.intel_queue_conductor:intel_queue_conductor.py:130 Intel queue drainer is OFF: this process does not own the database.
__________________ test_thought_note_is_one_clean_note[1440] ___________________

tmp_path = PosixPath('/private/var/folders/q7/5dzz5g2116b3lq8rhg7hwjrr0000gn/T/pytest-of-karol/pytest-357/test_thought_note_is_one_clean0')
monkeypatch = <_pytest.monkeypatch.MonkeyPatch object at 0x14fde7e70>
width = 1440

    @pytest.mark.e2e
    @pytest.mark.requires_meeting
    @pytest.mark.parametrize("width", [1440, 393])
    def test_thought_note_is_one_clean_note(tmp_path: Path, monkeypatch: pytest.MonkeyPatch, width: int) -> None:
        from playwright.sync_api import sync_playwright
    
        server, url, provider, engine = _boot(tmp_path, monkeypatch)
        SHOTS.mkdir(parents=True, exist_ok=True)
        errors: list[str] = []
        console_errors: list[str] = []
        responses: list[tuple[str, int]] = []
        try:
            with sync_playwright() as pw:
                browser = pw.chromium.launch(headless=True)
                page = browser.new_page(viewport={"width": width, "height": 900})
                page.emulate_media(reduced_motion="reduce")
                page.on("pageerror", lambda error: errors.append(str(error)))
                page.on("console", lambda message: console_errors.append(message.text) if message.type == "error" else None)
                page.on("response", lambda response: responses.append((response.url, response.status)) if "/api/thoughts/" in response.url else None)
                page.goto(f"{url}/?token={TOKEN}", wait_until="load")
                _api(page, "POST", "/api/desk/seed")
                _api(page, "PUT", "/api/setup/onboarding", {"disposition": "completed"})
                thought = _seed(page, OWNER_TITLE, OWNER_BODY)
                note_id = thought["working_note"]["id"]
                page.goto(f"{url}/?token={TOKEN}&open=note%3A{note_id}", wait_until="load")
    
                workspace = page.get_by_role("region", name="Thought", exact=True)
                workspace.wait_for(timeout=15000)
                band = page.get_by_role("region", name="One question", exact=True)
                band.wait_for(timeout=15000)
    
                # ── Band 3 is folded to one row; nothing else is on the screen ──
                assert band.get_by_role("button", name="Ask", exact=True).is_visible()
                assert page.get_by_role("textbox", name="Your answer").count() == 0
                assert workspace.get_by_role("toolbar", name="Markdown formatting").count() == 0
                assert workspace.get_by_role("button", name="Info", exact=True).count() == 0
                assert workspace.get_by_role("button", name="Add tag", exact=True).count() == 0
                assert workspace.get_by_role("region", name="Interview", exact=True).count() == 0
                assert page.get_by_text("Filed", exact=True).count() == 0
                assert page.get_by_text("Saved", exact=True).count() == 0
                _no_empty_heading(page)
                _no_horizontal_escape(page)
                # Every verb is a library species: btn (Button), or a library
                # control's own element (the desk mic, the in-place editor).
                assert workspace.evaluate(
                    "el => [...el.querySelectorAll('button')].filter(node => "
                    "!node.matches('.btn, [class*=\"desk-\"], [class*=\"surface-\"], [class*=\"gadget-\"]')).length"
                ) == 0
                assert workspace.locator(".btn--primary:visible").count() == 1
                assert workspace.locator(".btn--primary:visible").inner_text().strip() == "Finish"
    
                # The title wraps: every character of it is drawn, never clipped.
                title = workspace.locator(".thought-note-title")
                assert title.evaluate("el => el.scrollHeight <= el.clientHeight + 1")
                assert title.evaluate("el => el.scrollWidth <= el.clientWidth + 1")
                assert OWNER_TITLE[-12:] in title.inner_text()
    
                # The context fact is said ONCE, in the Reads line of the foot.
                reads = workspace.locator(".thought-note-reads")
                assert reads.count() == 1
                assert page.get_by_text("Attached", exact=False).count() == 0
                page.screenshot(path=str(SHOTS / f"after-{width}.png"), full_page=False)
    
                # ── Change: an in-window well, and the Reads line is the receipt ──
                change = workspace.get_by_role("button", name="Change", exact=True)
                change.click()
                well = page.get_by_role("region", name="What the AI reads")
                well.wait_for(timeout=10000)
                assert well.evaluate("el => el.closest('.thought-workspace-window') !== null")
                assert well.evaluate(
                    "el => [...el.querySelectorAll('button')].filter(node => "
                    "!node.matches('.btn, [class*=\"desk-\"], [class*=\"surface-\"], [class*=\"gadget-\"]')).length"
                ) == 0
                token = well.get_by_role("checkbox").first
                token.wait_for(timeout=10000)
                chosen = token.get_attribute("aria-label")
                assert chosen, "the well drew a control with no name"
                # The token variant's own face takes the click (the input is its
                # state, not its target) — the owner presses the named token.
                well.locator("label.gadget-check-token").first.click()
                page.wait_for_function(
                    "name => document.querySelector('.thought-note-reads')?.textContent?.includes(name)",
                    arg=chosen,
                    timeout=10000,
                )
                # The receipt is said ONCE, and it is never clipped at either width.
                assert workspace.locator(".thought-note-reads").count() == 1
                assert workspace.locator(".thought-note-reads").evaluate("el => el.scrollWidth <= el.clientWidth + 1")
                # …and the kept state keeps its own place beside it (the foot
                # stacks at 393 rather than pushing a fact off the glass).
                kept = workspace.locator(".thought-note-foot .surface-footer-receipt-line")
>               assert kept.inner_text().strip() == "KEPT"
                       ^^^^^^^^^^^^^^^^^

tests/e2e/test_hs201_12_thought_note_glass.py:233: 
_ _ _ _ _ _ _ _ _ _ _ _ _ _ _ _ _ _ _ _ _ _ _ _ _ _ _ _ _ _ _ _ _ _ _ _ _ _ _ _ 
.venv/lib/python3.13/site-packages/playwright/sync_api/_generated.py:17093: in inner_text
    self._sync(self._impl_obj.inner_text(timeout=timeout))
.venv/lib/python3.13/site-packages/playwright/_impl/_locator.py:476: in inner_text
    return await self._frame.inner_text(
.venv/lib/python3.13/site-packages/playwright/_impl/_frame.py:712: in inner_text
    return await self._channel.send(
.venv/lib/python3.13/site-packages/playwright/_impl/_connection.py:69: in send
    return await self._connection.wrap_api_call(
_ _ _ _ _ _ _ _ _ _ _ _ _ _ _ _ _ _ _ _ _ _ _ _ _ _ _ _ _ _ _ _ _ _ _ _ _ _ _ _ 

self = <playwright._impl._connection.Connection object at 0x1414f0d50>
cb = <function Channel.send.<locals>.<lambda> at 0x14fe85440>
is_internal = False, title = None

    async def wrap_api_call(
        self, cb: Callable[[], Any], is_internal: bool = False, title: str = None
    ) -> Any:
        if self._api_zone.get():
            return await cb()
        task = asyncio.current_task(self._loop)
        st: List[inspect.FrameInfo] = getattr(
            task, "__pw_stack__", None
        ) or inspect.stack(0)
    
        parsed_st = _extract_stack_trace_information_from_stack(st, is_internal, title)
        self._api_zone.set(parsed_st)
        try:
            return await cb()
        except Exception as error:
>           raise rewrite_error(error, f"{parsed_st['apiName']}: {error}") from None
E           playwright._impl._errors.Error: Locator.inner_text: Error: strict mode violation: get_by_role("region", name="Thought", exact=True).locator(".thought-note-foot .surface-footer-receipt-line") resolved to 2 elements:
E               1) <span role="status" class="surface-footer-receipt-line">KEPT · 12:02 PM</span> aka get_by_text("KEPT · 12:02 PM")
E               2) <span data-line="filing" class="surface-footer-receipt-line">IN INBOX</span> aka get_by_text("IN INBOX")
E           
E           Call log:
E             - waiting for get_by_role("region", name="Thought", exact=True).locator(".thought-note-foot .surface-footer-receipt-line")

.venv/lib/python3.13/site-packages/playwright/_impl/_connection.py:559: Error
------------------------------ Captured log call -------------------------------
WARNING  holdspeak.intel_queue_conductor:intel_queue_conductor.py:130 Intel queue drainer is OFF: this process does not own the database.
___________________ test_thought_note_is_one_clean_note[393] ___________________

tmp_path = PosixPath('/private/var/folders/q7/5dzz5g2116b3lq8rhg7hwjrr0000gn/T/pytest-of-karol/pytest-357/test_thought_note_is_one_clean1')
monkeypatch = <_pytest.monkeypatch.MonkeyPatch object at 0x14fde7e00>
width = 393

    @pytest.mark.e2e
    @pytest.mark.requires_meeting
    @pytest.mark.parametrize("width", [1440, 393])
    def test_thought_note_is_one_clean_note(tmp_path: Path, monkeypatch: pytest.MonkeyPatch, width: int) -> None:
        from playwright.sync_api import sync_playwright
    
        server, url, provider, engine = _boot(tmp_path, monkeypatch)
        SHOTS.mkdir(parents=True, exist_ok=True)
        errors: list[str] = []
        console_errors: list[str] = []
        responses: list[tuple[str, int]] = []
        try:
            with sync_playwright() as pw:
                browser = pw.chromium.launch(headless=True)
                page = browser.new_page(viewport={"width": width, "height": 900})
                page.emulate_media(reduced_motion="reduce")
                page.on("pageerror", lambda error: errors.append(str(error)))
                page.on("console", lambda message: console_errors.append(message.text) if message.type == "error" else None)
                page.on("response", lambda response: responses.append((response.url, response.status)) if "/api/thoughts/" in response.url else None)
                page.goto(f"{url}/?token={TOKEN}", wait_until="load")
                _api(page, "POST", "/api/desk/seed")
                _api(page, "PUT", "/api/setup/onboarding", {"disposition": "completed"})
                thought = _seed(page, OWNER_TITLE, OWNER_BODY)
                note_id = thought["working_note"]["id"]
                page.goto(f"{url}/?token={TOKEN}&open=note%3A{note_id}", wait_until="load")
    
                workspace = page.get_by_role("region", name="Thought", exact=True)
                workspace.wait_for(timeout=15000)
                band = page.get_by_role("region", name="One question", exact=True)
                band.wait_for(timeout=15000)
    
                # ── Band 3 is folded to one row; nothing else is on the screen ──
                assert band.get_by_role("button", name="Ask", exact=True).is_visible()
                assert page.get_by_role("textbox", name="Your answer").count() == 0
                assert workspace.get_by_role("toolbar", name="Markdown formatting").count() == 0
                assert workspace.get_by_role("button", name="Info", exact=True).count() == 0
                assert workspace.get_by_role("button", name="Add tag", exact=True).count() == 0
                assert workspace.get_by_role("region", name="Interview", exact=True).count() == 0
                assert page.get_by_text("Filed", exact=True).count() == 0
                assert page.get_by_text("Saved", exact=True).count() == 0
                _no_empty_heading(page)
                _no_horizontal_escape(page)
                # Every verb is a library species: btn (Button), or a library
                # control's own element (the desk mic, the in-place editor).
                assert workspace.evaluate(
                    "el => [...el.querySelectorAll('button')].filter(node => "
                    "!node.matches('.btn, [class*=\"desk-\"], [class*=\"surface-\"], [class*=\"gadget-\"]')).length"
                ) == 0
                assert workspace.locator(".btn--primary:visible").count() == 1
                assert workspace.locator(".btn--primary:visible").inner_text().strip() == "Finish"
    
                # The title wraps: every character of it is drawn, never clipped.
                title = workspace.locator(".thought-note-title")
                assert title.evaluate("el => el.scrollHeight <= el.clientHeight + 1")
                assert title.evaluate("el => el.scrollWidth <= el.clientWidth + 1")
                assert OWNER_TITLE[-12:] in title.inner_text()
    
                # The context fact is said ONCE, in the Reads line of the foot.
                reads = workspace.locator(".thought-note-reads")
                assert reads.count() == 1
                assert page.get_by_text("Attached", exact=False).count() == 0
                page.screenshot(path=str(SHOTS / f"after-{width}.png"), full_page=False)
    
                # ── Change: an in-window well, and the Reads line is the receipt ──
                change = workspace.get_by_role("button", name="Change", exact=True)
                change.click()
                well = page.get_by_role("region", name="What the AI reads")
                well.wait_for(timeout=10000)
                assert well.evaluate("el => el.closest('.thought-workspace-window') !== null")
                assert well.evaluate(
                    "el => [...el.querySelectorAll('button')].filter(node => "
                    "!node.matches('.btn, [class*=\"desk-\"], [class*=\"surface-\"], [class*=\"gadget-\"]')).length"
                ) == 0
                token = well.get_by_role("checkbox").first
                token.wait_for(timeout=10000)
                chosen = token.get_attribute("aria-label")
                assert chosen, "the well drew a control with no name"
                # The token variant's own face takes the click (the input is its
                # state, not its target) — the owner presses the named token.
                well.locator("label.gadget-check-token").first.click()
                page.wait_for_function(
                    "name => document.querySelector('.thought-note-reads')?.textContent?.includes(name)",
                    arg=chosen,
                    timeout=10000,
                )
                # The receipt is said ONCE, and it is never clipped at either width.
                assert workspace.locator(".thought-note-reads").count() == 1
                assert workspace.locator(".thought-note-reads").evaluate("el => el.scrollWidth <= el.clientWidth + 1")
                # …and the kept state keeps its own place beside it (the foot
                # stacks at 393 rather than pushing a fact off the glass).
                kept = workspace.locator(".thought-note-foot .surface-footer-receipt-line")
>               assert kept.inner_text().strip() == "KEPT"
                       ^^^^^^^^^^^^^^^^^

tests/e2e/test_hs201_12_thought_note_glass.py:233: 
_ _ _ _ _ _ _ _ _ _ _ _ _ _ _ _ _ _ _ _ _ _ _ _ _ _ _ _ _ _ _ _ _ _ _ _ _ _ _ _ 
.venv/lib/python3.13/site-packages/playwright/sync_api/_generated.py:17093: in inner_text
    self._sync(self._impl_obj.inner_text(timeout=timeout))
.venv/lib/python3.13/site-packages/playwright/_impl/_locator.py:476: in inner_text
    return await self._frame.inner_text(
.venv/lib/python3.13/site-packages/playwright/_impl/_frame.py:712: in inner_text
    return await self._channel.send(
.venv/lib/python3.13/site-packages/playwright/_impl/_connection.py:69: in send
    return await self._connection.wrap_api_call(
_ _ _ _ _ _ _ _ _ _ _ _ _ _ _ _ _ _ _ _ _ _ _ _ _ _ _ _ _ _ _ _ _ _ _ _ _ _ _ _ 

self = <playwright._impl._connection.Connection object at 0x1414f2550>
cb = <function Channel.send.<locals>.<lambda> at 0x144bc4360>
is_internal = False, title = None

    async def wrap_api_call(
        self, cb: Callable[[], Any], is_internal: bool = False, title: str = None
    ) -> Any:
        if self._api_zone.get():
            return await cb()
        task = asyncio.current_task(self._loop)
        st: List[inspect.FrameInfo] = getattr(
            task, "__pw_stack__", None
        ) or inspect.stack(0)
    
        parsed_st = _extract_stack_trace_information_from_stack(st, is_internal, title)
        self._api_zone.set(parsed_st)
        try:
            return await cb()
        except Exception as error:
>           raise rewrite_error(error, f"{parsed_st['apiName']}: {error}") from None
E           playwright._impl._errors.Error: Locator.inner_text: Error: strict mode violation: get_by_role("region", name="Thought", exact=True).locator(".thought-note-foot .surface-footer-receipt-line") resolved to 2 elements:
E               1) <span role="status" class="surface-footer-receipt-line">KEPT · 12:02 PM</span> aka get_by_text("KEPT · 12:02 PM")
E               2) <span data-line="filing" class="surface-footer-receipt-line">IN INBOX</span> aka get_by_text("IN INBOX")
E           
E           Call log:
E             - waiting for get_by_role("region", name="Thought", exact=True).locator(".thought-note-foot .surface-footer-receipt-line")

.venv/lib/python3.13/site-packages/playwright/_impl/_connection.py:559: Error
------------------------------ Captured log call -------------------------------
WARNING  holdspeak.intel_queue_conductor:intel_queue_conductor.py:130 Intel queue drainer is OFF: this process does not own the database.
________ test_thought_note_long_context_and_open_well_never_clip[1440] _________

tmp_path = PosixPath('/private/var/folders/q7/5dzz5g2116b3lq8rhg7hwjrr0000gn/T/pytest-of-karol/pytest-357/test_thought_note_long_context0')
monkeypatch = <_pytest.monkeypatch.MonkeyPatch object at 0x149a323c0>
width = 1440

    @pytest.mark.e2e
    @pytest.mark.requires_meeting
    @pytest.mark.parametrize("width", [1440, 393])
    def test_thought_note_long_context_and_open_well_never_clip(
        tmp_path: Path, monkeypatch: pytest.MonkeyPatch, width: int
    ) -> None:
        """Astra finding 5: a long context name pushed Finish off the window."""
        from playwright.sync_api import sync_playwright
    
        server, url, _provider, _engine = _boot(tmp_path, monkeypatch)
        SHOTS.mkdir(parents=True, exist_ok=True)
        try:
            with sync_playwright() as pw:
                browser = pw.chromium.launch(headless=True)
                page = browser.new_page(viewport={"width": width, "height": 900})
                page.emulate_media(reduced_motion="reduce")
                page.goto(f"{url}/?token={TOKEN}", wait_until="load")
                _api(page, "POST", "/api/desk/seed")
                _api(page, "PUT", "/api/setup/onboarding", {"disposition": "completed"})
                _api(page, "POST", "/api/notes", {"title": LONG_CONTEXT, "body_markdown": "The freeze holds.", "tags": []})
                thought = _seed(page, OWNER_TITLE, OWNER_BODY)
                page.goto(f"{url}/?token={TOKEN}&open=note%3A{thought['working_note']['id']}", wait_until="load")
    
                workspace = page.get_by_role("region", name="Thought", exact=True)
                workspace.wait_for(timeout=15000)
                workspace.get_by_role("button", name="Change", exact=True).click()
                well = page.get_by_role("region", name="What the AI reads")
                well.wait_for(timeout=10000)
    
                # The well SEARCHES the desk, not just six recent notes.
                find = well.get_by_role("textbox", name="Find a note")
                find.fill("standing decisions")
                token = well.locator("label.gadget-check-token", has_text="standing decisions")
                token.first.wait_for(timeout=10000)
                token.first.click()
                page.wait_for_function(
                    "name => document.querySelector('.thought-note-reads')?.title?.includes(name)",
                    arg="standing decisions",
                    timeout=10000,
                )
    
                window_box = workspace.bounding_box()
                assert window_box
                # Nothing the owner must press leaves the window…
                for name in ("Change", "Finish"):
                    box = workspace.get_by_role("button", name=name, exact=True).bounding_box()
                    assert box, name
                    assert box["x"] + box["width"] <= window_box["x"] + window_box["width"] + 1, (name, box, window_box)
                    _in_frame(box, window_box, name)
                # …the kept state keeps its width…
                kept = workspace.locator(".thought-note-foot .surface-footer-receipt-line")
>               kept_box = kept.bounding_box()
                           ^^^^^^^^^^^^^^^^^^^

tests/e2e/test_hs201_12_thought_note_glass.py:524: 
_ _ _ _ _ _ _ _ _ _ _ _ _ _ _ _ _ _ _ _ _ _ _ _ _ _ _ _ _ _ _ _ _ _ _ _ _ _ _ _ 
.venv/lib/python3.13/site-packages/playwright/sync_api/_generated.py:15485: in bounding_box
    self._sync(self._impl_obj.bounding_box(timeout=timeout))
.venv/lib/python3.13/site-packages/playwright/_impl/_locator.py:132: in bounding_box
    return await self._with_element(
.venv/lib/python3.13/site-packages/playwright/_impl/_locator.py:113: in _with_element
    handle = await self.element_handle(timeout=timeout)
             ^^^^^^^^^^^^^^^^^^^^^^^^^^^^^^^^^^^^^^^^^^
.venv/lib/python3.13/site-packages/playwright/_impl/_locator.py:319: in element_handle
    handle = await self._frame.wait_for_selector(
.venv/lib/python3.13/site-packages/playwright/_impl/_frame.py:369: in wait_for_selector
    await self._channel.send(
.venv/lib/python3.13/site-packages/playwright/_impl/_connection.py:69: in send
    return await self._connection.wrap_api_call(
_ _ _ _ _ _ _ _ _ _ _ _ _ _ _ _ _ _ _ _ _ _ _ _ _ _ _ _ _ _ _ _ _ _ _ _ _ _ _ _ 

self = <playwright._impl._connection.Connection object at 0x14740c550>
cb = <function Channel.send.<locals>.<lambda> at 0x147185ee0>
is_internal = False, title = None

    async def wrap_api_call(
        self, cb: Callable[[], Any], is_internal: bool = False, title: str = None
    ) -> Any:
        if self._api_zone.get():
            return await cb()
        task = asyncio.current_task(self._loop)
        st: List[inspect.FrameInfo] = getattr(
            task, "__pw_stack__", None
        ) or inspect.stack(0)
    
        parsed_st = _extract_stack_trace_information_from_stack(st, is_internal, title)
        self._api_zone.set(parsed_st)
        try:
            return await cb()
        except Exception as error:
>           raise rewrite_error(error, f"{parsed_st['apiName']}: {error}") from None
E           playwright._impl._errors.Error: Locator.bounding_box: Error: strict mode violation: get_by_role("region", name="Thought", exact=True).locator(".thought-note-foot .surface-footer-receipt-line") resolved to 2 elements:
E               1) <span role="status" class="surface-footer-receipt-line">KEPT · 12:02 PM</span> aka get_by_text("KEPT · 12:02 PM")
E               2) <span data-line="filing" class="surface-footer-receipt-line">IN INBOX</span> aka get_by_text("IN INBOX")
E           
E           Call log:
E             - waiting for get_by_role("region", name="Thought", exact=True).locator(".thought-note-foot .surface-footer-receipt-line")

.venv/lib/python3.13/site-packages/playwright/_impl/_connection.py:559: Error
------------------------------ Captured log call -------------------------------
WARNING  holdspeak.intel_queue_conductor:intel_queue_conductor.py:130 Intel queue drainer is OFF: this process does not own the database.
_________ test_thought_note_long_context_and_open_well_never_clip[393] _________

tmp_path = PosixPath('/private/var/folders/q7/5dzz5g2116b3lq8rhg7hwjrr0000gn/T/pytest-of-karol/pytest-357/test_thought_note_long_context1')
monkeypatch = <_pytest.monkeypatch.MonkeyPatch object at 0x150a2cd00>
width = 393

    @pytest.mark.e2e
    @pytest.mark.requires_meeting
    @pytest.mark.parametrize("width", [1440, 393])
    def test_thought_note_long_context_and_open_well_never_clip(
        tmp_path: Path, monkeypatch: pytest.MonkeyPatch, width: int
    ) -> None:
        """Astra finding 5: a long context name pushed Finish off the window."""
        from playwright.sync_api import sync_playwright
    
        server, url, _provider, _engine = _boot(tmp_path, monkeypatch)
        SHOTS.mkdir(parents=True, exist_ok=True)
        try:
            with sync_playwright() as pw:
                browser = pw.chromium.launch(headless=True)
                page = browser.new_page(viewport={"width": width, "height": 900})
                page.emulate_media(reduced_motion="reduce")
                page.goto(f"{url}/?token={TOKEN}", wait_until="load")
                _api(page, "POST", "/api/desk/seed")
                _api(page, "PUT", "/api/setup/onboarding", {"disposition": "completed"})
                _api(page, "POST", "/api/notes", {"title": LONG_CONTEXT, "body_markdown": "The freeze holds.", "tags": []})
                thought = _seed(page, OWNER_TITLE, OWNER_BODY)
                page.goto(f"{url}/?token={TOKEN}&open=note%3A{thought['working_note']['id']}", wait_until="load")
    
                workspace = page.get_by_role("region", name="Thought", exact=True)
                workspace.wait_for(timeout=15000)
                workspace.get_by_role("button", name="Change", exact=True).click()
                well = page.get_by_role("region", name="What the AI reads")
                well.wait_for(timeout=10000)
    
                # The well SEARCHES the desk, not just six recent notes.
                find = well.get_by_role("textbox", name="Find a note")
                find.fill("standing decisions")
                token = well.locator("label.gadget-check-token", has_text="standing decisions")
                token.first.wait_for(timeout=10000)
                token.first.click()
                page.wait_for_function(
                    "name => document.querySelector('.thought-note-reads')?.title?.includes(name)",
                    arg="standing decisions",
                    timeout=10000,
                )
    
                window_box = workspace.bounding_box()
                assert window_box
                # Nothing the owner must press leaves the window…
                for name in ("Change", "Finish"):
                    box = workspace.get_by_role("button", name=name, exact=True).bounding_box()
                    assert box, name
                    assert box["x"] + box["width"] <= window_box["x"] + window_box["width"] + 1, (name, box, window_box)
                    _in_frame(box, window_box, name)
                # …the kept state keeps its width…
                kept = workspace.locator(".thought-note-foot .surface-footer-receipt-line")
>               kept_box = kept.bounding_box()
                           ^^^^^^^^^^^^^^^^^^^

tests/e2e/test_hs201_12_thought_note_glass.py:524: 
_ _ _ _ _ _ _ _ _ _ _ _ _ _ _ _ _ _ _ _ _ _ _ _ _ _ _ _ _ _ _ _ _ _ _ _ _ _ _ _ 
.venv/lib/python3.13/site-packages/playwright/sync_api/_generated.py:15485: in bounding_box
    self._sync(self._impl_obj.bounding_box(timeout=timeout))
.venv/lib/python3.13/site-packages/playwright/_impl/_locator.py:132: in bounding_box
    return await self._with_element(
.venv/lib/python3.13/site-packages/playwright/_impl/_locator.py:113: in _with_element
    handle = await self.element_handle(timeout=timeout)
             ^^^^^^^^^^^^^^^^^^^^^^^^^^^^^^^^^^^^^^^^^^
.venv/lib/python3.13/site-packages/playwright/_impl/_locator.py:319: in element_handle
    handle = await self._frame.wait_for_selector(
.venv/lib/python3.13/site-packages/playwright/_impl/_frame.py:369: in wait_for_selector
    await self._channel.send(
.venv/lib/python3.13/site-packages/playwright/_impl/_connection.py:69: in send
    return await self._connection.wrap_api_call(
_ _ _ _ _ _ _ _ _ _ _ _ _ _ _ _ _ _ _ _ _ _ _ _ _ _ _ _ _ _ _ _ _ _ _ _ _ _ _ _ 

self = <playwright._impl._connection.Connection object at 0x14740f750>
cb = <function Channel.send.<locals>.<lambda> at 0x13f70eac0>
is_internal = False, title = None

    async def wrap_api_call(
        self, cb: Callable[[], Any], is_internal: bool = False, title: str = None
    ) -> Any:
        if self._api_zone.get():
            return await cb()
        task = asyncio.current_task(self._loop)
        st: List[inspect.FrameInfo] = getattr(
            task, "__pw_stack__", None
        ) or inspect.stack(0)
    
        parsed_st = _extract_stack_trace_information_from_stack(st, is_internal, title)
        self._api_zone.set(parsed_st)
        try:
            return await cb()
        except Exception as error:
>           raise rewrite_error(error, f"{parsed_st['apiName']}: {error}") from None
E           playwright._impl._errors.Error: Locator.bounding_box: Error: strict mode violation: get_by_role("region", name="Thought", exact=True).locator(".thought-note-foot .surface-footer-receipt-line") resolved to 2 elements:
E               1) <span role="status" class="surface-footer-receipt-line">KEPT · 12:02 PM</span> aka get_by_text("KEPT · 12:02 PM")
E               2) <span data-line="filing" class="surface-footer-receipt-line">IN INBOX</span> aka get_by_text("IN INBOX")
E           
E           Call log:
E             - waiting for get_by_role("region", name="Thought", exact=True).locator(".thought-note-foot .surface-footer-receipt-line")

.venv/lib/python3.13/site-packages/playwright/_impl/_connection.py:559: Error
------------------------------ Captured log call -------------------------------
WARNING  holdspeak.intel_queue_conductor:intel_queue_conductor.py:130 Intel queue drainer is OFF: this process does not own the database.
______ test_summary_and_receipt_survive_real_hub_restart_on_both_glasses _______

tmp_path = PosixPath('/private/var/folders/q7/5dzz5g2116b3lq8rhg7hwjrr0000gn/T/pytest-of-karol/pytest-357/test_summary_and_receipt_survi0')
monkeypatch = <_pytest.monkeypatch.MonkeyPatch object at 0x147181940>

    def test_summary_and_receipt_survive_real_hub_restart_on_both_glasses(tmp_path, monkeypatch):
        from holdspeak.db import get_database
        from playwright.sync_api import sync_playwright
    
        monkeypatch.setenv("HOLDSPEAK_PEOPLE_KEYSTORE_FILE", str(tmp_path / "people-keys.json"))
        _ensure_build()
        server, url = _boot(tmp_path, monkeypatch, token=TOKEN)
        db = get_database()
        _configure(db)
        engine = FakeIntel()
        monkeypatch.setattr("holdspeak.intel.engine.MeetingIntel", lambda **kw: engine)
        monkeypatch.setattr("holdspeak.intel.providers._configured_engine", lambda: engine)
        monkeypatch.setattr("holdspeak.intel_queue.get_database", lambda: db)
        monkeypatch.setattr("holdspeak.meeting_plugins.build_bound_meeting_plugin_host", lambda: FakeHost(()))
        monkeypatch.setattr("holdspeak.plugins.router.preview_route_from_transcript", lambda **kw: _Route(()))
        _profile(db, "lane-a-summary", claims=("language", _result_claim("meeting.deferred_analysis")))
        now = datetime.now()
        meeting = MeetingState(
            id="lane-a-fixture", title="Lane A fixture meeting",
            started_at=now - timedelta(minutes=1), ended_at=now,
            capture_status="finalized", transcription_status="final",
            segments=[TranscriptSegment("We agreed to send the budget report.", "Me", 0.0, 2.0)],
        )
        db.meetings.save_meeting(meeting)
        SHOTS.mkdir(parents=True, exist_ok=True)
        try:
            with sync_playwright() as pw:
                browser = pw.chromium.launch()
                page = browser.new_page(viewport={"width": 1440, "height": 900})
                errors = []
                page.on("pageerror", lambda error: errors.append(str(error)))
                page.goto(f"{url}/?token={TOKEN}", wait_until="load")
                _api(page, "POST", "/api/desk/seed", token=TOKEN)
                _api(page, "PUT", "/api/setup/onboarding", {"disposition": "completed"}, token=TOKEN)
                selected = _api(page, "POST", "/api/concierge/summary-selection", {
                    "commandId": "lane-a-glass-selection", "expectedAssignmentRevision": 0,
                    "profileId": "lane-a-summary", "profileRevision": 1,
                }, token=TOKEN)
                assert selected["status"] == "succeeded"
                before = _api(page, "GET", f"/api/meetings/{meeting.id}", token=TOKEN)
                planned = before["planned_route"]
                assert planned["status"] == "ready" and len(planned["legs"]) == 1
                queued = _api(page, "POST", f"/api/meetings/{meeting.id}/intelligence/run", {
                    "expected_selection_hash": planned["selection_hash"],
                }, token=TOKEN)
                assert queued["state"] == "queued", queued
                for _ in range(100):
                    if db.meetings.get_meeting(meeting.id).intel is not None:
                        break
                    process_next_intel_job()
                    time.sleep(0.05)
                saved = db.meetings.get_meeting(meeting.id)
                assert saved is not None and saved.intel is not None
                assert saved.intel.summary == engine.result.summary
                after = _api(page, "GET", f"/api/meetings/{meeting.id}/intel-recovery", token=TOKEN)
                receipt = after["run_receipt"]
                assert receipt["outcome"] == "succeeded"
                assert receipt["selection_hash"] == planned["selection_hash"]
                assert receipt["attempts"] and receipt["attempts"][0]["host"] == planned["legs"][0]["host"]
    
                server.stop()
                url = server.start()
                page.goto(f"{url}/?token={TOKEN}", wait_until="load")
                reopened = _api(page, "GET", f"/api/meetings/{meeting.id}/intel-recovery", token=TOKEN)
                assert reopened["run_receipt"] == receipt
                assert db.meetings.get_meeting(meeting.id).intel.summary == engine.result.summary
                print(f"SUMMARY meeting={meeting.id} text={engine.result.summary!r}")
                print(f"RECEIPT after hub restart={receipt!r}")
    
                for width in (1440, 393):
                    page.set_viewport_size({"width": width, "height": 900 if width == 1440 else 852})
                    _normal_chair(page)
                    page.evaluate("""() => {
                        localStorage.removeItem('hs.desk.workspace.v1');
                        sessionStorage.setItem('hs.desk.staged-surface-open', JSON.stringify({key:'review-meetings'}));
                    }""")
                    page.reload(wait_until="load")
                    _normal_chair(page)
                    row = page.get_by_test_id(f"meeting-row-{meeting.id}")
                    row.locator(".meetings-stream-row-body").click()
>                   page.get_by_text("We agreed to send the budget report.", exact=True).wait_for()

tests/e2e/test_hs201_lane_a_glass.py:104: 
_ _ _ _ _ _ _ _ _ _ _ _ _ _ _ _ _ _ _ _ _ _ _ _ _ _ _ _ _ _ _ _ _ _ _ _ _ _ _ _ 
.venv/lib/python3.13/site-packages/playwright/sync_api/_generated.py:18080: in wait_for
    self._sync(self._impl_obj.wait_for(timeout=timeout, state=state))
.venv/lib/python3.13/site-packages/playwright/_impl/_locator.py:710: in wait_for
    await self._frame.wait_for_selector(
.venv/lib/python3.13/site-packages/playwright/_impl/_frame.py:369: in wait_for_selector
    await self._channel.send(
.venv/lib/python3.13/site-packages/playwright/_impl/_connection.py:69: in send
    return await self._connection.wrap_api_call(
_ _ _ _ _ _ _ _ _ _ _ _ _ _ _ _ _ _ _ _ _ _ _ _ _ _ _ _ _ _ _ _ _ _ _ _ _ _ _ _ 

self = <playwright._impl._connection.Connection object at 0x14120c050>
cb = <function Channel.send.<locals>.<lambda> at 0x14bb3f600>
is_internal = False, title = None

    async def wrap_api_call(
        self, cb: Callable[[], Any], is_internal: bool = False, title: str = None
    ) -> Any:
        if self._api_zone.get():
            return await cb()
        task = asyncio.current_task(self._loop)
        st: List[inspect.FrameInfo] = getattr(
            task, "__pw_stack__", None
        ) or inspect.stack(0)
    
        parsed_st = _extract_stack_trace_information_from_stack(st, is_internal, title)
        self._api_zone.set(parsed_st)
        try:
            return await cb()
        except Exception as error:
>           raise rewrite_error(error, f"{parsed_st['apiName']}: {error}") from None
E           playwright._impl._errors.Error: Locator.wait_for: Error: strict mode violation: get_by_text("We agreed to send the budget report.", exact=True) resolved to 2 elements:
E               1) <p>We agreed to send the budget report.</p> aka get_by_test_id("arrival-meetings").get_by_text("We agreed to send the budget")
E               2) <p>We agreed to send the budget report.</p> aka locator("#surface-meetings").get_by_text("We agreed to send the budget")
E           
E           Call log:
E             - waiting for get_by_text("We agreed to send the budget report.", exact=True) to be visible

.venv/lib/python3.13/site-packages/playwright/_impl/_connection.py:559: Error
----------------------------- Captured stdout call -----------------------------
SUMMARY meeting=lane-a-fixture text='The team reviewed the budget.'
RECEIPT after hub restart={'attempts': [{'host': 'same_device', 'leg_ordinal': 1, 'operation_id': 'op_4c00f701d3d642559c3506c7ee47b61f', 'outcome': 'succeeded'}], 'job_id': 'ij_37841f1bac9437923830aba62536c8c24e9669a4430f0ffaaf9b2656457696b1', 'meeting_id': 'lane-a-fixture', 'outcome': 'succeeded', 'receipt_id': 'rr_0816f32b1f655d8b86ca8cbc95606862', 'selection_hash': 'sha256:82b212ceea98582976e519a83736e1e8bfea0aed4a8a7166efec56bc52142d51'}
------------------------------ Captured log call -------------------------------
WARNING  holdspeak.intel_queue_conductor:intel_queue_conductor.py:130 Intel queue drainer is OFF: this process does not own the database.
WARNING  holdspeak.intel_queue_conductor:intel_queue_conductor.py:130 Intel queue drainer is OFF: this process does not own the database.
___________ test_the_summary_is_asked_for_disclosed_and_found_again ____________

tmp_path = PosixPath('/private/var/folders/q7/5dzz5g2116b3lq8rhg7hwjrr0000gn/T/pytest-of-karol/pytest-357/test_the_summary_is_asked_for_0')
monkeypatch = <_pytest.monkeypatch.MonkeyPatch object at 0x156227310>

    def test_the_summary_is_asked_for_disclosed_and_found_again(tmp_path, monkeypatch):
        from holdspeak.db import get_database
        from playwright.sync_api import sync_playwright
    
        monkeypatch.setenv("HOLDSPEAK_PEOPLE_KEYSTORE_FILE", str(tmp_path / "people-keys.json"))
        _ensure_build()
        server, url = _boot(tmp_path, monkeypatch, token=TOKEN)
        db = get_database()
        _configure(db)
        engine = FakeIntel()
        monkeypatch.setattr("holdspeak.intel.engine.MeetingIntel", lambda **kw: engine)
        monkeypatch.setattr("holdspeak.intel.providers._configured_engine", lambda: engine)
        monkeypatch.setattr("holdspeak.intel_queue.get_database", lambda: db)
        monkeypatch.setattr("holdspeak.db.get_database", lambda *a, **k: db)
        monkeypatch.setattr(
            "holdspeak.meeting_plugins.build_bound_meeting_plugin_host", lambda: FakeHost(())
        )
        monkeypatch.setattr(
            "holdspeak.plugins.router.preview_route_from_transcript", lambda **kw: _Route(())
        )
        # Both halves of the meeting path on one local profile: speech becomes
        # text, and text becomes a summary (glass_infra.seed_meeting_engines).
        seed_meeting_engines()
    
        # Astra's counsel round 2: TWO summary-ready meetings, so the canon
        # probe measures a rail that can draw more than one run verb. Only the
        # lead row may wear the filled species.
        spare_id = _record_fixture_meeting(monkeypatch)
        first_id = _record_fixture_meeting(monkeypatch)
        saved = db.meetings.get_meeting(first_id)
        assert saved is not None and saved.segments, "the fixture WAV produced no transcript"
        assert saved.intel is None, "recording must not run a summary"
        print(f"RECORDED meeting={first_id} spare={spare_id} segments={len(saved.segments)}")
    
        try:
            with sync_playwright() as pw:
                browser = pw.chromium.launch()
                page = browser.new_page(viewport={"width": 1440, "height": 900})
                errors: list[str] = []
                requests: list[dict] = []
                page.on("pageerror", lambda error: errors.append(str(error)))
                page.on(
                    "request",
                    lambda request: requests.append(
                        {
                            "path": request.url.split("?")[0].replace(url, ""),
                            "body": request.post_data or "",
                        }
                    )
                    if request.method == "POST"
                    else None,
                )
    
                def open_meetings(meeting_id: str | None = None) -> None:
                    """The Meetings window, with one record open when asked."""
                    page.evaluate(
                        """() => {
                            localStorage.removeItem('hs.desk.workspace.v1');
                            sessionStorage.setItem('hs.desk.staged-surface-open',
                                JSON.stringify({key:'review-meetings'}));
                        }"""
                    )
                    page.reload(wait_until="load")
                    _normal_chair(page)
                    if meeting_id is None:
                        page.locator(".meetings-stream-rows").wait_for(timeout=15_000)
                        return
                    row = page.get_by_test_id(f"meeting-row-{meeting_id}")
                    row.wait_for(timeout=15_000)
                    print(f"ROW {meeting_id} {row.text_content()}")
                    row.locator(".meetings-stream-row-body").click()
                    page.locator(".meetings-detail-head").wait_for(timeout=15_000)
    
                page.goto(f"{url}/?token={TOKEN}", wait_until="load")
                _api(page, "PUT", "/api/setup/onboarding", {"disposition": "completed"}, token=TOKEN)
    
                # ── the disclosed route, read before any click ──
                page.goto(f"{url}/?token={TOKEN}", wait_until="load")
                _normal_chair(page)
                detail = _api(page, "GET", f"/api/meetings/{first_id}", token=TOKEN)
                planned = detail["planned_route"]
                assert planned["status"] == "ready", planned
                assert planned["legs"], planned
                host = planned["legs"][0]["host"]
                print(f"PLANNED host={host} hash={planned['selection_hash']}")
    
                # ── station 1: the record BEFORE the run ──
                open_meetings(first_id)
                route_chip = page.get_by_test_id("detail-route")
                route_chip.wait_for(timeout=15_000)
                assert _chip_label(host) in (route_chip.text_content() or ""), (
                    route_chip.text_content()
                )
                page.get_by_test_id("detail-run-intelligence-btn").wait_for()
                _assert_canon(page)
                _shot(page, "record-before-run")
    
                # ── station 2: the first summary, from the verb, with the hash ──
                requests.clear()
                page.get_by_test_id("detail-run-intelligence-btn").click()
                page.wait_for_timeout(600)
                run_post = _run_posts(requests)[-1]
                assert run_post["path"] == f"/api/meetings/{first_id}/intelligence/run"
                assert json.loads(run_post["body"])["expected_selection_hash"] == (
                    planned["selection_hash"]
                ), run_post
                print(f"RUN POST {run_post}")
    
                _drain(db, first_id)
                produced = db.meetings.get_meeting(first_id)
                assert produced.intel is not None, "no summary was produced"
                assert produced.intel.summary == engine.result.summary
                receipt = _api(
                    page, "GET", f"/api/meetings/{first_id}/intel-recovery", token=TOKEN
                )["run_receipt"]
                assert receipt["outcome"] == "succeeded", receipt
                assert receipt["attempts"], receipt
                assert receipt["selection_hash"] == planned["selection_hash"], receipt
                print(f"RECEIPT {receipt}")
    
                # ── station 3: the record AFTER the run: the text and the hosts ──
                open_meetings(first_id)
                summary_text = page.get_by_test_id("meeting-summary-text")
>               summary_text.wait_for(timeout=15_000)

tests/e2e/test_hs201_summary_face_glass.py:250: 
_ _ _ _ _ _ _ _ _ _ _ _ _ _ _ _ _ _ _ _ _ _ _ _ _ _ _ _ _ _ _ _ _ _ _ _ _ _ _ _ 
.venv/lib/python3.13/site-packages/playwright/sync_api/_generated.py:18080: in wait_for
    self._sync(self._impl_obj.wait_for(timeout=timeout, state=state))
.venv/lib/python3.13/site-packages/playwright/_impl/_locator.py:710: in wait_for
    await self._frame.wait_for_selector(
.venv/lib/python3.13/site-packages/playwright/_impl/_frame.py:369: in wait_for_selector
    await self._channel.send(
.venv/lib/python3.13/site-packages/playwright/_impl/_connection.py:69: in send
    return await self._connection.wrap_api_call(
_ _ _ _ _ _ _ _ _ _ _ _ _ _ _ _ _ _ _ _ _ _ _ _ _ _ _ _ _ _ _ _ _ _ _ _ _ _ _ _ 

self = <playwright._impl._connection.Connection object at 0x15770cd50>
cb = <function Channel.send.<locals>.<lambda> at 0x15a1f2980>
is_internal = False, title = None

    async def wrap_api_call(
        self, cb: Callable[[], Any], is_internal: bool = False, title: str = None
    ) -> Any:
        if self._api_zone.get():
            return await cb()
        task = asyncio.current_task(self._loop)
        st: List[inspect.FrameInfo] = getattr(
            task, "__pw_stack__", None
        ) or inspect.stack(0)
    
        parsed_st = _extract_stack_trace_information_from_stack(st, is_internal, title)
        self._api_zone.set(parsed_st)
        try:
            return await cb()
        except Exception as error:
>           raise rewrite_error(error, f"{parsed_st['apiName']}: {error}") from None
E           playwright._impl._errors.Error: Locator.wait_for: Error: strict mode violation: get_by_test_id("meeting-summary-text") resolved to 2 elements:
E               1) <p class="summary-text" data-testid="meeting-summary-text">The team reviewed the budget.</p> aka get_by_test_id("arrival-meetings").get_by_test_id("meeting-summary-text")
E               2) <p class="summary-text" data-testid="meeting-summary-text">The team reviewed the budget.</p> aka get_by_role("region", name="Meetings").get_by_test_id("meeting-summary-text")
E           
E           Call log:
E             - waiting for get_by_test_id("meeting-summary-text") to be visible

.venv/lib/python3.13/site-packages/playwright/_impl/_connection.py:559: Error
----------------------------- Captured stdout call -----------------------------
RECORDED meeting=f3b5ff14 spare=ebaef426 segments=1
PLANNED host=same_device hash=sha256:29ae26badc6223abccae25c6e928bd163d140997dae72667b47d0b2ea87aa4ba
ROW f3b5ff14 MeetingSEP 23 · OFFSEP 23·1 S·3 WORDS·OFFTHIS DEVICERun summary
CANON primaries=['Run summary'] zeros=[] run_verbs_in_rail=['Run summary', 'Run summary']
SHOT /Users/karol/dev/tools/wt-philo-3-02/pm/roadmap/holdspeak/phase-201-one-meeting-result/assets/story-04-shots/record-before-run-1440.png
SHOT /Users/karol/dev/tools/wt-philo-3-02/pm/roadmap/holdspeak/phase-201-one-meeting-result/assets/story-04-shots/record-before-run-393.png
RUN POST {'path': '/api/meetings/f3b5ff14/intelligence/run', 'body': '{"expected_selection_hash":"sha256:29ae26badc6223abccae25c6e928bd163d140997dae72667b47d0b2ea87aa4ba"}'}
RECEIPT {'attempts': [{'host': 'same_device', 'leg_ordinal': 1, 'operation_id': 'op_e1f0acb7015e481a9a5f336e0a20c7c5', 'outcome': 'succeeded'}], 'job_id': 'ij_ddb77de061e7ce17ba0ff5fb9a12a4b00d2ac94f5dad0d46cd1f65c7112808b4', 'meeting_id': 'f3b5ff14', 'outcome': 'succeeded', 'receipt_id': 'rr_518cba218ecd6f7a0d53f09bff41677b', 'selection_hash': 'sha256:29ae26badc6223abccae25c6e928bd163d140997dae72667b47d0b2ea87aa4ba'}
ROW f3b5ff14 MeetingSEP 23 · RANSEP 23·1 S·3 WORDS·RANTHIS DEVICEOpen
------------------------------ Captured log call -------------------------------
WARNING  holdspeak.intel_queue_conductor:intel_queue_conductor.py:130 Intel queue drainer is OFF: this process does not own the database.
_______ test_import_transcribes_and_stops_then_the_summary_is_asked_for ________

tmp_path = PosixPath('/private/var/folders/q7/5dzz5g2116b3lq8rhg7hwjrr0000gn/T/pytest-of-karol/pytest-357/test_import_transcribes_and_st0')
monkeypatch = <_pytest.monkeypatch.MonkeyPatch object at 0x159e96dd0>

    def test_import_transcribes_and_stops_then_the_summary_is_asked_for(
        tmp_path, monkeypatch
    ):
        from holdspeak.db import get_database
        from holdspeak.web.routes import meeting_import as import_route
        from playwright.sync_api import sync_playwright
    
        monkeypatch.setenv(
            "HOLDSPEAK_PEOPLE_KEYSTORE_FILE", str(tmp_path / "people-keys.json")
        )
        _ensure_build()
        server, url = _boot(tmp_path, monkeypatch, token=IMPORT_TOKEN)
        db = get_database()
        _configure(db)
        engine = FakeIntel()
        monkeypatch.setattr("holdspeak.intel.engine.MeetingIntel", lambda **kw: engine)
        monkeypatch.setattr("holdspeak.intel.providers._configured_engine", lambda: engine)
        monkeypatch.setattr("holdspeak.intel_queue.get_database", lambda: db)
        monkeypatch.setattr("holdspeak.db.get_database", lambda *a, **k: db)
        monkeypatch.setattr(
            "holdspeak.meeting_plugins.build_bound_meeting_plugin_host", lambda: FakeHost(())
        )
        monkeypatch.setattr(
            "holdspeak.plugins.router.preview_route_from_transcript", lambda **kw: _Route(())
        )
        # No Whisper on this walk: the subject is what the import DOES, not what
        # it hears. The engine that would write the summary is the real seam and
        # it is watched (`engine.analyzed`).
        monkeypatch.setattr(
            import_route, "_transcriber_factory", lambda cfg: _FixtureImportTranscriber()
        )
        seed_meeting_engines()
    
        # The file the rehearsal imported, with a mtime months in the past —
        # the exact shape that dated the meeting JUN 03 (defect 10).
        source = tmp_path / "core_path_smoke_16k.wav"
        source.write_bytes(FIXTURE_WAV.read_bytes())
        old = (datetime.now() - timedelta(days=108)).timestamp()
        os.utime(source, (old, old))
        with wave.open(str(source), "rb") as wav_file:
            seconds = wav_file.getnframes() / float(wav_file.getframerate())
        assert 2.0 < seconds < 3.0, seconds
        print(f"FIXTURE {source.name} {seconds:.2f}s mtime={datetime.fromtimestamp(old)}")
    
        try:
            with sync_playwright() as pw:
                browser = pw.chromium.launch()
                page = browser.new_page(viewport={"width": 1440, "height": 900})
                errors: list[str] = []
                requests: list[dict] = []
                page.on("pageerror", lambda error: errors.append(str(error)))
                page.on(
                    "request",
                    lambda request: requests.append(
                        {
                            "path": request.url.split("?")[0].replace(url, ""),
                            "body": request.post_data or "",
                        }
                    )
                    if request.method == "POST"
                    else None,
                )
    
                def open_meetings(expect_rows: bool = True) -> None:
                    page.evaluate(
                        """() => {
                            localStorage.removeItem('hs.desk.workspace.v1');
                            sessionStorage.setItem('hs.desk.staged-surface-open',
                                JSON.stringify({key:'review-meetings'}));
                        }"""
                    )
                    page.reload(wait_until="load")
                    _normal_chair(page)
                    # A cold desk draws the Meetings face with no stream at all,
                    # so the face's own head verbs are what a first visit waits
                    # for (the headline span is empty while the list loads).
                    page.locator(".meetings-head-verbs").wait_for(timeout=15_000)
                    if expect_rows:
                        page.locator(".meetings-stream-rows").wait_for(timeout=15_000)
    
                page.goto(f"{url}/?token={IMPORT_TOKEN}", wait_until="load")
                _api(
                    page, "PUT", "/api/setup/onboarding", {"disposition": "completed"},
                    token=IMPORT_TOKEN,
                )
                open_meetings(expect_rows=False)
    
                # ── station 1: the Import door, and the real gesture ──
                page.locator(".meetings-head-verbs").get_by_role(
                    "button", name="Import", exact=True
                ).click()
                file_input = page.locator(".surface-dropwell input[type=file]")
                # The dropwell hides its input behind the label's own species.
                file_input.wait_for(timeout=15_000, state="attached")
                file_input.set_input_files(str(source))
                page.get_by_role("textbox", name="Title").fill("Imported standup")
                requests.clear()
                page.locator(".surface-actions").get_by_role(
                    "button", name="Import", exact=True
                ).click()
    
                import_post = None
                for _ in range(120):
                    posts = [r for r in requests if r["path"] == "/api/meetings/import"]
                    if posts:
                        import_post = posts[-1]
                        break
                    page.wait_for_timeout(100)
                assert import_post is not None, requests
                # Defect 10 at its source: the gesture sends no file mtime.
                assert "started_at_ms" not in import_post["body"], import_post
                print(f"IMPORT POST {import_post['path']} (no started_at_ms)")
    
                imported = None
                for _ in range(150):
                    rows = db.meetings.list_meetings()
                    done = [
                        row for row in rows
                        if row.id and db.meetings.get_meeting(row.id).segments
                    ]
                    if done:
                        imported = db.meetings.get_meeting(done[0].id)
                        break
                    page.wait_for_timeout(100)
                assert imported is not None, "the import never produced a transcript"
                print(f"IMPORTED {imported.id} segments={len(imported.segments)}")
    
                # ── the fence: it transcribed, and it stopped ──
                assert db.intel.list_intel_jobs() == [], db.intel.list_intel_jobs()
                assert db.intel.get_latest_intel_job(imported.id) is None
                assert engine.analyzed == [], engine.analyzed
                assert imported.intel is None
                assert imported.intel_status == "disabled", imported.intel_status
                # Defects 10 and 11: dated the import moment, transcript final.
                assert imported.started_at > datetime.now() - timedelta(minutes=10)
                assert imported.transcription_status == "complete", (
                    imported.transcription_status
                )
                print(
                    f"AFTER IMPORT jobs={db.intel.list_intel_jobs()} "
                    f"analyzed={engine.analyzed} intel_status={imported.intel_status} "
                    f"started_at={imported.started_at} "
                    f"transcription_status={imported.transcription_status}"
                )
    
                # ── station 2: the row tells the truth about its length ──
                open_meetings()
                row = page.get_by_test_id(f"meeting-row-{imported.id}")
                row.wait_for(timeout=15_000)
                row_words = row.text_content() or ""
                print(f"ROW {row_words}")
                assert "3 S" in row_words, row_words
                assert "1 MIN" not in row_words, row_words
                today = _ledger_date(datetime.now())
                assert today in row_words, (today, row_words)
                run_verb = row.get_by_test_id("run-intelligence-btn")
                run_verb.wait_for(timeout=15_000)
                detail = _api(
                    page, "GET", f"/api/meetings/{imported.id}", token=IMPORT_TOKEN
                )
                planned = detail["planned_route"]
                assert planned["status"] == "ready", planned
                host = planned["legs"][0]["host"]
                assert _chip_label(host) in (
                    row.get_by_test_id("row-route").text_content() or ""
                )
                assert detail.get("run_receipt") is None, detail.get("run_receipt")
                print(f"PLANNED host={host} hash={planned['selection_hash']}")
                _shot_10(page, "import-row-length")
    
                # ── station 3: the record, with the verb and the planned host ──
                row.locator(".meetings-stream-row-body").click()
                page.locator(".meetings-detail-head").wait_for(timeout=15_000)
                route_chip = page.get_by_test_id("detail-route")
                route_chip.wait_for(timeout=15_000)
                assert _chip_label(host) in (route_chip.text_content() or "")
                page.get_by_test_id("detail-run-intelligence-btn").wait_for(timeout=15_000)
                head = page.locator(".meetings-detail-head").text_content() or ""
                print(f"DETAIL HEAD {head}")
                assert "3 S" in head, head
                assert "1 MIN" not in head, head
                _shot_10(page, "import-done")
    
                # ── station 4: ask for it, and read the receipt ──
                requests.clear()
                page.get_by_test_id("detail-run-intelligence-btn").click()
                page.wait_for_timeout(600)
                run_post = [r for r in requests if r["path"].endswith("/intelligence/run")][-1]
                assert run_post["path"] == f"/api/meetings/{imported.id}/intelligence/run"
                assert json.loads(run_post["body"])["expected_selection_hash"] == (
                    planned["selection_hash"]
                ), run_post
                print(f"RUN POST {run_post}")
    
                _drain(db, imported.id)
                produced = db.meetings.get_meeting(imported.id)
                assert produced.intel is not None, "no summary was produced"
                assert produced.intel.summary == engine.result.summary
                assert engine.analyzed, "the provider was never contacted by the gesture"
                receipt = _api(
                    page, "GET", f"/api/meetings/{imported.id}/intel-recovery",
                    token=IMPORT_TOKEN,
                )["run_receipt"]
                assert receipt["outcome"] == "succeeded", receipt
                assert receipt["attempts"], receipt
                assert receipt["selection_hash"] == planned["selection_hash"], receipt
                assert receipt["attempts"][0]["host"] == host, receipt
                print(f"RECEIPT {receipt}")
    
                open_meetings()
                page.get_by_test_id(f"meeting-row-{imported.id}").locator(
                    ".meetings-stream-row-body"
                ).click()
                summary_text = page.get_by_test_id("meeting-summary-text")
                summary_text.wait_for(timeout=15_000)
>               assert (summary_text.text_content() or "").strip() == engine.result.summary
                        ^^^^^^^^^^^^^^^^^^^^^^^^^^^

tests/e2e/test_hs201_summary_face_glass.py:792: 
_ _ _ _ _ _ _ _ _ _ _ _ _ _ _ _ _ _ _ _ _ _ _ _ _ _ _ _ _ _ _ _ _ _ _ _ _ _ _ _ 
.venv/lib/python3.13/site-packages/playwright/sync_api/_generated.py:17839: in text_content
    self._sync(self._impl_obj.text_content(timeout=timeout))
.venv/lib/python3.13/site-packages/playwright/_impl/_locator.py:647: in text_content
    return await self._frame.text_content(
.venv/lib/python3.13/site-packages/playwright/_impl/_frame.py:705: in text_content
    return await self._channel.send(
.venv/lib/python3.13/site-packages/playwright/_impl/_connection.py:69: in send
    return await self._connection.wrap_api_call(
_ _ _ _ _ _ _ _ _ _ _ _ _ _ _ _ _ _ _ _ _ _ _ _ _ _ _ _ _ _ _ _ _ _ _ _ _ _ _ _ 

self = <playwright._impl._connection.Connection object at 0x15770d250>
cb = <function Channel.send.<locals>.<lambda> at 0x15bbfea20>
is_internal = False, title = None

    async def wrap_api_call(
        self, cb: Callable[[], Any], is_internal: bool = False, title: str = None
    ) -> Any:
        if self._api_zone.get():
            return await cb()
        task = asyncio.current_task(self._loop)
        st: List[inspect.FrameInfo] = getattr(
            task, "__pw_stack__", None
        ) or inspect.stack(0)
    
        parsed_st = _extract_stack_trace_information_from_stack(st, is_internal, title)
        self._api_zone.set(parsed_st)
        try:
            return await cb()
        except Exception as error:
>           raise rewrite_error(error, f"{parsed_st['apiName']}: {error}") from None
E           playwright._impl._errors.Error: Locator.text_content: Error: strict mode violation: get_by_test_id("meeting-summary-text") resolved to 2 elements:
E               1) <p class="summary-text" data-testid="meeting-summary-text">The team reviewed the budget.</p> aka get_by_test_id("arrival-meetings").get_by_test_id("meeting-summary-text")
E               2) <p class="summary-text" data-testid="meeting-summary-text">The team reviewed the budget.</p> aka get_by_role("region", name="Meetings").get_by_test_id("meeting-summary-text")
E           
E           Call log:
E             - waiting for get_by_test_id("meeting-summary-text")

.venv/lib/python3.13/site-packages/playwright/_impl/_connection.py:559: Error
----------------------------- Captured stdout call -----------------------------
FIXTURE core_path_smoke_16k.wav 2.79s mtime=2026-06-07 12:05:14.252429
IMPORT POST /api/meetings/import (no started_at_ms)
IMPORTED 99f006a9 segments=1
AFTER IMPORT jobs=[] analyzed=[] intel_status=disabled started_at=2026-09-23 12:05:17.353098 transcription_status=complete
ROW Imported standupSEP 23 · OFFSEP 23·3 S·9 WORDS·OFFTHIS DEVICERun summary
PLANNED host=same_device hash=sha256:11e044c071a798beb4a0fd6a60efc42fbc53807798275a2e99647835a38cc978
SHOT /Users/karol/dev/tools/wt-philo-3-02/pm/roadmap/holdspeak/phase-201-one-meeting-result/assets/story-10-shots/import-row-length-1440.png
SHOT /Users/karol/dev/tools/wt-philo-3-02/pm/roadmap/holdspeak/phase-201-one-meeting-result/assets/story-10-shots/import-row-length-393.png
DETAIL HEAD Imported standupSEP 23·3 S·SUMMARY OFF
SHOT /Users/karol/dev/tools/wt-philo-3-02/pm/roadmap/holdspeak/phase-201-one-meeting-result/assets/story-10-shots/import-done-1440.png
SHOT /Users/karol/dev/tools/wt-philo-3-02/pm/roadmap/holdspeak/phase-201-one-meeting-result/assets/story-10-shots/import-done-393.png
RUN POST {'path': '/api/meetings/99f006a9/intelligence/run', 'body': '{"expected_selection_hash":"sha256:11e044c071a798beb4a0fd6a60efc42fbc53807798275a2e99647835a38cc978"}'}
RECEIPT {'attempts': [{'host': 'same_device', 'leg_ordinal': 1, 'operation_id': 'op_557ed369f7a344bda1ce00f0e43e58ce', 'outcome': 'succeeded'}], 'job_id': 'ij_4d99d8f6e7a3670cc68c084041e4562c5e13c15a8d421a84412ee38c979c82fa', 'meeting_id': '99f006a9', 'outcome': 'succeeded', 'receipt_id': 'rr_c39030fffe826abd92366b6777fbadfe', 'selection_hash': 'sha256:11e044c071a798beb4a0fd6a60efc42fbc53807798275a2e99647835a38cc978'}
------------------------------ Captured log call -------------------------------
WARNING  holdspeak.intel_queue_conductor:intel_queue_conductor.py:130 Intel queue drainer is OFF: this process does not own the database.
____ test_the_real_j4_import_case_fires_the_upload_and_binds_the_meeting_id ____

tmp_path = PosixPath('/private/var/folders/q7/5dzz5g2116b3lq8rhg7hwjrr0000gn/T/pytest-of-karol/pytest-357/test_the_real_j4_import_case_f0')

    def test_the_real_j4_import_case_fires_the_upload_and_binds_the_meeting_id(tmp_path):
        """Finding 2: the ACTUAL atlas case, through a synthetic import boundary
        that answers like the real route (202 {"meeting_id", "status"}). Before
        the fix: BLOCKED "unresolved placeholder … meeting_id", zero uploads."""
        case = _atlas_case(J4_IMPORT)
        assert case["trigger"]["capture_as"] == "meeting_id", "the atlas case changed"
>       record = calibrate(tmp_path, cases=[case])[0]
                 ^^^^^^^^^^^^^^^^^^^^^^^^^^^^^^^^^

tests/unit/test_graph_walk_calibration.py:961: 
_ _ _ _ _ _ _ _ _ _ _ _ _ _ _ _ _ _ _ _ _ _ _ _ _ _ _ _ _ _ _ _ _ _ _ _ _ _ _ _ 
scripts/graph_walk.py:3400: in calibrate
    exercise(page, case, recorder=recorder, hub=fixture,
scripts/graph_walk.py:3083: in exercise
    trigger_record = run_step(trigger, page, hub, provenance, pre_case,
_ _ _ _ _ _ _ _ _ _ _ _ _ _ _ _ _ _ _ _ _ _ _ _ _ _ _ _ _ _ _ _ _ _ _ _ _ _ _ _ 

step = {'adapter': 'http-route', 'capture_as': 'meeting_id', 'capture_path': 'meeting_id', 'expect_status': 202, ...}
page = <Page url='http://127.0.0.1:53249/'>
hub = <scripts.graph_walk.CalibrationServer object at 0x15b32e9e0>
provenance = {'boundary_substitutions': [], 'brief_sha256': 'ba5477fd07dba564a4e38fcf479838a511444eed3ed0c02e61aaa522358c7800', 'cl...zz5g2116b3lq8rhg7hwjrr0000gn/T/pytest-of-karol/pytest-357/test_the_real_j4_import_case_f0/calibration-state.json', ...}
case = {'applicability': 'applicable', 'completion_bound_s': 300, 'edge_ids': ['edge.route.meetings_import'], 'expected': {'o...summary) [the audit\'s stated observation location: protocol: GET /api/meetings; protocol: GET /api/intel/jobs]'}, ...}

    def run_step(step: dict[str, Any], page: Any, hub: Hub | None,
                 provenance: dict[str, Any], case: dict[str, Any] | None = None,
                 *, allow_error: bool = False,
                 variables: dict[str, str] | None = None) -> dict[str, Any]:
        """One setup step or the trigger, by kind. Records the adapter it drove."""
        kind = step.get("kind")
        if kind not in STEP_KINDS:
            raise Blocked(f"step kind {kind!r} is not in the rig's vocabulary "
                          f"{sorted(STEP_KINDS)}; nothing was fired")
        variables = variables if variables is not None else {}
        step = substitute(step, variables)
        missing = unresolved({f: step.get(f) for f in _SUBSTITUTED_FIELDS})
        if missing:
            raise Blocked(
                f"unresolved placeholder(s) {sorted(set(missing))} in the {kind} "
                "step; nothing was sent. A `{name}` is filled by an earlier step's "
                "`capture_as`, never sent literally.")
    
        if kind == "check":
            # The same evaluator a verdict uses, at the point it stands. It is
            # given a bounded wait: a face that is still loading has not yet
            # refused the precondition.
            probe_case = {"expected": {"observe_at": step.get("observe_at"),
                                       "predicate": step.get("predicate")}}
            deadline = time.monotonic() + float(step.get("timeout_s", 5))
            waited = 0.0
            while True:
                snap = snapshot(page, probe_case, hub)
                ok, why = check_predicate(step.get("predicate"), snap, snap)
                if ok or time.monotonic() >= deadline:
                    break
                if page is not None:
                    page.wait_for_timeout(300)
                waited = round(time.monotonic() - (deadline - float(step.get("timeout_s", 5))), 2)
            record = {"kind": "check", "observe_at": step.get("observe_at"),
                      "predicate": step.get("predicate"),
                      "adapter": step.get("adapter", "observation"),
                      "waited_s": waited, "holds": ok, "reading": why}
            if not ok:
                raise Blocked(
                    f"precondition not met: {step.get('predicate')} at "
                    f"{step.get('observe_at')!r} — {why}")
            return record
    
        if kind == "ui":
            return _ui_step(page, step, hub)
        if kind == "api":
            if hub is None:
                raise Blocked("an api step needs a hub; this pass has none")
            status, payload = hub.api(step["method"], step["path"], step.get("body"))
            record = {"kind": "api", "method": step["method"], "path": step["path"],
                      "adapter": step.get("adapter", "http-route"), "status": status,
                      "response": payload if isinstance(payload, (dict, list)) else str(payload)[:600],
                      "response_sha256": hashlib.sha256(
                          json.dumps(payload, sort_keys=True, default=str).encode()).hexdigest()}
            want = step.get("expect_status")
            if want is not None and status != want:
                raise Blocked(f"{step['method']} {step['path']} answered {status}, wanted {want}: {record['response']}"[:500])
            # A SETUP step that errors means the preconditions were never reached,
            # so the case is blocked. A TRIGGER's error status is the observation
            # itself (an intelligible refusal is a promised result), so it is
            # recorded and the predicate decides.
            if want is None and status >= 400 and not allow_error:
                raise Blocked(f"{step['method']} {step['path']} answered {status}: {record['response']}"[:500])
            name = step.get("capture_as")
            if name:
                where = step.get("capture_path", "id")
                found, value = _json_path(payload, where)
                if not found or value is None:
                    raise Blocked(
                        f"capture_as {name!r}: no value at {where!r} in the response "
                        f"of {step['method']} {step['path']}")
                variables[name] = str(value)
                record["captured"] = {"name": name, "path": where, "value": str(value)}
            return record
        if kind == "fixture":
            if hub is None:
                raise Blocked("a fixture step needs a hub; this pass has none")
            wav = REPO / step["path"]
            if not wav.exists():
                raise Blocked(f"fixture {wav} does not exist")
            provenance["fixture_hashes"][step["path"]] = _sha256(wav)
            route = step.get("route")
            if not route:
                raise Blocked(
                    f"no documented input boundary declared for {step['path']}; "
                    "the rig never opens a microphone")
>           status, payload = hub.upload(
                route["method"], route["path"], wav, step.get("field", "file"),
                form=step.get("form"))
E           TypeError: CalibrationServer.upload() got an unexpected keyword argument 'form'

scripts/graph_walk.py:2459: TypeError
_______ test_private_backend_route_and_recovery_decisions_are_classified _______

    def test_private_backend_route_and_recovery_decisions_are_classified() -> None:
        """A new private selector/retry/fallback helper fails closed until reviewed."""
        found = _private_decisions()
>       assert found == set(BACKEND_PRIVATE_DECISIONS), (
            "Unclassified private route/recovery decision(s): "
            f"{sorted(found - set(BACKEND_PRIVATE_DECISIONS))}; stale classifications: "
            f"{sorted(set(BACKEND_PRIVATE_DECISIONS) - found)}"
        )
E       AssertionError: Unclassified private route/recovery decision(s): [('holdspeak/services/meeting_intel_service.py', '_is_scheduled_retry')]; stale classifications: []
E       assert {('holdspeak/...resent'), ...} == {('holdspeak/...resent'), ...}
E         
E         Extra items in the left set:
E         ('holdspeak/services/meeting_intel_service.py', '_is_scheduled_retry')
E         Use -v to get more diff

tests/unit/test_phase143_surface_fallback_census.py:208: AssertionError
______________ test_the_last_known_observation_survives_a_restart ______________

tmp_path = PosixPath('/private/var/folders/q7/5dzz5g2116b3lq8rhg7hwjrr0000gn/T/pytest-of-karol/pytest-357/test_the_last_known_observatio0')

    def test_the_last_known_observation_survives_a_restart(tmp_path: Path) -> None:
        """HS-200-15 left `LastKnownStore` process-local; a failed source after a
        restart replayed nothing.  With the durable store a fresh process still
        carries the last observation, marked as such."""
        db = _db(tmp_path)
        _seed_room(db)
        observed = "2026-09-07T08:41:00"
        items = [{"id": "p-q4:commitment:x", "projectId": "p-q4", "title": "Priya confirms the freeze window",
                  "source": "commitment", "why": "DUE TODAY", "severity": "warning", "since": observed}]
        LastKnownStore(db_factory=lambda: db).remember("project:p-q4", items=items, observed_at=observed,
                                                       label="Q4 Platform", project_id="p-q4")
    
        fresh = LastKnownStore(db_factory=lambda: Database(tmp_path / "continuity.db"))
        recalled = fresh.recall("project:p-q4")
>       assert recalled is not None and recalled["observed_at"] == observed
E       assert (None is not None)

tests/unit/test_phase200_continuity.py:423: AssertionError
____________ test_primary_copy_has_no_prohibited_operational_drift _____________

    def test_primary_copy_has_no_prohibited_operational_drift() -> None:
        recorded = _recorded_copy_debt()
        problems = [
            item
            for item in violations(inventory(REPO))
            if (str(item.path), item.rule_id, item.text) not in recorded
        ]
>       assert not problems, "Primary product-copy drift:\n  " + "\n  ".join(
            f"{item.path}:{item.line}: {item.rule_id}: {item.text}"
            for item in problems
        )
E       AssertionError: Primary product-copy drift:
E           web/src/desk/chair/ChairHome.tsx:1988: failure-missing-facts: DETAIL READ FAILED · {value
E       assert not [CopyViolation(rule_id='failure-missing-facts', path='web/src/desk/chair/ChairHome.tsx', line=1988, text='DETAIL READ ...iled, retained work, the next valid action, and the destination when relevant (missing: retained_work, next_action).')]

tests/unit/test_product_copy.py:74: AssertionError
=============================== warnings summary ===============================
tests/e2e/test_hs202_05_first_use_type_floor.py:283
  /Users/karol/dev/tools/wt-philo-3-02/tests/e2e/test_hs202_05_first_use_type_floor.py:283: SyntaxWarning: invalid escape sequence '\s'
    ? '.' + el.className.trim().split(/\s+/)

tests/e2e/test_hs202_05_first_use_type_floor.py:462
  /Users/karol/dev/tools/wt-philo-3-02/tests/e2e/test_hs202_05_first_use_type_floor.py:462: SyntaxWarning: invalid escape sequence '\('
    const m = /rgba?\(([^)]+)\)/.exec(s || '');

-- Docs: https://docs.pytest.org/en/stable/how-to/capture-warnings.html
=========================== short test summary info ============================
SKIPPED [1] tests/e2e/test_dictation_learning_digest_spoken_e2e.py:33: opt-in: set HOLDSPEAK_SPOKEN_DICTATION_E2E=1 to run the spoken-dictation learning-digest e2e (uses macOS `say` + the Whisper base model)
SKIPPED [1] tests/e2e/test_hs141_models_setup_glass.py:21: HS-170: Settings -> Models module PARKED (HS-170-03, settled-design-four-faces.md Face 3); capability now at the Concierge (web/src/features/concierge/ConciergeCore.tsx, open-concierge window)
SKIPPED [1] tests/e2e/test_hs142_model_acquisition_glass.py:26: HS-170: Model Library front-door PARKED (HS-170-03, settled-design-four-faces.md Face 3); download-verify-add now at the Concierge's preset Download (ConciergeCore.tsx)
SKIPPED [1] tests/e2e/test_hs143_assignments_glass.py:17: HS-170: Settings -> Assignments PARKED (HS-170-03, settled-design-four-faces.md Face 3); capability now at the Concierge's THE SET section + Adjust well (ConciergeCore.tsx)
SKIPPED [1] tests/e2e/test_hs143_model_library_glass.py:19: HS-170: ModelLibraryCore PARKED (HS-170-03, settled-design-four-faces.md Face 3); capability now at the Concierge's FOUND section (ConciergeCore.tsx)
SKIPPED [1] tests/e2e/test_spoken_meeting_e2e.py:41: opt-in: set HOLDSPEAK_SPOKEN_E2E=1 to run the spoken-meeting e2e
SKIPPED [1] tests/e2e/test_workbench_walk.py:46: no hub listening at http://localhost:8778
SKIPPED [1] tests/unit/test_mesh_discovery.py:21: could not import 'zeroconf': No module named 'zeroconf'
SKIPPED [1] tests/e2e/test_dictation_enrichment_e2e.py:57: set HOLDSPEAK_DICTATION_E2E_BASE_URL + HOLDSPEAK_DICTATION_E2E_MODEL to a reachable OpenAI-compatible endpoint to run the real dictation enrichment e2e
SKIPPED [1] tests/e2e/test_dictation_journal_e2e.py:57: set HOLDSPEAK_DICTATION_E2E_BASE_URL + HOLDSPEAK_DICTATION_E2E_MODEL to a reachable OpenAI-compatible endpoint to run the real dictation journal e2e
SKIPPED [1] tests/e2e/test_dogfood_plumbing_e2e.py:44: set HOLDSPEAK_DOGFOOD=1 to run the dogfood plumbing e2e
SKIPPED [3] tests/e2e/test_dogfood_plumbing_e2e.py:52: set HOLDSPEAK_DOGFOOD=1 to run the dogfood plumbing e2e
SKIPPED [12] tests/e2e/test_dogfood_plumbing_e2e.py:66: set HOLDSPEAK_DOGFOOD=1 to run the dogfood plumbing e2e
SKIPPED [1] tests/e2e/test_dogfood_plumbing_e2e.py:85: set HOLDSPEAK_DOGFOOD=1 to run the dogfood plumbing e2e
SKIPPED [3] tests/e2e/test_dogfood_plumbing_e2e.py:95: set HOLDSPEAK_DOGFOOD=1 to run the dogfood plumbing e2e
SKIPPED [2] tests/e2e/test_hs14104_refinement_glass.py:58: superseded by the Thought Workbench real-path glass
SKIPPED [2] tests/e2e/test_hs14105_context_glass.py:109: superseded by the Thought Workbench real-path glass
SKIPPED [2] tests/e2e/test_hs14105a_default_context_glass.py:99: superseded by the Thought Workbench real-path glass
SKIPPED [1] tests/e2e/test_hs145_door_polish_glass.py:181: HS-170: door-board scroll-hint PARKED (HS-170-04); the arrival has no horizontal-scroll viewport -- capability intentionally gone
SKIPPED [1] tests/e2e/test_hs147_one_tap_glass.py:160: HS-170: door-rail one-tap arm PARKED (HS-170-04); per-event RECORD THIS gone; Schedule + Cancel at the arrival's capture bar covered by test_hs144_door_glass::test_upcoming_rail_schedule_create_round_trip_and_form_cancel
SKIPPED [1] tests/e2e/test_hs156_front_door_glass.py:552: HS-170: front-door pack cards PARKED (HS-170-03); capability now at the Concierge's FOUND section (ConciergeCore.tsx)
SKIPPED [1] tests/e2e/test_hs156_front_door_glass.py:618: HS-170: front-door candidate picker PARKED (HS-170-03); capability now at the Concierge's picker ChoiceCards (ConciergeCore.tsx)
SKIPPED [2] tests/e2e/test_hs158_room_glass.py:171: HS-169-07 retired the 158 Room (identity band, counters, focus block); see test_hs169_room_glass.py for the replacement rig
SKIPPED [2] tests/e2e/test_hs158_room_glass.py:232: HS-169-07 retired the 158 Room (identity band, counters, focus block); see test_hs169_room_glass.py for the replacement rig
SKIPPED [1] tests/e2e/test_hs158_room_glass.py:281: HS-169-07 retired the 158 Room (identity band, counters, focus block); see test_hs169_room_glass.py for the replacement rig
SKIPPED [2] tests/e2e/test_hs159_interview_glass.py:149: HS-169-07 retired the interview (SetupCore, suggestion cards, wizards, Review page); see test_hs169_door_glass.py for the replacement rig
SKIPPED [1] tests/e2e/test_hs159_interview_glass.py:396: HS-169-07 retired the interview (SetupCore, suggestion cards, wizards, Review page); see test_hs169_door_glass.py for the replacement rig
SKIPPED [1] tests/e2e/test_hs159_interview_glass.py:461: HS-169-07 retired the interview (SetupCore, suggestion cards, wizards, Review page); blank leg ported to test_hs169_door_legs_glass.py
SKIPPED [1] tests/e2e/test_hs159_interview_glass.py:554: HS-169-07 retired the interview (SetupCore, suggestion cards, wizards, Review page); abandon leg ported to test_hs169_door_legs_glass.py
SKIPPED [2] tests/e2e/test_hs161_github_glass.py:270: HS-169-07 retired the interview + GitHub wizard (SetupCore, suggestion cards, wizards); see test_hs169_door_glass.py for the replacement rig
SKIPPED [2] tests/e2e/test_hs161_github_glass.py:521: HS-169-07 retired the interview + GitHub wizard (SetupCore, suggestion cards, wizards); see test_hs169_door_glass.py for the replacement rig
SKIPPED [2] tests/e2e/test_hs161_github_glass.py:673: HS-169-07 retired the interview entry point this leg used for project creation; evaluation/delta review is a live capability noted in the close ledger for re-pointing
SKIPPED [2] tests/e2e/test_hs161_github_glass.py:921: HS-169-07 retired the interview + GitHub wizard (SetupCore, suggestion cards, wizards); see test_hs169_door_glass.py for the replacement rig
SKIPPED [1] tests/e2e/test_hs161_github_glass.py:1090: gh CLI not authenticated or not installed (skip-clean)
SKIPPED [2] tests/e2e/test_hs166_jira_glass.py:327: HS-169-07 retired the interview + Jira wizard (SetupCore, suggestion cards, wizards); see test_hs169_door_glass.py for the replacement rig
SKIPPED [2] tests/e2e/test_hs166_jira_walk.py:1636: acli jira auth status failed (exit 1): ✗ Error: unauthorized: use 'acli jira auth login' to authenticate
SKIPPED [2] tests/e2e/test_hs168_connections_glass.py:318: gh auth status failed (exit 1): You are not logged into any GitHub hosts. To log in, run: gh auth login
SKIPPED [2] tests/e2e/test_hs168_sources_glass.py:281: HS-169-02 retired the Sources step (ProgressPlan, suggestion cards, wizards); see test_hs169_door_glass.py for the replacement rig
SKIPPED [2] tests/e2e/test_hs168_sources_glass.py:367: HS-169-02 retired the Sources step (ProgressPlan, suggestion cards, wizards); see test_hs169_door_glass.py for the replacement rig
SKIPPED [10] tests/e2e/test_meeting_transcription.py: Mock meeting fixture not found: /Users/karol/dev/tools/wt-philo-3-02/tests/fixtures/mock_meeting.wav
SKIPPED [1] tests/e2e/test_mermaid_renders.py:118: mermaid renderer unavailable in this env: core/lib/esm/puppeteer/node/BrowserLauncher.js:55:28)
    at async run (file:///Users/karol/.npm/_npx/668c188756b835f3/node_modules/@mermaid-js/mermaid-cli/src/index.js:862:19)
    at async cli (file:///Users/karol/.npm/_npx/668c188756b835f3/node_modules/@mermaid-js/mermaid-cli/src/index.js:374:3)
SKIPPED [1] tests/integration/test_dictation_llama_cpp_e2e.py:72: llama-cpp-python and /var/folders/q7/5dzz5g2116b3lq8rhg7hwjrr0000gn/T/tmp.fTmlfISJEP/Models/gguf/Qwen3.5-4B-Instruct-Q4_K_M.gguf are required for this integration test
SKIPPED [1] tests/integration/test_grounding_rails_live.py:35: holdspeak not in the project map on this machine
SKIPPED [1] tests/integration/test_grounding_rails_live.py:54: holdspeak not in the project map on this machine
SKIPPED [1] tests/integration/test_grounding_rails_live.py:71: holdspeak not in the project map on this machine
SKIPPED [1] tests/integration/test_rails_observer_live.py:37: no rail events on this machine to summarize
SKIPPED [1] tests/integration/test_rails_observer_live.py:72: no rail events on this machine
SKIPPED [1] tests/integration/test_runtime_llama_cpp.py:38: llama-cpp-python and /var/folders/q7/5dzz5g2116b3lq8rhg7hwjrr0000gn/T/tmp.fTmlfISJEP/Models/gguf/Qwen3.5-4B-Instruct-Q4_K_M.gguf are required for this integration test
SKIPPED [1] tests/integration/test_runtime_mlx.py:38: mlx-lm + outlines + /var/folders/q7/5dzz5g2116b3lq8rhg7hwjrr0000gn/T/tmp.fTmlfISJEP/Models/mlx/Qwen3.5-8B-MLX-4bit are required for this integration test
SKIPPED [1] tests/integration/test_update_drafter_live_43.py:110: live .43 model proof is opt-in: set HOLDSPEAK_UAT_LIVE_43=1 (runs a real model call on the LAN endpoint)
SKIPPED [1] tests/uat/test_induction_integration_43.py:107: live .43 model proof is opt-in: set HOLDSPEAK_UAT_LIVE_43=1 (it runs a real extraction on the LAN model and takes minutes)
SKIPPED [1] tests/uat/test_induction_integration_43.py:118: the UAT node harness cannot pair a mesh worker: since HS-131-16 `mesh serve` requires an imported node pairing (hub pin + node token) and refuses the owner token, but nodes.py still spawns it with --token-env HOLDSPEAK_HUB_TOKEN and never pairs
SKIPPED [1] tests/uat/test_mesh_dispatch.py:85: the UAT node harness cannot pair a mesh worker: since HS-131-16 `mesh serve` requires an imported node pairing (hub pin + node token) and refuses the owner token, but nodes.py still spawns it with --token-env HOLDSPEAK_HUB_TOKEN and never pairs
SKIPPED [1] tests/unit/test_delta_schema.py:640: Owner's real DB not found (CI or isolated HOME)
SKIPPED [1] tests/unit/test_dictation_grammars.py:91: could not import 'llama_cpp': No module named 'llama_cpp'
SKIPPED [1] tests/unit/test_dictation_session_admission.py:497: this machine resolves the llama_cpp dictation engine but 'llama_cpp' is not installed (it is an optional extra)
SKIPPED [1] tests/unit/test_dictation_session_admission.py:924: this machine resolves the llama_cpp dictation engine but 'llama_cpp' is not installed (it is an optional extra)
SKIPPED [1] tests/unit/test_dictation_session_admission.py:993: this machine resolves the llama_cpp dictation engine but 'llama_cpp' is not installed (it is an optional extra)
SKIPPED [1] tests/unit/test_dictation_session_admission.py:1175: this machine resolves the llama_cpp dictation engine but 'llama_cpp' is not installed (it is an optional extra)
SKIPPED [1] tests/unit/test_dictation_session_admission.py:1196: this machine resolves the llama_cpp dictation engine but 'llama_cpp' is not installed (it is an optional extra)
SKIPPED [1] tests/unit/test_dictation_session_admission.py:2242: this machine resolves the llama_cpp dictation engine but 'llama_cpp' is not installed (it is an optional extra)
SKIPPED [1] tests/unit/test_dictation_session_admission.py:2494: this machine resolves the llama_cpp dictation engine but 'llama_cpp' is not installed (it is an optional extra)
SKIPPED [1] tests/unit/test_dictation_session_admission.py:2534: this machine resolves the llama_cpp dictation engine but 'llama_cpp' is not installed (it is an optional extra)
SKIPPED [2] tests/unit/test_dictation_session_admission.py:2548: this machine resolves the llama_cpp dictation engine but 'llama_cpp' is not installed (it is an optional extra)
SKIPPED [1] tests/unit/test_dictation_session_admission.py:2588: this machine resolves the llama_cpp dictation engine but 'llama_cpp' is not installed (it is an optional extra)
SKIPPED [1] tests/unit/test_github_provider.py:526: gh CLI not authenticated or not installed
SKIPPED [1] tests/unit/test_github_provider.py:537: gh CLI not authenticated or not installed
SKIPPED [1] tests/unit/test_hs166_walk_fixes.py:183: No proposals generated
SKIPPED [1] tests/unit/test_phase143_speech_lifecycle_adoption.py:84: this machine resolves the llama_cpp dictation engine but 'llama_cpp' is not installed (it is an optional extra)
SKIPPED [1] tests/unit/test_phase143_speech_lifecycle_adoption.py:139: this machine resolves the llama_cpp dictation engine but 'llama_cpp' is not installed (it is an optional extra)
SKIPPED [1] tests/unit/test_phase143_speech_lifecycle_adoption.py:169: this machine resolves the llama_cpp dictation engine but 'llama_cpp' is not installed (it is an optional extra)
SKIPPED [1] tests/unit/test_phase143_speech_lifecycle_adoption.py:207: this machine resolves the llama_cpp dictation engine but 'llama_cpp' is not installed (it is an optional extra)
SKIPPED [1] tests/unit/test_project_room_schema.py:390: Owner's real DB not found (CI or isolated HOME)
SKIPPED [1] tests/unit/test_project_updates_schema.py:576: Owner's real DB not found (CI or isolated HOME)
SKIPPED [1] tests/unit/test_watch_graduation_schema.py:493: Owner's real DB not found (CI or isolated HOME)
SKIPPED [1] tests/unit/test_web_runtime.py:269: this machine resolves the llama_cpp dictation engine but 'llama_cpp' is not installed (it is an optional extra)
XFAIL tests/e2e/test_hs200_meeting_outcomes_glass.py::test_meeting_review_proposals_stay_live_under_amendment[1440-1200] - HS-201 ratified analysis-only summary amendment; parked proposal pipeline
XFAIL tests/e2e/test_hs200_meeting_outcomes_glass.py::test_meeting_review_proposals_stay_live_under_amendment[393-900] - HS-201 ratified analysis-only summary amendment; parked proposal pipeline
XFAIL tests/e2e/test_hs200_meeting_outcomes_glass.py::test_meeting_partial_chain_retry_stays_live_under_amendment[1440-1200] - HS-201 ratified analysis-only summary amendment; parked proposal pipeline
XFAIL tests/e2e/test_hs200_meeting_outcomes_glass.py::test_meeting_partial_chain_retry_stays_live_under_amendment[393-900] - HS-201 ratified analysis-only summary amendment; parked proposal pipeline
ERROR tests/unit/test_graph_walk_calibration.py::test_a_captured_value_drives_a_later_step_and_the_predicate
ERROR tests/unit/test_graph_walk_calibration.py::test_every_new_predicate_kind_gets_its_verdict
ERROR tests/unit/test_graph_walk_calibration.py::test_a_refusal_status_is_read_from_the_triggers_own_response
ERROR tests/unit/test_graph_walk_calibration.py::test_a_row_gone_is_named_never_merely_fewer
ERROR tests/unit/test_graph_walk_calibration.py::test_protocol_field_reads_one_named_field
ERROR tests/unit/test_graph_walk_calibration.py::test_input_value_reads_the_field_not_the_dom_text
ERROR tests/unit/test_graph_walk_calibration.py::test_a_restart_is_a_real_restart_and_the_value_survives
ERROR tests/unit/test_graph_walk_calibration.py::test_a_refusal_must_name_what_is_missing
ERROR tests/unit/test_graph_walk_calibration.py::test_an_asserted_absence_is_earned_by_the_named_bound
ERROR tests/unit/test_graph_walk_calibration.py::test_a_clicked_verb_reads_its_identity_from_its_own_response
ERROR tests/unit/test_graph_walk_calibration.py::test_a_clicked_verb_status_is_read_by_its_declared_route
FAILED tests/e2e/test_hs170_meetings_glass.py::TestMeetingsGlass::test_meetings_face
FAILED tests/e2e/test_hs200_attention_glass.py::TestAttentionGlass::test_long_row_393
FAILED tests/e2e/test_hs200_preparation_brief_glass.py::test_running_then_kept_brief_with_claims_and_not_read[393]
FAILED tests/e2e/test_hs200_task_resume_glass.py::test_saved_ask_draws_the_ratified_unfinished_row[393]
FAILED tests/e2e/test_hs201_12_thought_note_glass.py::test_thought_note_is_one_clean_note[1440]
FAILED tests/e2e/test_hs201_12_thought_note_glass.py::test_thought_note_is_one_clean_note[393]
FAILED tests/e2e/test_hs201_12_thought_note_glass.py::test_thought_note_long_context_and_open_well_never_clip[1440]
FAILED tests/e2e/test_hs201_12_thought_note_glass.py::test_thought_note_long_context_and_open_well_never_clip[393]
FAILED tests/e2e/test_hs201_lane_a_glass.py::test_summary_and_receipt_survive_real_hub_restart_on_both_glasses
FAILED tests/e2e/test_hs201_summary_face_glass.py::test_the_summary_is_asked_for_disclosed_and_found_again
FAILED tests/e2e/test_hs201_summary_face_glass.py::test_import_transcribes_and_stops_then_the_summary_is_asked_for
FAILED tests/unit/test_graph_walk_calibration.py::test_the_real_j4_import_case_fires_the_upload_and_binds_the_meeting_id
FAILED tests/unit/test_phase143_surface_fallback_census.py::test_private_backend_route_and_recovery_decisions_are_classified
FAILED tests/unit/test_phase200_continuity.py::test_the_last_known_observation_survives_a_restart
FAILED tests/unit/test_product_copy.py::test_primary_copy_has_no_prohibited_operational_drift
15 failed, 11530 passed, 116 skipped, 4 xfailed, 2 warnings, 11 errors in 5687.30s (1:34:47)
