
 RUN  v4.1.9 /Users/karol/dev/tools/wt-philo-3-02/.tmp/philo302-main-baseline-final.uwxi9J/web

stderr | src/desk/chair/arrivalSummaryCompletion.test.tsx > PHILO-3-02 Arrival summary completion > drops a stale response when the visible meeting identity changes
An update to Arrival inside a test was not wrapped in act(...).

When testing, code that causes React state updates should be wrapped into act(...):

act(() => {
  /* fire events that update state */
});
/* assert on the output */

This ensures that you're testing the behavior the user would see in the browser. Learn more at https://react.dev/link/wrap-tests-with-act
An update to Arrival inside a test was not wrapped in act(...).

When testing, code that causes React state updates should be wrapped into act(...):

act(() => {
  /* fire events that update state */
});
/* assert on the output */

This ensures that you're testing the behavior the user would see in the browser. Learn more at https://react.dev/link/wrap-tests-with-act

 ❯ src/desk/chair/arrivalSummaryCompletion.test.tsx (11 tests | 11 failed) 10765ms
     × renders imported duration and transcript from the producer detail 1029ms
     × renders the ready summary and transcript from the producer detail 1012ms
     × keeps a failed lineage as RETRYING after its scheduled time and names the producer cause 1013ms
     × renders the terminal producer failure and keeps the named cause 7ms
     × keeps a persisted summary visible with a later producer failure 1007ms
     × reads only the top three visible meeting details per desk refresh 1016ms
     × drops a stale response when the visible meeting identity changes 1012ms
     × names a response whose identity does not match the requested meeting 1009ms
     × clicks Run once, then follows desk_changed to a ready summary and durable receipt 1324ms
     × keeps the durable receipt and producer cause through retry to terminal failure 1015ms
     × refreshes running to ready to retry to failed from desk_changed and keeps durable receipts 1321ms

⎯⎯⎯⎯⎯⎯ Failed Tests 11 ⎯⎯⎯⎯⎯⎯⎯

 FAIL  src/desk/chair/arrivalSummaryCompletion.test.tsx > PHILO-3-02 Arrival summary completion > renders imported duration and transcript from the producer detail
TestingLibraryElementError: Unable to find an element with the text: 35 S. This could be because the text is broken up by multiple elements. In this case, you can provide a function for your text matcher to make your matcher more flexible.

Ignored nodes: comments, script, style
[36m<body>[39m
  [36m<div>[39m
    [36m<div[39m
      [33mclass[39m=[32m"chair"[39m
      [33mdata-testid[39m=[32m"chair"[39m
    [36m>[39m
      [36m<div[39m
        [33mclass[39m=[32m"arrival-headline"[39m
        [33mdata-testid[39m=[32m"arrival-headline"[39m
      [36m>[39m
        [36m<h1[39m
          [33mclass[39m=[32m"arrival-display arrival-display--muted"[39m
          [33mdata-testid[39m=[32m"arrival-display"[39m
        [36m>[39m
          [0mNothing needs you[0m
        [36m</h1>[39m
      [36m</div>[39m
      [36m<div[39m
        [33mdata-testid[39m=[32m"arrival-brief"[39m
      [36m>[39m
        [36m<section[39m
          [33mclass[39m=[32m"surface-section"[39m
        [36m>[39m
          [36m<header[39m
            [33mclass[39m=[32m"surface-section-head"[39m
          [36m>[39m
            [36m<h3>[39m
              [0mBRIEF[0m
            [36m</h3>[39m
            [36m<span[39m
              [33mclass[39m=[32m"gadget-chip gadget-chip-egress"[39m
              [33mdata-scope[39m=[32m"local"[39m
              [33mtitle[39m=[32m"The brief is built from this desk's own records."[39m
            [36m>[39m
              [0mTHIS DEVICE[0m
            [36m</span>[39m
            [36m<button[39m
              [33mclass[39m=[32m"btn btn--ghost btn--sm "[39m
              [33mdata-testid[39m=[32m"arrival-brief-generate"[39m
              [33mtype[39m=[32m"button"[39m
            [36m>[39m
              [0mGenerate[0m
            [36m</button>[39m
          [36m</header>[39m
          [36m<span[39m
            [33mclass[39m=[32m"arrival-brief-empty"[39m
          [36m>[39m
            [0mNo brief yet[0m
          [36m</span>[39m
        [36m</section>[39m
      [36m</div>[39m
      [36m<div[39m
        [33mdata-testid[39m=[32m"arrival-meetings"[39m
      [36m>[39m
        [36m<section[39m
          [33mclass[39m=[32m"surface-section"[39m
        [36m>[39m
          [36m<header[39m
            [33mclass[39m=[32m"surface-section-head"[39m
          [36m>[39m
            [36m<h3>[39m
              [0mMEETINGS 1[0m
            [36m</h3>[39m
          [36m</header>[39m
          [36m<div[39m
            [33mclass[39m=[32m"surface-ledger"[39m
            [33mdata-cols[39m=[32m"room"[39m
          [36m>[39m
            [36m<div[39m
              [33mclass[39m=[32m"surface-ledger-head"[39m
            [36m>[39m
              [36m<span[39m
                [33mclass[39m=[32m"surface-ledger-count"[39m
              [36m/>[39m
            [36m</div>[39m
            [36m<li[39m
              [33mclass[39m=[32m"surface-ledger-row"[39m
              [33mdata-wrap[39m=[32m"true"[39m
            [36m>[39m
              [36m<div[39m
                [33mclass[39m=[32m"surface-ledger-line"[39m
                [33mdata-has-trailing[39m=[32m"true"[39m
                [33mdata-testid[39m=[32m"arrival-meeting-row"[39m
                [33mrole[39m=[32m"button"[39m
                [33mtabindex[39m=[32m"0"[39m
              [36m>[39m
                [36m<span[39m
                  [33mclass[39m=[32m"surface-ledger-time"[39m
                [36m>[39m
                  [0mAUG 10[0m
                [36m</span>[39m
                [36m<span[39m
                  [33mclass[39m=[32m"surface-ledger-primary"[39m
                [36m>[39m
                  [0mArchitecture boundary review[0m
                [36m</span>[39m
                [36m<span[39m
                  [33mclass[39m=[32m"arrival-meeting-duration"[39m
                [36m>[39m
                  [0m1 MIN[0m
                [36m</span>[39m
                [36m<span[39m
                  [33mclass[39m=[32m"arrival-meeting-badge"[39m
                  [33mdata-badge[39m=[32m"off"[39m
                  [33mdata-testid[39m=[32m"arrival-meeting-badge"[39m
                [36m>[39m
                  [0mOFF[0m
                [36m</span>[39m
                [36m<span[39m
                  [33mclass[39m=[32m"surface-ledger-trailing"[39m
                [36m>[39m
                  [36m<span[39m
                    [33mclass[39m=[32m"summary-route"[39m
                    [33mdata-testid[39m=[32m"arrival-route"[39m
                  [36m>[39m
                    [36m<span[39m
                      [33mclass[39m=[32m"gadget-chip gadget-chip-egress"[39m
                      [33mdata-scope[39m=[32m"local"[39m
                      [33mtitle[39m=[32m"The route for this face is not set."[39m
                    [36m>[39m
                      [0mTHIS DEVICE[0m
                    [36m</span>[39m
                  [36m</span>[39m
                  [36m<button[39m
                    [33mclass[39m=[32m"btn btn--primary btn--sm "[39m
                    [33mdata-testid[39m=[32m"arrival-run-intel"[39m
                    [33mtype[39m=[32m"button"[39m
                  [36m>[39m
                    [0mRun summary[0m
                  [36m</button>[39m
                [36m</span>[39m
              [36m</div>[39m
            [36m</li>[39m
          [36m</div>[39m
        [36m</section>[39m
      [36m</div>[39m
      [36m<footer[39m
        [33mclass[39m=[32m"arrival-capture-bar"[39m
        [33mdata-testid[39m=[32m"arrival-capture-bar"[39m
      [36m>[39m
        [36m<span[39m
          [33mclass[39m=[32m"arrival-capture-talk"[39m
        [36m/>[39m
        [36m<button[39m
          [33mclass[39m=[32m"btn btn--ghost "[39m
          [33mdata-testid[39m=[32m"arrival-develop-thought"[39m
          [33mtype[39m=[32m"button"[39m
        [36m>[39m
          [0mWrite a thought[0m
        [36m</button>[39m
        [36m<button[39m
          [33mclass[39m=[32m"btn btn--ghost "[39m
          [33mdata-testid[39m=[32m"arrival-record-meeting"[39m
          [33mtype[39m=[32m"button"[39m
        [36m>[39m
          [0mRecord meeting[0m
        [36m</button>[39m
        [36m<button[39m
          [33mclass[39m=[32m"btn btn--ghost "[39m
          [33mdata-testid[39m=[32m"arrival-schedule"[39m
          [33mtype[39m=[32m"button"[39m
        [36m>[39m
          [0mSchedule[0m
        [36m</button>[39m
      [36m</footer>[39m
    [36m</div>[39m
  [36m</div>[39m
[36m</body>[39m

Ignored nodes: comments, script, style
[36m<body>[39m
  [36m<div>[39m
    [36m<div[39m
      [33mclass[39m=[32m"chair"[39m
      [33mdata-testid[39m=[32m"chair"[39m
    [36m>[39m
      [36m<div[39m
        [33mclass[39m=[32m"arrival-headline"[39m
        [33mdata-testid[39m=[32m"arrival-headline"[39m
      [36m>[39m
        [36m<h1[39m
          [33mclass[39m=[32m"arrival-display arrival-display--muted"[39m
          [33mdata-testid[39m=[32m"arrival-display"[39m
        [36m>[39m
          [0mNothing needs you[0m
        [36m</h1>[39m
      [36m</div>[39m
      [36m<div[39m
        [33mdata-testid[39m=[32m"arrival-brief"[39m
      [36m>[39m
        [36m<section[39m
          [33mclass[39m=[32m"surface-section"[39m
        [36m>[39m
          [36m<header[39m
            [33mclass[39m=[32m"surface-section-head"[39m
          [36m>[39m
            [36m<h3>[39m
              [0mBRIEF[0m
            [36m</h3>[39m
            [36m<span[39m
              [33mclass[39m=[32m"gadget-chip gadget-chip-egress"[39m
              [33mdata-scope[39m=[32m"local"[39m
              [33mtitle[39m=[32m"The brief is built from this desk's own records."[39m
            [36m>[39m
              [0mTHIS DEVICE[0m
            [36m</span>[39m
            [36m<button[39m
              [33mclass[39m=[32m"btn btn--ghost btn--sm "[39m
              [33mdata-testid[39m=[32m"arrival-brief-generate"[39m
              [33mtype[39m=[32m"button"[39m
            [36m>[39m
              [0mGenerate[0m
            [36m</button>[39m
          [36m</header>[39m
          [36m<span[39m
            [33mclass[39m=[32m"arrival-brief-empty"[39m
          [36m>[39m
            [0mNo brief yet[0m
          [36m</span>[39m
        [36m</section>[39m
      [36m</div>[39m
      [36m<div[39m
        [33mdata-testid[39m=[32m"arrival-meetings"[39m
      [36m>[39m
        [36m<section[39m
          [33mclass[39m=[32m"surface-section"[39m
        [36m>[39m
          [36m<header[39m
            [33mclass[39m=[32m"surface-section-head"[39m
          [36m>[39m
            [36m<h3>[39m
              [0mMEETINGS 1[0m
            [36m</h3>[39m
          [36m</header>[39m
          [36m<div[39m
            [33mclass[39m=[32m"surface-ledger"[39m
            [33mdata-cols[39m=[32m"room"[39m
          [36m>[39m
            [36m<div[39m
              [33mclass[39m=[32m"surface-ledger-head"[39m
            [36m>[39m
              [36m<span[39m
                [33mclass[39m=[32m"surface-ledger-count"[39m
              [36m/>[39m
            [36m</div>[39m
            [36m<li[39m
              [33mclass[39m=[32m"surface-ledger-row"[39m
              [33mdata-wrap[39m=[32m"true"[39m
            [36m>[39m
              [36m<div[39m
                [33mclass[39m=[32m"surface-ledger-line"[39m
                [33mdata-has-trailing[39m=[32m"true"[39m
                [33mdata-testid[39m=[32m"arrival-meeting-row"[39m
                [33mrole[39m=[32m"button"[39m
                [33mtabindex[39m=[32m"0"[39m
              [36m>[39m
                [36m<span[39m
                  [33mclass[39m=[32m"surface-ledger-time"[39m
                [36m>[39m
                  [0mAUG 10[0m
                [36m</span>[39m
                [36m<span[39m
                  [33mclass[39m=[32m"surface-ledger-primary"[39m
                [36m>[39m
                  [0mArchitecture boundary review[0m
                [36m</span>[39m
                [36m<span[39m
                  [33mclass[39m=[32m"arrival-meeting-duration"[39m
                [36m>[39m
                  [0m1 MIN[0m
                [36m</span>[39m
                [36m<span[39m
                  [33mclass[39m=[32m"arrival-meeting-badge"[39m
                  [33mdata-badge[39m=[32m"off"[39m
                  [33mdata-testid[39m=[32m"arrival-meeting-badge"[39m
                [36m>[39m
                  [0mOFF[0m
                [36m</span>[39m
                [36m<span[39m
                  [33mclass[39m=[32m"surface-ledger-trailing"[39m
                [36m>[39m
                  [36m<span[39m
                    [33mclass[39m=[32m"summary-route"[39m
                    [33mdata-testid[39m=[32m"arrival-route"[39m
                  [36m>[39m
                    [36m<span[39m
                      [33mclass[39m=[32m"gadget-chip gadget-chip-egress"[39m
                      [33mdata-scope[39m=[32m"local"[39m
                      [33mtitle[39m=[32m"The route for this face is not set."[39m
                    [36m>[39m
                      [0mTHIS DEVICE[0m
                    [36m</span>[39m
                  [36m</span>[39m
                  [36m<button[39m
                    [33mclass[39m=[32m"btn btn--primary btn--sm "[39m
                    [33mdata-testid[39m=[32m"arrival-run-intel"[39m
                    [33mtype[39m=[32m"button"[39m
                  [36m>[39m
                    [0mRun summary[0m
                  [36m</button>[39m
                [36m</span>[39m
              [36m</div>[39m
            [36m</li>[39m
          [36m</div>[39m
        [36m</section>[39m
      [36m</div>[39m
      [36m<footer[39m
        [33mclass[39m=[32m"arrival-capture-bar"[39m
        [33mdata-testid[39m=[32m"arrival-capture-bar"[39m
      [36m>[39m
        [36m<span[39m
          [33mclass[39m=[32m"arrival-capture-talk"[39m
        [36m/>[39m
        [36m<button[39m
          [33mclass[39m=[32m"btn btn--ghost "[39m
          [33mdata-testid[39m=[32m"arrival-develop-thought"[39m
          [33mtype[39m=[32m"button"[39m
        [36m>[39m
          [0mWrite a thought[0m
        [36m</button>[39m
        [36m<button[39m
          [33mclass[39m=[32m"btn btn--ghost "[39m
          [33mdata-testid[39m=[32m"arrival-record-meeting"[39m
          [33mtype[39m=[32m"button"[39m
        [36m>[39m
          [0mRecord meeting[0m
        [36m</button>[39m
        [36m<button[39m
          [33mclass[39m=[32m"btn btn--ghost "[39m
          [33mdata-testid[39m=[32m"arrival-schedule"[39m
          [33mtype[39m=[32m"button"[39m
        [36m>[39m
          [0mSchedule[0m
        [36m</button>[39m
      [36m</footer>[39m
    [36m</div>[39m
  [36m</div>[39m
[36m</body>[39m
 ❯ waitForWrapper ../../../web/node_modules/@testing-library/dom/dist/wait-for.js:163:27
 ❯ ../../../web/node_modules/@testing-library/dom/dist/query-helpers.js:86:33
 ❯ src/desk/chair/arrivalSummaryCompletion.test.tsx:123:25
    121|     render(<ChairHome />);
    122|
    123|     expect(await screen.findByText("35 S")).toBeInTheDocument();
       |                         ^
    124|     expect(screen.getByText("16 WORDS")).toBeInTheDocument();
    125|     expect((await screen.findAllByText("We will ship the boundary chan…

⎯⎯⎯⎯⎯⎯⎯⎯⎯⎯⎯⎯⎯⎯⎯⎯⎯⎯⎯⎯⎯⎯⎯[1/11]⎯

 FAIL  src/desk/chair/arrivalSummaryCompletion.test.tsx > PHILO-3-02 Arrival summary completion > renders the ready summary and transcript from the producer detail
TestingLibraryElementError: Unable to find an element by: [data-testid="meeting-summary-text"]

Ignored nodes: comments, script, style
[36m<body>[39m
  [36m<div>[39m
    [36m<div[39m
      [33mclass[39m=[32m"chair"[39m
      [33mdata-testid[39m=[32m"chair"[39m
    [36m>[39m
      [36m<div[39m
        [33mclass[39m=[32m"arrival-headline"[39m
        [33mdata-testid[39m=[32m"arrival-headline"[39m
      [36m>[39m
        [36m<h1[39m
          [33mclass[39m=[32m"arrival-display arrival-display--muted"[39m
          [33mdata-testid[39m=[32m"arrival-display"[39m
        [36m>[39m
          [0mNothing needs you[0m
        [36m</h1>[39m
      [36m</div>[39m
      [36m<div[39m
        [33mdata-testid[39m=[32m"arrival-brief"[39m
      [36m>[39m
        [36m<section[39m
          [33mclass[39m=[32m"surface-section"[39m
        [36m>[39m
          [36m<header[39m
            [33mclass[39m=[32m"surface-section-head"[39m
          [36m>[39m
            [36m<h3>[39m
              [0mBRIEF[0m
            [36m</h3>[39m
            [36m<span[39m
              [33mclass[39m=[32m"gadget-chip gadget-chip-egress"[39m
              [33mdata-scope[39m=[32m"local"[39m
              [33mtitle[39m=[32m"The brief is built from this desk's own records."[39m
            [36m>[39m
              [0mTHIS DEVICE[0m
            [36m</span>[39m
            [36m<button[39m
              [33mclass[39m=[32m"btn btn--ghost btn--sm "[39m
              [33mdata-testid[39m=[32m"arrival-brief-generate"[39m
              [33mtype[39m=[32m"button"[39m
            [36m>[39m
              [0mGenerate[0m
            [36m</button>[39m
          [36m</header>[39m
          [36m<span[39m
            [33mclass[39m=[32m"arrival-brief-empty"[39m
          [36m>[39m
            [0mNo brief yet[0m
          [36m</span>[39m
        [36m</section>[39m
      [36m</div>[39m
      [36m<div[39m
        [33mdata-testid[39m=[32m"arrival-meetings"[39m
      [36m>[39m
        [36m<section[39m
          [33mclass[39m=[32m"surface-section"[39m
        [36m>[39m
          [36m<header[39m
            [33mclass[39m=[32m"surface-section-head"[39m
          [36m>[39m
            [36m<h3>[39m
              [0mMEETINGS 1[0m
            [36m</h3>[39m
          [36m</header>[39m
          [36m<div[39m
            [33mclass[39m=[32m"surface-ledger"[39m
            [33mdata-cols[39m=[32m"room"[39m
          [36m>[39m
            [36m<div[39m
              [33mclass[39m=[32m"surface-ledger-head"[39m
            [36m>[39m
              [36m<span[39m
                [33mclass[39m=[32m"surface-ledger-count"[39m
              [36m/>[39m
            [36m</div>[39m
            [36m<li[39m
              [33mclass[39m=[32m"surface-ledger-row"[39m
              [33mdata-wrap[39m=[32m"true"[39m
            [36m>[39m
              [36m<div[39m
                [33mclass[39m=[32m"surface-ledger-line"[39m
                [33mdata-has-trailing[39m=[32m"true"[39m
                [33mdata-testid[39m=[32m"arrival-meeting-row"[39m
                [33mrole[39m=[32m"button"[39m
                [33mtabindex[39m=[32m"0"[39m
              [36m>[39m
                [36m<span[39m
                  [33mclass[39m=[32m"surface-ledger-time"[39m
                [36m>[39m
                  [0mAUG 10[0m
                [36m</span>[39m
                [36m<span[39m
                  [33mclass[39m=[32m"surface-ledger-primary"[39m
                [36m>[39m
                  [0mArchitecture boundary review[0m
                [36m</span>[39m
                [36m<span[39m
                  [33mclass[39m=[32m"arrival-meeting-duration"[39m
                [36m>[39m
                  [0m1 MIN[0m
                [36m</span>[39m
                [36m<span[39m
                  [33maria-label[39m=[32m"RAN"[39m
                  [33mclass[39m=[32m"surface-state-chip"[39m
                  [33mdata-state[39m=[32m"success"[39m
                  [33mrole[39m=[32m"status"[39m
                [36m>[39m
                  [36m<span[39m
                    [33maria-hidden[39m=[32m"true"[39m
                    [33mclass[39m=[32m"surface-state-chip-icon"[39m
                  [36m>[39m
                    [0m●[0m
                  [36m</span>[39m
                  [0mRAN[0m
                [36m</span>[39m
                [36m<span[39m
                  [33mclass[39m=[32m"summary-route"[39m
                  [33mdata-testid[39m=[32m"arrival-attempts"[39m
                [36m>[39m
                  [36m<span[39m
                    [33mclass[39m=[32m"gadget-chip gadget-chip-egress"[39m
                    [33mdata-scope[39m=[32m"local"[39m
                    [33mtitle[39m=[32m"The route for this face is not set."[39m
                  [36m>[39m
                    [0mTHIS DEVICE[0m
                  [36m</span>[39m
                [36m</span>[39m
                [36m<span[39m
                  [33mclass[39m=[32m"surface-ledger-trailing"[39m
                [36m>[39m
                  [36m<button[39m
                    [33mclass[39m=[32m"btn btn--ghost btn--sm "[39m
                    [33mtype[39m=[32m"button"[39m
                  [36m>[39m
                    [0mOpen[0m
                  [36m</button>[39m
                [36m</span>[39m
              [36m</div>[39m
            [36m</li>[39m
          [36m</div>[39m
        [36m</section>[39m
      [36m</div>[39m
      [36m<footer[39m
        [33mclass[39m=[32m"arrival-capture-bar"[39m
        [33mdata-testid[39m=[32m"arrival-capture-bar"[39m
      [36m>[39m
        [36m<span[39m
          [33mclass[39m=[32m"arrival-capture-talk"[39m
        [36m/>[39m
        [36m<button[39m
          [33mclass[39m=[32m"btn btn--ghost "[39m
          [33mdata-testid[39m=[32m"arrival-develop-thought"[39m
          [33mtype[39m=[32m"button"[39m
        [36m>[39m
          [0mWrite a thought[0m
        [36m</button>[39m
        [36m<button[39m
          [33mclass[39m=[32m"btn btn--ghost "[39m
          [33mdata-testid[39m=[32m"arrival-record-meeting"[39m
          [33mtype[39m=[32m"button"[39m
        [36m>[39m
          [0mRecord meeting[0m
        [36m</button>[39m
        [36m<button[39m
          [33mclass[39m=[32m"btn btn--ghost "[39m
          [33mdata-testid[39m=[32m"arrival-schedule"[39m
          [33mtype[39m=[32m"button"[39m
        [36m>[39m
          [0mSchedule[0m
        [36m</button>[39m
      [36m</footer>[39m
    [36m</div>[39m
  [36m</div>[39m
[36m</body>[39m

Ignored nodes: comments, script, style
[36m<body>[39m
  [36m<div>[39m
    [36m<div[39m
      [33mclass[39m=[32m"chair"[39m
      [33mdata-testid[39m=[32m"chair"[39m
    [36m>[39m
      [36m<div[39m
        [33mclass[39m=[32m"arrival-headline"[39m
        [33mdata-testid[39m=[32m"arrival-headline"[39m
      [36m>[39m
        [36m<h1[39m
          [33mclass[39m=[32m"arrival-display arrival-display--muted"[39m
          [33mdata-testid[39m=[32m"arrival-display"[39m
        [36m>[39m
          [0mNothing needs you[0m
        [36m</h1>[39m
      [36m</div>[39m
      [36m<div[39m
        [33mdata-testid[39m=[32m"arrival-brief"[39m
      [36m>[39m
        [36m<section[39m
          [33mclass[39m=[32m"surface-section"[39m
        [36m>[39m
          [36m<header[39m
            [33mclass[39m=[32m"surface-section-head"[39m
          [36m>[39m
            [36m<h3>[39m
              [0mBRIEF[0m
            [36m</h3>[39m
            [36m<span[39m
              [33mclass[39m=[32m"gadget-chip gadget-chip-egress"[39m
              [33mdata-scope[39m=[32m"local"[39m
              [33mtitle[39m=[32m"The brief is built from this desk's own records."[39m
            [36m>[39m
              [0mTHIS DEVICE[0m
            [36m</span>[39m
            [36m<button[39m
              [33mclass[39m=[32m"btn btn--ghost btn--sm "[39m
              [33mdata-testid[39m=[32m"arrival-brief-generate"[39m
              [33mtype[39m=[32m"button"[39m
            [36m>[39m
              [0mGenerate[0m
            [36m</button>[39m
          [36m</header>[39m
          [36m<span[39m
            [33mclass[39m=[32m"arrival-brief-empty"[39m
          [36m>[39m
            [0mNo brief yet[0m
          [36m</span>[39m
        [36m</section>[39m
      [36m</div>[39m
      [36m<div[39m
        [33mdata-testid[39m=[32m"arrival-meetings"[39m
      [36m>[39m
        [36m<section[39m
          [33mclass[39m=[32m"surface-section"[39m
        [36m>[39m
          [36m<header[39m
            [33mclass[39m=[32m"surface-section-head"[39m
          [36m>[39m
            [36m<h3>[39m
              [0mMEETINGS 1[0m
            [36m</h3>[39m
          [36m</header>[39m
          [36m<div[39m
            [33mclass[39m=[32m"surface-ledger"[39m
            [33mdata-cols[39m=[32m"room"[39m
          [36m>[39m
            [36m<div[39m
              [33mclass[39m=[32m"surface-ledger-head"[39m
            [36m>[39m
              [36m<span[39m
                [33mclass[39m=[32m"surface-ledger-count"[39m
              [36m/>[39m
            [36m</div>[39m
            [36m<li[39m
              [33mclass[39m=[32m"surface-ledger-row"[39m
              [33mdata-wrap[39m=[32m"true"[39m
            [36m>[39m
              [36m<div[39m
                [33mclass[39m=[32m"surface-ledger-line"[39m
                [33mdata-has-trailing[39m=[32m"true"[39m
                [33mdata-testid[39m=[32m"arrival-meeting-row"[39m
                [33mrole[39m=[32m"button"[39m
                [33mtabindex[39m=[32m"0"[39m
              [36m>[39m
                [36m<span[39m
                  [33mclass[39m=[32m"surface-ledger-time"[39m
                [36m>[39m
                  [0mAUG 10[0m
                [36m</span>[39m
                [36m<span[39m
                  [33mclass[39m=[32m"surface-ledger-primary"[39m
                [36m>[39m
                  [0mArchitecture boundary review[0m
                [36m</span>[39m
                [36m<span[39m
                  [33mclass[39m=[32m"arrival-meeting-duration"[39m
                [36m>[39m
                  [0m1 MIN[0m
                [36m</span>[39m
                [36m<span[39m
                  [33maria-label[39m=[32m"RAN"[39m
                  [33mclass[39m=[32m"surface-state-chip"[39m
                  [33mdata-state[39m=[32m"success"[39m
                  [33mrole[39m=[32m"status"[39m
                [36m>[39m
                  [36m<span[39m
                    [33maria-hidden[39m=[32m"true"[39m
                    [33mclass[39m=[32m"surface-state-chip-icon"[39m
                  [36m>[39m
                    [0m●[0m
                  [36m</span>[39m
                  [0mRAN[0m
                [36m</span>[39m
                [36m<span[39m
                  [33mclass[39m=[32m"summary-route"[39m
                  [33mdata-testid[39m=[32m"arrival-attempts"[39m
                [36m>[39m
                  [36m<span[39m
                    [33mclass[39m=[32m"gadget-chip gadget-chip-egress"[39m
                    [33mdata-scope[39m=[32m"local"[39m
                    [33mtitle[39m=[32m"The route for this face is not set."[39m
                  [36m>[39m
                    [0mTHIS DEVICE[0m
                  [36m</span>[39m
                [36m</span>[39m
                [36m<span[39m
                  [33mclass[39m=[32m"surface-ledger-trailing"[39m
                [36m>[39m
                  [36m<button[39m
                    [33mclass[39m=[32m"btn btn--ghost btn--sm "[39m
                    [33mtype[39m=[32m"button"[39m
                  [36m>[39m
                    [0mOpen[0m
                  [36m</button>[39m
                [36m</span>[39m
              [36m</div>[39m
            [36m</li>[39m
          [36m</div>[39m
        [36m</section>[39m
      [36m</div>[39m
      [36m<footer[39m
        [33mclass[39m=[32m"arrival-capture-bar"[39m
        [33mdata-testid[39m=[32m"arrival-capture-bar"[39m
      [36m>[39m
        [36m<span[39m
          [33mclass[39m=[32m"arrival-capture-talk"[39m
        [36m/>[39m
        [36m<button[39m
          [33mclass[39m=[32m"btn btn--ghost "[39m
          [33mdata-testid[39m=[32m"arrival-develop-thought"[39m
          [33mtype[39m=[32m"button"[39m
        [36m>[39m
          [0mWrite a thought[0m
        [36m</button>[39m
        [36m<button[39m
          [33mclass[39m=[32m"btn btn--ghost "[39m
          [33mdata-testid[39m=[32m"arrival-record-meeting"[39m
          [33mtype[39m=[32m"button"[39m
        [36m>[39m
          [0mRecord meeting[0m
        [36m</button>[39m
        [36m<button[39m
          [33mclass[39m=[32m"btn btn--ghost "[39m
          [33mdata-testid[39m=[32m"arrival-schedule"[39m
          [33mtype[39m=[32m"button"[39m
        [36m>[39m
          [0mSchedule[0m
        [36m</button>[39m
      [36m</footer>[39m
    [36m</div>[39m
  [36m</div>[39m
[36m</body>[39m
 ❯ waitForWrapper ../../../web/node_modules/@testing-library/dom/dist/wait-for.js:163:27
 ❯ ../../../web/node_modules/@testing-library/dom/dist/query-helpers.js:86:33
 ❯ src/desk/chair/arrivalSummaryCompletion.test.tsx:137:25
    135|     render(<ChairHome />);
    136|
    137|     expect(await screen.findByTestId("meeting-summary-text")).toHaveTe…
       |                         ^
    138|       "The team reviewed the budget.",
    139|     );

⎯⎯⎯⎯⎯⎯⎯⎯⎯⎯⎯⎯⎯⎯⎯⎯⎯⎯⎯⎯⎯⎯⎯[2/11]⎯

 FAIL  src/desk/chair/arrivalSummaryCompletion.test.tsx > PHILO-3-02 Arrival summary completion > keeps a failed lineage as RETRYING after its scheduled time and names the producer cause
Error: expect(element).toHaveTextContent()

Expected element to have text content:
  RETRYING
Received:
  QUEUED

Ignored nodes: comments, script, style
[36m<html>[39m
  [36m<head />[39m
  [36m<body>[39m
    [36m<div>[39m
      [36m<div[39m
        [33mclass[39m=[32m"chair"[39m
        [33mdata-testid[39m=[32m"chair"[39m
      [36m>[39m
        [36m<div[39m
          [33mclass[39m=[32m"arrival-headline"[39m
          [33mdata-testid[39m=[32m"arrival-headline"[39m
        [36m>[39m
          [36m<h1[39m
            [33mclass[39m=[32m"arrival-display arrival-display--muted"[39m
            [33mdata-testid[39m=[32m"arrival-display"[39m
          [36m>[39m
            [0mNothing needs you[0m
          [36m</h1>[39m
        [36m</div>[39m
        [36m<div[39m
          [33mdata-testid[39m=[32m"arrival-brief"[39m
        [36m>[39m
          [36m<section[39m
            [33mclass[39m=[32m"surface-section"[39m
          [36m>[39m
            [36m<header[39m
              [33mclass[39m=[32m"surface-section-head"[39m
            [36m>[39m
              [36m<h3>[39m
                [0mBRIEF[0m
              [36m</h3>[39m
              [36m<span[39m
                [33mclass[39m=[32m"gadget-chip gadget-chip-egress"[39m
                [33mdata-scope[39m=[32m"local"[39m
                [33mtitle[39m=[32m"The brief is built from this desk's own records."[39m
              [36m>[39m
                [0mTHIS DEVICE[0m
              [36m</span>[39m
              [36m<button[39m
                [33mclass[39m=[32m"btn btn--ghost btn--sm "[39m
                [33mdata-testid[39m=[32m"arrival-brief-generate"[39m
                [33mtype[39m=[32m"button"[39m
              [36m>[39m
                [0mGenerate[0m
              [36m</button>[39m
            [36m</header>[39m
            [36m<span[39m
              [33mclass[39m=[32m"arrival-brief-empty"[39m
            [36m>[39m
              [0mNo brief yet[0m
            [36m</span>[39m
          [36m</section>[39m
        [36m</div>[39m
        [36m<div[39m
          [33mdata-testid[39m=[32m"arrival-meetings"[39m
        [36m>[39m
          [36m<section[39m
            [33mclass[39m=[32m"surface-section"[39m
          [36m>[39m
            [36m<header[39m
              [33mclass[39m=[32m"surface-section-head"[39m
            [36m>[39m
              [36m<h3>[39m
                [0mMEETINGS 1[0m
              [36m</h3>[39m
            [36m</header>[39m
            [36m<div[39m
              [33mclass[39m=[32m"surface-ledger"[39m
              [33mdata-cols[39m=[32m"room"[39m
            [36m>[39m
              [36m<div[39m
                [33mclass[39m=[32m"surface-ledger-head"[39m
              [36m>[39m
                [36m<span[39m
                  [33mclass[39m=[32m"surface-ledger-count"[39m
                [36m/>[39m
              [36m</div>[39m
              [36m<li[39m
                [33mclass[39m=[32m"surface-ledger-row"[39m
                [33mdata-wrap[39m=[32m"true"[39m
              [36m>[39m
                [36m<div[39m
                  [33mclass[39m=[32m"surface-ledger-line"[39m
                  [33mdata-testid[39m=[32m"arrival-meeting-row"[39m
                  [33mrole[39m=[32m"button"[39m
                  [33mtabindex[39m=[32m"0"[39m
                [36m>[39m
                  [36m<span[39m
                    [33mclass[39m=[32m"surface-ledger-time"[39m
                  [36m>[39m
                    [0mAUG 10[0m
                  [36m</span>[39m
                  [36m<span[39m
                    [33mclass[39m=[32m"surface-ledger-primary"[39m
                  [36m>[39m
                    [0mArchitecture boundary review[0m
                  [36m</span>[39m
                  [36m<span[39m
                    [33mclass[39m=[32m"arrival-meeting-duration"[39m
                  [36m>[39m
                    [0m1 MIN[0m
                  [36m</span>[39m
                  [36m<span[39m
                    [33mclass[39m=[32m"arrival-meeting-badge"[39m
                    [33mdata-badge[39m=[32m"queued"[39m
                    [33mdata-testid[39m=[32m"arrival-meeting-badge"[39m
                  [36m>[39m
                    [0mQUEUED[0m
                  [36m</span>[39m
                  [36m<span[39m
                    [33mclass[39m=[32m"summary-route"[39m
                    [33mdata-testid[39m=[32m"arrival-attempts"[39m
                  [36m>[39m
                    [36m<span[39m
                      [33mclass[39m=[32m"gadget-chip gadget-chip-egress"[39m
                      [33mdata-scope[39m=[32m"local"[39m
                      [33mtitle[39m=[32m"The route for this face is not set."[39m
                    [36m>[39m
                      [0mTHIS DEVICE[0m
                    [36m</span>[39m
                    [36m<span[39m
                      [33mclass[39m=[32m"surface-token"[39m
                      [33mdata-chip[39m=[32m"true"[39m
                      [33mdata-tone[39m=[32m"danger"[39m
                    [36m>[39m
                      [0mFAILED[0m
                    [36m</span>[39m
                  [36m</span>[39m
                [36m</div>[39m
              [36m</li>[39m
            [36m</div>[39m
          [36m</section>[39m
        [36m</div>[39m
        [36m<footer[39m
          [33mclass[39m=[32m"arrival-capture-bar"[39m
          [33mdata-testid[39m=[32m"arrival-capture-bar"[39m
        [36m>[39m
          [36m<span[39m
            [33mclass[39m=[32m"arrival-capture-talk"[39m
          [36m/>[39m
          [36m<button[39m
            [33mclass[39m=[32m"btn btn--ghost "[39m
            [33mdata-testid[39m=[32m"arrival-develop-thought"[39m
            [33mtype[39m=[32m"button"[39m
          [36m>[39m
            [0mWrite a thought[0m
          [36m</button>[39m
          [36m<button[39m
            [33mclass[39m=[32m"btn btn--ghost "[39m
            [33mdata-testid[39m=[32m"arrival-record-meeting"[39m
            [33mtype[39m=[32m"button"[39m
          [36m>[39m
            [0mRecord meeting[0m
          [36m</button>[39m
          [36m<button[39m
            [33mclass[39m=[32m"btn btn--ghost "[39m
            [33mdata-testid[39m=[32m"arrival-schedule"[39m
            [33mtype[39m=[32m"button"[39m
          [36m>[39m
            [0mSchedule[0m
          [36m</button>[39m
        [36m</footer>[39m
      [36m</div>[39m
    [36m</div>[39m
  [36m</body>[39m
[36m</html>[39m...
 ❯ src/desk/chair/arrivalSummaryCompletion.test.tsx:153:77
    151|     render(<ChairHome />);
    152|
    153|     await waitFor(() => expect(screen.getByTestId("arrival-meeting-bad…
       |                                                                             ^
    154|     expect(screen.getByTestId("arrival-display")).toHaveTextContent("1…
    155|     expect(screen.getByTestId("arrival-summary-status")).toHaveTextCon…
 ❯ runWithExpensiveErrorDiagnosticsDisabled ../../../web/node_modules/@testing-library/dom/dist/config.js:47:12
 ❯ checkCallback ../../../web/node_modules/@testing-library/dom/dist/wait-for.js:124:77
 ❯ Timeout.checkRealTimersCallback ../../../web/node_modules/@testing-library/dom/dist/wait-for.js:118:16

⎯⎯⎯⎯⎯⎯⎯⎯⎯⎯⎯⎯⎯⎯⎯⎯⎯⎯⎯⎯⎯⎯⎯[3/11]⎯

 FAIL  src/desk/chair/arrivalSummaryCompletion.test.tsx > PHILO-3-02 Arrival summary completion > renders the terminal producer failure and keeps the named cause
TestingLibraryElementError: Unable to find an element by: [data-testid="arrival-summary-status"]

Ignored nodes: comments, script, style
[36m<body>[39m
  [36m<div>[39m
    [36m<div[39m
      [33mclass[39m=[32m"chair"[39m
      [33mdata-testid[39m=[32m"chair"[39m
    [36m>[39m
      [36m<div[39m
        [33mclass[39m=[32m"arrival-headline"[39m
        [33mdata-testid[39m=[32m"arrival-headline"[39m
      [36m>[39m
        [36m<h1[39m
          [33mclass[39m=[32m"arrival-display arrival-display--accent"[39m
          [33mdata-testid[39m=[32m"arrival-display"[39m
        [36m>[39m
          [0m1 need you[0m
        [36m</h1>[39m
      [36m</div>[39m
      [36m<div[39m
        [33mdata-testid[39m=[32m"arrival-brief"[39m
      [36m>[39m
        [36m<section[39m
          [33mclass[39m=[32m"surface-section"[39m
        [36m>[39m
          [36m<header[39m
            [33mclass[39m=[32m"surface-section-head"[39m
          [36m>[39m
            [36m<h3>[39m
              [0mBRIEF[0m
            [36m</h3>[39m
            [36m<span[39m
              [33mclass[39m=[32m"gadget-chip gadget-chip-egress"[39m
              [33mdata-scope[39m=[32m"local"[39m
              [33mtitle[39m=[32m"The brief is built from this desk's own records."[39m
            [36m>[39m
              [0mTHIS DEVICE[0m
            [36m</span>[39m
            [36m<button[39m
              [33mclass[39m=[32m"btn btn--ghost btn--sm "[39m
              [33mdata-testid[39m=[32m"arrival-brief-generate"[39m
              [33mtype[39m=[32m"button"[39m
            [36m>[39m
              [0mGenerate[0m
            [36m</button>[39m
          [36m</header>[39m
          [36m<span[39m
            [33mclass[39m=[32m"arrival-brief-empty"[39m
          [36m>[39m
            [0mNo brief yet[0m
          [36m</span>[39m
        [36m</section>[39m
      [36m</div>[39m
      [36m<div[39m
        [33mdata-testid[39m=[32m"arrival-meetings"[39m
      [36m>[39m
        [36m<section[39m
          [33mclass[39m=[32m"surface-section"[39m
        [36m>[39m
          [36m<header[39m
            [33mclass[39m=[32m"surface-section-head"[39m
          [36m>[39m
            [36m<h3>[39m
              [0mMEETINGS 1[0m
            [36m</h3>[39m
          [36m</header>[39m
          [36m<div[39m
            [33mclass[39m=[32m"surface-ledger"[39m
            [33mdata-cols[39m=[32m"room"[39m
          [36m>[39m
            [36m<div[39m
              [33mclass[39m=[32m"surface-ledger-head"[39m
            [36m>[39m
              [36m<span[39m
                [33mclass[39m=[32m"surface-ledger-count"[39m
              [36m/>[39m
            [36m</div>[39m
            [36m<li[39m
              [33mclass[39m=[32m"surface-ledger-row"[39m
              [33mdata-wrap[39m=[32m"true"[39m
            [36m>[39m
              [36m<div[39m
                [33mclass[39m=[32m"surface-ledger-line"[39m
                [33mdata-testid[39m=[32m"arrival-meeting-row"[39m
                [33mrole[39m=[32m"button"[39m
                [33mtabindex[39m=[32m"0"[39m
              [36m>[39m
                [36m<span[39m
                  [33mclass[39m=[32m"surface-ledger-time"[39m
                [36m>[39m
                  [0mAUG 10[0m
                [36m</span>[39m
                [36m<span[39m
                  [33mclass[39m=[32m"surface-ledger-primary"[39m
                [36m>[39m
                  [0mArchitecture boundary review[0m
                [36m</span>[39m
                [36m<span[39m
                  [33mclass[39m=[32m"arrival-meeting-duration"[39m
                [36m>[39m
                  [0m1 MIN[0m
                [36m</span>[39m
                [36m<span[39m
                  [33mclass[39m=[32m"arrival-meeting-badge"[39m
                  [33mdata-badge[39m=[32m"failed"[39m
                  [33mdata-testid[39m=[32m"arrival-meeting-badge"[39m
                [36m>[39m
                  [0mFAILED[0m
                [36m</span>[39m
                [36m<span[39m
                  [33mclass[39m=[32m"summary-route"[39m
                  [33mdata-testid[39m=[32m"arrival-attempts"[39m
                [36m>[39m
                  [36m<span[39m
                    [33mclass[39m=[32m"gadget-chip gadget-chip-egress"[39m
                    [33mdata-scope[39m=[32m"local"[39m
                    [33mtitle[39m=[32m"The route for this face is not set."[39m
                  [36m>[39m
                    [0mTHIS DEVICE[0m
                  [36m</span>[39m
                  [36m<span[39m
                    [33mclass[39m=[32m"surface-token"[39m
                    [33mdata-chip[39m=[32m"true"[39m
                    [33mdata-tone[39m=[32m"danger"[39m
                  [36m>[39m
                    [0mFAILED[0m
                  [36m</span>[39m
                [36m</span>[39m
              [36m</div>[39m
            [36m</li>[39m
          [36m</div>[39m
        [36m</section>[39m
      [36m</div>[39m
      [36m<footer[39m
        [33mclass[39m=[32m"arrival-capture-bar"[39m
        [33mdata-testid[39m=[32m"arrival-capture-bar"[39m
      [36m>[39m
        [36m<span[39m
          [33mclass[39m=[32m"arrival-capture-talk"[39m
        [36m/>[39m
        [36m<button[39m
          [33mclass[39m=[32m"btn btn--ghost "[39m
          [33mdata-testid[39m=[32m"arrival-develop-thought"[39m
          [33mtype[39m=[32m"button"[39m
        [36m>[39m
          [0mWrite a thought[0m
        [36m</button>[39m
        [36m<button[39m
          [33mclass[39m=[32m"btn btn--ghost "[39m
          [33mdata-testid[39m=[32m"arrival-record-meeting"[39m
          [33mtype[39m=[32m"button"[39m
        [36m>[39m
          [0mRecord meeting[0m
        [36m</button>[39m
        [36m<button[39m
          [33mclass[39m=[32m"btn btn--ghost "[39m
          [33mdata-testid[39m=[32m"arrival-schedule"[39m
          [33mtype[39m=[32m"button"[39m
        [36m>[39m
          [0mSchedule[0m
        [36m</button>[39m
      [36m</footer>[39m
    [36m</div>[39m
  [36m</div>[39m
[36m</body>[39m
 ❯ Object.getElementError ../../../web/node_modules/@testing-library/dom/dist/config.js:37:19
 ❯ ../../../web/node_modules/@testing-library/dom/dist/query-helpers.js:76:38
 ❯ ../../../web/node_modules/@testing-library/dom/dist/query-helpers.js:52:17
 ❯ ../../../web/node_modules/@testing-library/dom/dist/query-helpers.js:95:19
 ❯ src/desk/chair/arrivalSummaryCompletion.test.tsx:171:19
    169|
    170|     await waitFor(() => expect(screen.getByTestId("arrival-meeting-bad…
    171|     expect(screen.getByTestId("arrival-summary-status")).toHaveTextCon…
       |                   ^
    172|       "LAST ATTEMPT · THIS DEVICE",
    173|     );

⎯⎯⎯⎯⎯⎯⎯⎯⎯⎯⎯⎯⎯⎯⎯⎯⎯⎯⎯⎯⎯⎯⎯[4/11]⎯

 FAIL  src/desk/chair/arrivalSummaryCompletion.test.tsx > PHILO-3-02 Arrival summary completion > keeps a persisted summary visible with a later producer failure
TestingLibraryElementError: Unable to find an element by: [data-testid="meeting-summary-text"]

Ignored nodes: comments, script, style
[36m<body>[39m
  [36m<div>[39m
    [36m<div[39m
      [33mclass[39m=[32m"chair"[39m
      [33mdata-testid[39m=[32m"chair"[39m
    [36m>[39m
      [36m<div[39m
        [33mclass[39m=[32m"arrival-headline"[39m
        [33mdata-testid[39m=[32m"arrival-headline"[39m
      [36m>[39m
        [36m<h1[39m
          [33mclass[39m=[32m"arrival-display arrival-display--accent"[39m
          [33mdata-testid[39m=[32m"arrival-display"[39m
        [36m>[39m
          [0m1 need you[0m
        [36m</h1>[39m
      [36m</div>[39m
      [36m<div[39m
        [33mdata-testid[39m=[32m"arrival-brief"[39m
      [36m>[39m
        [36m<section[39m
          [33mclass[39m=[32m"surface-section"[39m
        [36m>[39m
          [36m<header[39m
            [33mclass[39m=[32m"surface-section-head"[39m
          [36m>[39m
            [36m<h3>[39m
              [0mBRIEF[0m
            [36m</h3>[39m
            [36m<span[39m
              [33mclass[39m=[32m"gadget-chip gadget-chip-egress"[39m
              [33mdata-scope[39m=[32m"local"[39m
              [33mtitle[39m=[32m"The brief is built from this desk's own records."[39m
            [36m>[39m
              [0mTHIS DEVICE[0m
            [36m</span>[39m
            [36m<button[39m
              [33mclass[39m=[32m"btn btn--ghost btn--sm "[39m
              [33mdata-testid[39m=[32m"arrival-brief-generate"[39m
              [33mtype[39m=[32m"button"[39m
            [36m>[39m
              [0mGenerate[0m
            [36m</button>[39m
          [36m</header>[39m
          [36m<span[39m
            [33mclass[39m=[32m"arrival-brief-empty"[39m
          [36m>[39m
            [0mNo brief yet[0m
          [36m</span>[39m
        [36m</section>[39m
      [36m</div>[39m
      [36m<div[39m
        [33mdata-testid[39m=[32m"arrival-meetings"[39m
      [36m>[39m
        [36m<section[39m
          [33mclass[39m=[32m"surface-section"[39m
        [36m>[39m
          [36m<header[39m
            [33mclass[39m=[32m"surface-section-head"[39m
          [36m>[39m
            [36m<h3>[39m
              [0mMEETINGS 1[0m
            [36m</h3>[39m
          [36m</header>[39m
          [36m<div[39m
            [33mclass[39m=[32m"surface-ledger"[39m
            [33mdata-cols[39m=[32m"room"[39m
          [36m>[39m
            [36m<div[39m
              [33mclass[39m=[32m"surface-ledger-head"[39m
            [36m>[39m
              [36m<span[39m
                [33mclass[39m=[32m"surface-ledger-count"[39m
              [36m/>[39m
            [36m</div>[39m
            [36m<li[39m
              [33mclass[39m=[32m"surface-ledger-row"[39m
              [33mdata-wrap[39m=[32m"true"[39m
            [36m>[39m
              [36m<div[39m
                [33mclass[39m=[32m"surface-ledger-line"[39m
                [33mdata-testid[39m=[32m"arrival-meeting-row"[39m
                [33mrole[39m=[32m"button"[39m
                [33mtabindex[39m=[32m"0"[39m
              [36m>[39m
                [36m<span[39m
                  [33mclass[39m=[32m"surface-ledger-time"[39m
                [36m>[39m
                  [0mAUG 10[0m
                [36m</span>[39m
                [36m<span[39m
                  [33mclass[39m=[32m"surface-ledger-primary"[39m
                [36m>[39m
                  [0mArchitecture boundary review[0m
                [36m</span>[39m
                [36m<span[39m
                  [33mclass[39m=[32m"arrival-meeting-duration"[39m
                [36m>[39m
                  [0m1 MIN[0m
                [36m</span>[39m
                [36m<span[39m
                  [33mclass[39m=[32m"arrival-meeting-badge"[39m
                  [33mdata-badge[39m=[32m"failed"[39m
                  [33mdata-testid[39m=[32m"arrival-meeting-badge"[39m
                [36m>[39m
                  [0mFAILED[0m
                [36m</span>[39m
                [36m<span[39m
                  [33mclass[39m=[32m"summary-route"[39m
                  [33mdata-testid[39m=[32m"arrival-attempts"[39m
                [36m>[39m
                  [36m<span[39m
                    [33mclass[39m=[32m"gadget-chip gadget-chip-egress"[39m
                    [33mdata-scope[39m=[32m"local"[39m
                    [33mtitle[39m=[32m"The route for this face is not set."[39m
                  [36m>[39m
                    [0mTHIS DEVICE[0m
                  [36m</span>[39m
                  [36m<span[39m
                    [33mclass[39m=[32m"surface-token"[39m
                    [33mdata-chip[39m=[32m"true"[39m
                    [33mdata-tone[39m=[32m"danger"[39m
                  [36m>[39m
                    [0mFAILED[0m
                  [36m</span>[39m
                [36m</span>[39m
              [36m</div>[39m
            [36m</li>[39m
          [36m</div>[39m
        [36m</section>[39m
      [36m</div>[39m
      [36m<footer[39m
        [33mclass[39m=[32m"arrival-capture-bar"[39m
        [33mdata-testid[39m=[32m"arrival-capture-bar"[39m
      [36m>[39m
        [36m<span[39m
          [33mclass[39m=[32m"arrival-capture-talk"[39m
        [36m/>[39m
        [36m<button[39m
          [33mclass[39m=[32m"btn btn--ghost "[39m
          [33mdata-testid[39m=[32m"arrival-develop-thought"[39m
          [33mtype[39m=[32m"button"[39m
        [36m>[39m
          [0mWrite a thought[0m
        [36m</button>[39m
        [36m<button[39m
          [33mclass[39m=[32m"btn btn--ghost "[39m
          [33mdata-testid[39m=[32m"arrival-record-meeting"[39m
          [33mtype[39m=[32m"button"[39m
        [36m>[39m
          [0mRecord meeting[0m
        [36m</button>[39m
        [36m<button[39m
          [33mclass[39m=[32m"btn btn--ghost "[39m
          [33mdata-testid[39m=[32m"arrival-schedule"[39m
          [33mtype[39m=[32m"button"[39m
        [36m>[39m
          [0mSchedule[0m
        [36m</button>[39m
      [36m</footer>[39m
    [36m</div>[39m
  [36m</div>[39m
[36m</body>[39m

Ignored nodes: comments, script, style
[36m<body>[39m
  [36m<div>[39m
    [36m<div[39m
      [33mclass[39m=[32m"chair"[39m
      [33mdata-testid[39m=[32m"chair"[39m
    [36m>[39m
      [36m<div[39m
        [33mclass[39m=[32m"arrival-headline"[39m
        [33mdata-testid[39m=[32m"arrival-headline"[39m
      [36m>[39m
        [36m<h1[39m
          [33mclass[39m=[32m"arrival-display arrival-display--accent"[39m
          [33mdata-testid[39m=[32m"arrival-display"[39m
        [36m>[39m
          [0m1 need you[0m
        [36m</h1>[39m
      [36m</div>[39m
      [36m<div[39m
        [33mdata-testid[39m=[32m"arrival-brief"[39m
      [36m>[39m
        [36m<section[39m
          [33mclass[39m=[32m"surface-section"[39m
        [36m>[39m
          [36m<header[39m
            [33mclass[39m=[32m"surface-section-head"[39m
          [36m>[39m
            [36m<h3>[39m
              [0mBRIEF[0m
            [36m</h3>[39m
            [36m<span[39m
              [33mclass[39m=[32m"gadget-chip gadget-chip-egress"[39m
              [33mdata-scope[39m=[32m"local"[39m
              [33mtitle[39m=[32m"The brief is built from this desk's own records."[39m
            [36m>[39m
              [0mTHIS DEVICE[0m
            [36m</span>[39m
            [36m<button[39m
              [33mclass[39m=[32m"btn btn--ghost btn--sm "[39m
              [33mdata-testid[39m=[32m"arrival-brief-generate"[39m
              [33mtype[39m=[32m"button"[39m
            [36m>[39m
              [0mGenerate[0m
            [36m</button>[39m
          [36m</header>[39m
          [36m<span[39m
            [33mclass[39m=[32m"arrival-brief-empty"[39m
          [36m>[39m
            [0mNo brief yet[0m
          [36m</span>[39m
        [36m</section>[39m
      [36m</div>[39m
      [36m<div[39m
        [33mdata-testid[39m=[32m"arrival-meetings"[39m
      [36m>[39m
        [36m<section[39m
          [33mclass[39m=[32m"surface-section"[39m
        [36m>[39m
          [36m<header[39m
            [33mclass[39m=[32m"surface-section-head"[39m
          [36m>[39m
            [36m<h3>[39m
              [0mMEETINGS 1[0m
            [36m</h3>[39m
          [36m</header>[39m
          [36m<div[39m
            [33mclass[39m=[32m"surface-ledger"[39m
            [33mdata-cols[39m=[32m"room"[39m
          [36m>[39m
            [36m<div[39m
              [33mclass[39m=[32m"surface-ledger-head"[39m
            [36m>[39m
              [36m<span[39m
                [33mclass[39m=[32m"surface-ledger-count"[39m
              [36m/>[39m
            [36m</div>[39m
            [36m<li[39m
              [33mclass[39m=[32m"surface-ledger-row"[39m
              [33mdata-wrap[39m=[32m"true"[39m
            [36m>[39m
              [36m<div[39m
                [33mclass[39m=[32m"surface-ledger-line"[39m
                [33mdata-testid[39m=[32m"arrival-meeting-row"[39m
                [33mrole[39m=[32m"button"[39m
                [33mtabindex[39m=[32m"0"[39m
              [36m>[39m
                [36m<span[39m
                  [33mclass[39m=[32m"surface-ledger-time"[39m
                [36m>[39m
                  [0mAUG 10[0m
                [36m</span>[39m
                [36m<span[39m
                  [33mclass[39m=[32m"surface-ledger-primary"[39m
                [36m>[39m
                  [0mArchitecture boundary review[0m
                [36m</span>[39m
                [36m<span[39m
                  [33mclass[39m=[32m"arrival-meeting-duration"[39m
                [36m>[39m
                  [0m1 MIN[0m
                [36m</span>[39m
                [36m<span[39m
                  [33mclass[39m=[32m"arrival-meeting-badge"[39m
                  [33mdata-badge[39m=[32m"failed"[39m
                  [33mdata-testid[39m=[32m"arrival-meeting-badge"[39m
                [36m>[39m
                  [0mFAILED[0m
                [36m</span>[39m
                [36m<span[39m
                  [33mclass[39m=[32m"summary-route"[39m
                  [33mdata-testid[39m=[32m"arrival-attempts"[39m
                [36m>[39m
                  [36m<span[39m
                    [33mclass[39m=[32m"gadget-chip gadget-chip-egress"[39m
                    [33mdata-scope[39m=[32m"local"[39m
                    [33mtitle[39m=[32m"The route for this face is not set."[39m
                  [36m>[39m
                    [0mTHIS DEVICE[0m
                  [36m</span>[39m
                  [36m<span[39m
                    [33mclass[39m=[32m"surface-token"[39m
                    [33mdata-chip[39m=[32m"true"[39m
                    [33mdata-tone[39m=[32m"danger"[39m
                  [36m>[39m
                    [0mFAILED[0m
                  [36m</span>[39m
                [36m</span>[39m
              [36m</div>[39m
            [36m</li>[39m
          [36m</div>[39m
        [36m</section>[39m
      [36m</div>[39m
      [36m<footer[39m
        [33mclass[39m=[32m"arrival-capture-bar"[39m
        [33mdata-testid[39m=[32m"arrival-capture-bar"[39m
      [36m>[39m
        [36m<span[39m
          [33mclass[39m=[32m"arrival-capture-talk"[39m
        [36m/>[39m
        [36m<button[39m
          [33mclass[39m=[32m"btn btn--ghost "[39m
          [33mdata-testid[39m=[32m"arrival-develop-thought"[39m
          [33mtype[39m=[32m"button"[39m
        [36m>[39m
          [0mWrite a thought[0m
        [36m</button>[39m
        [36m<button[39m
          [33mclass[39m=[32m"btn btn--ghost "[39m
          [33mdata-testid[39m=[32m"arrival-record-meeting"[39m
          [33mtype[39m=[32m"button"[39m
        [36m>[39m
          [0mRecord meeting[0m
        [36m</button>[39m
        [36m<button[39m
          [33mclass[39m=[32m"btn btn--ghost "[39m
          [33mdata-testid[39m=[32m"arrival-schedule"[39m
          [33mtype[39m=[32m"button"[39m
        [36m>[39m
          [0mSchedule[0m
        [36m</button>[39m
      [36m</footer>[39m
    [36m</div>[39m
  [36m</div>[39m
[36m</body>[39m
 ❯ waitForWrapper ../../../web/node_modules/@testing-library/dom/dist/wait-for.js:163:27
 ❯ ../../../web/node_modules/@testing-library/dom/dist/query-helpers.js:86:33
 ❯ src/desk/chair/arrivalSummaryCompletion.test.tsx:193:25
    191|     render(<ChairHome />);
    192|
    193|     expect(await screen.findByTestId("meeting-summary-text")).toHaveTe…
       |                         ^
    194|       "The team reviewed the budget.",
    195|     );

⎯⎯⎯⎯⎯⎯⎯⎯⎯⎯⎯⎯⎯⎯⎯⎯⎯⎯⎯⎯⎯⎯⎯[5/11]⎯

 FAIL  src/desk/chair/arrivalSummaryCompletion.test.tsx > PHILO-3-02 Arrival summary completion > reads only the top three visible meeting details per desk refresh
AssertionError: expected [] to have a length of 3 but got +0

Ignored nodes: comments, script, style
[36m<html>[39m
  [36m<head />[39m
  [36m<body>[39m
    [36m<div>[39m
      [36m<div[39m
        [33mclass[39m=[32m"chair"[39m
        [33mdata-testid[39m=[32m"chair"[39m
      [36m>[39m
        [36m<div[39m
          [33mclass[39m=[32m"arrival-headline"[39m
          [33mdata-testid[39m=[32m"arrival-headline"[39m
        [36m>[39m
          [36m<h1[39m
            [33mclass[39m=[32m"arrival-display arrival-display--muted"[39m
            [33mdata-testid[39m=[32m"arrival-display"[39m
          [36m>[39m
            [0mNothing needs you[0m
          [36m</h1>[39m
        [36m</div>[39m
        [36m<div[39m
          [33mdata-testid[39m=[32m"arrival-brief"[39m
        [36m>[39m
          [36m<section[39m
            [33mclass[39m=[32m"surface-section"[39m
          [36m>[39m
            [36m<header[39m
              [33mclass[39m=[32m"surface-section-head"[39m
            [36m>[39m
              [36m<h3>[39m
                [0mBRIEF[0m
              [36m</h3>[39m
              [36m<span[39m
                [33mclass[39m=[32m"gadget-chip gadget-chip-egress"[39m
                [33mdata-scope[39m=[32m"local"[39m
                [33mtitle[39m=[32m"The brief is built from this desk's own records."[39m
              [36m>[39m
                [0mTHIS DEVICE[0m
              [36m</span>[39m
              [36m<button[39m
                [33mclass[39m=[32m"btn btn--ghost btn--sm "[39m
                [33mdata-testid[39m=[32m"arrival-brief-generate"[39m
                [33mtype[39m=[32m"button"[39m
              [36m>[39m
                [0mGenerate[0m
              [36m</button>[39m
            [36m</header>[39m
            [36m<span[39m
              [33mclass[39m=[32m"arrival-brief-empty"[39m
            [36m>[39m
              [0mNo brief yet[0m
            [36m</span>[39m
          [36m</section>[39m
        [36m</div>[39m
        [36m<div[39m
          [33mdata-testid[39m=[32m"arrival-meetings"[39m
        [36m>[39m
          [36m<section[39m
            [33mclass[39m=[32m"surface-section"[39m
          [36m>[39m
            [36m<header[39m
              [33mclass[39m=[32m"surface-section-head"[39m
            [36m>[39m
              [36m<h3>[39m
                [0mMEETINGS 3[0m
              [36m</h3>[39m
            [36m</header>[39m
            [36m<div[39m
              [33mclass[39m=[32m"surface-ledger"[39m
              [33mdata-cols[39m=[32m"room"[39m
            [36m>[39m
              [36m<div[39m
                [33mclass[39m=[32m"surface-ledger-head"[39m
              [36m>[39m
                [36m<span[39m
                  [33mclass[39m=[32m"surface-ledger-count"[39m
                [36m/>[39m
              [36m</div>[39m
              [36m<li[39m
                [33mclass[39m=[32m"surface-ledger-row"[39m
                [33mdata-wrap[39m=[32m"true"[39m
              [36m>[39m
                [36m<div[39m
                  [33mclass[39m=[32m"surface-ledger-line"[39m
                  [33mdata-has-trailing[39m=[32m"true"[39m
                  [33mdata-testid[39m=[32m"arrival-meeting-row"[39m
                  [33mrole[39m=[32m"button"[39m
                  [33mtabindex[39m=[32m"0"[39m
                [36m>[39m
                  [36m<span[39m
                    [33mclass[39m=[32m"surface-ledger-time"[39m
                  [36m>[39m
                    [0mAUG 10[0m
                  [36m</span>[39m
                  [36m<span[39m
                    [33mclass[39m=[32m"surface-ledger-primary"[39m
                  [36m>[39m
                    [0mArchitecture boundary review[0m
                  [36m</span>[39m
                  [36m<span[39m
                    [33mclass[39m=[32m"arrival-meeting-duration"[39m
                  [36m>[39m
                    [0m1 MIN[0m
                  [36m</span>[39m
                  [36m<span[39m
                    [33mclass[39m=[32m"arrival-meeting-badge"[39m
                    [33mdata-badge[39m=[32m"off"[39m
                    [33mdata-testid[39m=[32m"arrival-meeting-badge"[39m
                  [36m>[39m
                    [0mOFF[0m
                  [36m</span>[39m
                  [36m<span[39m
                    [33mclass[39m=[32m"surface-ledger-trailing"[39m
                  [36m>[39m
                    [36m<span[39m
                      [33mclass[39m=[32m"summary-route"[39m
                      [33mdata-testid[39m=[32m"arrival-route"[39m
                    [36m>[39m
                      [36m<span[39m
                        [33mclass[39m=[32m"gadget-chip gadget-chip-egress"[39m
                        [33mdata-scope[39m=[32m"local"[39m
                        [33mtitle[39m=[32m"The route for this face is not set."[39m
                      [36m>[39m
                        [0mTHIS DEVICE[0m
                      [36m</span>[39m
                    [36m</span>[39m
                    [36m<button[39m
                      [33mclass[39m=[32m"btn btn--primary btn--sm "[39m
                      [33mdata-testid[39m=[32m"arrival-run-intel"[39m
                      [33mtype[39m=[32m"button"[39m
                    [36m>[39m
                      [0mRun summary[0m
                    [36m</button>[39m
                  [36m</span>[39m
                [36m</div>[39m
              [36m</li>[39m
              [36m<li[39m
                [33mclass[39m=[32m"surface-ledger-row"[39m
                [33mdata-wrap[39m=[32m"true"[39m
              [36m>[39m
                [36m<div[39m
                  [33mclass[39m=[32m"surface-ledger-line"[39m
                  [33mdata-testid[39m=[32m"arrival-meeting-row"[39m
                  [33mrole[39m=[32m"button"[39m
                  [33mtabindex[39m=[32m"-1"[39m
                [36m>[39m
                  [36m<span[39m
                    [33mclass[39m=[32m"surface-ledger-time"[39m
                  [36m>[39m
                    [0mAUG 10[0m
                  [36m</span>[39m
                  [36m<span[39m
                    [33mclass[39m=[32m"surface-ledger-primary"[39m
                  [36m>[39m
                    [0mArchitecture boundary review[0m
                  [36m</span>[39m
                  [36m<span[39m
                    [33mclass[39m=[32m"arrival-meeting-duration"[39m
                  [36m>[39m
                    [0m1 MIN[0m
                  [36m</span>[39m
                  [36m<span[39m
                    [33mclass[39m=[32m"arrival-meeting-badge"[39m
                    [33mdata-badge[39m=[32m"running"[39m
                    [33mdata-testid[39m=[32m"arrival-meeting-badge"[39m
                  [36m>[39m
               ...

- Expected
+ Received

- 3
+ 0

 ❯ src/desk/chair/arrivalSummaryCompletion.test.tsx:213:47
    211|     render(<ChairHome />);
    212|
    213|     await waitFor(() => expect(detailCalls()).toHaveLength(3));
       |                                               ^
    214|     expect(new Set(detailCalls()).size).toBe(3);
    215|     const expected = [...candidates]
 ❯ runWithExpensiveErrorDiagnosticsDisabled ../../../web/node_modules/@testing-library/dom/dist/config.js:47:12
 ❯ checkCallback ../../../web/node_modules/@testing-library/dom/dist/wait-for.js:124:77
 ❯ Timeout.checkRealTimersCallback ../../../web/node_modules/@testing-library/dom/dist/wait-for.js:118:16

⎯⎯⎯⎯⎯⎯⎯⎯⎯⎯⎯⎯⎯⎯⎯⎯⎯⎯⎯⎯⎯⎯⎯[6/11]⎯

 FAIL  src/desk/chair/arrivalSummaryCompletion.test.tsx > PHILO-3-02 Arrival summary completion > drops a stale response when the visible meeting identity changes
TestingLibraryElementError: Unable to find an element with the text: We will ship the boundary change on Tuesday.. This could be because the text is broken up by multiple elements. In this case, you can provide a function for your text matcher to make your matcher more flexible.

Ignored nodes: comments, script, style
[36m<body>[39m
  [36m<div>[39m
    [36m<div[39m
      [33mclass[39m=[32m"chair"[39m
      [33mdata-testid[39m=[32m"chair"[39m
    [36m>[39m
      [36m<div[39m
        [33mclass[39m=[32m"arrival-headline"[39m
        [33mdata-testid[39m=[32m"arrival-headline"[39m
      [36m>[39m
        [36m<h1[39m
          [33mclass[39m=[32m"arrival-display arrival-display--muted"[39m
          [33mdata-testid[39m=[32m"arrival-display"[39m
        [36m>[39m
          [0mNothing needs you[0m
        [36m</h1>[39m
      [36m</div>[39m
      [36m<div[39m
        [33mdata-testid[39m=[32m"arrival-brief"[39m
      [36m>[39m
        [36m<section[39m
          [33mclass[39m=[32m"surface-section"[39m
        [36m>[39m
          [36m<header[39m
            [33mclass[39m=[32m"surface-section-head"[39m
          [36m>[39m
            [36m<h3>[39m
              [0mBRIEF[0m
            [36m</h3>[39m
            [36m<span[39m
              [33mclass[39m=[32m"gadget-chip gadget-chip-egress"[39m
              [33mdata-scope[39m=[32m"local"[39m
              [33mtitle[39m=[32m"The brief is built from this desk's own records."[39m
            [36m>[39m
              [0mTHIS DEVICE[0m
            [36m</span>[39m
            [36m<button[39m
              [33mclass[39m=[32m"btn btn--ghost btn--sm "[39m
              [33mdata-testid[39m=[32m"arrival-brief-generate"[39m
              [33mtype[39m=[32m"button"[39m
            [36m>[39m
              [0mGenerate[0m
            [36m</button>[39m
          [36m</header>[39m
          [36m<span[39m
            [33mclass[39m=[32m"arrival-brief-empty"[39m
          [36m>[39m
            [0mNo brief yet[0m
          [36m</span>[39m
        [36m</section>[39m
      [36m</div>[39m
      [36m<div[39m
        [33mdata-testid[39m=[32m"arrival-meetings"[39m
      [36m>[39m
        [36m<section[39m
          [33mclass[39m=[32m"surface-section"[39m
        [36m>[39m
          [36m<header[39m
            [33mclass[39m=[32m"surface-section-head"[39m
          [36m>[39m
            [36m<h3>[39m
              [0mMEETINGS 1[0m
            [36m</h3>[39m
          [36m</header>[39m
          [36m<div[39m
            [33mclass[39m=[32m"surface-ledger"[39m
            [33mdata-cols[39m=[32m"room"[39m
          [36m>[39m
            [36m<div[39m
              [33mclass[39m=[32m"surface-ledger-head"[39m
            [36m>[39m
              [36m<span[39m
                [33mclass[39m=[32m"surface-ledger-count"[39m
              [36m/>[39m
            [36m</div>[39m
            [36m<li[39m
              [33mclass[39m=[32m"surface-ledger-row"[39m
              [33mdata-wrap[39m=[32m"true"[39m
            [36m>[39m
              [36m<div[39m
                [33mclass[39m=[32m"surface-ledger-line"[39m
                [33mdata-testid[39m=[32m"arrival-meeting-row"[39m
                [33mrole[39m=[32m"button"[39m
                [33mtabindex[39m=[32m"0"[39m
              [36m>[39m
                [36m<span[39m
                  [33mclass[39m=[32m"surface-ledger-time"[39m
                [36m>[39m
                  [0mAUG 10[0m
                [36m</span>[39m
                [36m<span[39m
                  [33mclass[39m=[32m"surface-ledger-primary"[39m
                [36m>[39m
                  [0mArchitecture boundary review[0m
                [36m</span>[39m
                [36m<span[39m
                  [33mclass[39m=[32m"arrival-meeting-duration"[39m
                [36m>[39m
                  [0m1 MIN[0m
                [36m</span>[39m
                [36m<span[39m
                  [33mclass[39m=[32m"arrival-meeting-badge"[39m
                  [33mdata-badge[39m=[32m"running"[39m
                  [33mdata-testid[39m=[32m"arrival-meeting-badge"[39m
                [36m>[39m
                  [0mRUNNING[0m
                [36m</span>[39m
              [36m</div>[39m
            [36m</li>[39m
          [36m</div>[39m
        [36m</section>[39m
      [36m</div>[39m
      [36m<footer[39m
        [33mclass[39m=[32m"arrival-capture-bar"[39m
        [33mdata-testid[39m=[32m"arrival-capture-bar"[39m
      [36m>[39m
        [36m<span[39m
          [33mclass[39m=[32m"arrival-capture-talk"[39m
        [36m/>[39m
        [36m<button[39m
          [33mclass[39m=[32m"btn btn--ghost "[39m
          [33mdata-testid[39m=[32m"arrival-develop-thought"[39m
          [33mtype[39m=[32m"button"[39m
        [36m>[39m
          [0mWrite a thought[0m
        [36m</button>[39m
        [36m<button[39m
          [33mclass[39m=[32m"btn btn--ghost "[39m
          [33mdata-testid[39m=[32m"arrival-record-meeting"[39m
          [33mtype[39m=[32m"button"[39m
        [36m>[39m
          [0mRecord meeting[0m
        [36m</button>[39m
        [36m<button[39m
          [33mclass[39m=[32m"btn btn--ghost "[39m
          [33mdata-testid[39m=[32m"arrival-schedule"[39m
          [33mtype[39m=[32m"button"[39m
        [36m>[39m
          [0mSchedule[0m
        [36m</button>[39m
      [36m</footer>[39m
    [36m</div>[39m
  [36m</div>[39m
[36m</body>[39m

Ignored nodes: comments, script, style
[36m<html>[39m
  [36m<head />[39m
  [36m<body>[39m
    [36m<div>[39m
      [36m<div[39m
        [33mclass[39m=[32m"chair"[39m
        [33mdata-testid[39m=[32m"chair"[39m
      [36m>[39m
        [36m<div[39m
          [33mclass[39m=[32m"arrival-headline"[39m
          [33mdata-testid[39m=[32m"arrival-headline"[39m
        [36m>[39m
          [36m<h1[39m
            [33mclass[39m=[32m"arrival-display arrival-display--muted"[39m
            [33mdata-testid[39m=[32m"arrival-display"[39m
          [36m>[39m
            [0mNothing needs you[0m
          [36m</h1>[39m
        [36m</div>[39m
        [36m<div[39m
          [33mdata-testid[39m=[32m"arrival-brief"[39m
        [36m>[39m
          [36m<section[39m
            [33mclass[39m=[32m"surface-section"[39m
          [36m>[39m
            [36m<header[39m
              [33mclass[39m=[32m"surface-section-head"[39m
            [36m>[39m
              [36m<h3>[39m
                [0mBRIEF[0m
              [36m</h3>[39m
              [36m<span[39m
                [33mclass[39m=[32m"gadget-chip gadget-chip-egress"[39m
                [33mdata-scope[39m=[32m"local"[39m
                [33mtitle[39m=[32m"The brief is built from this desk's own records."[39m
              [36m>[39m
                [0mTHIS DEVICE[0m
              [36m</span>[39m
              [36m<button[39m
                [33mclass[39m=[32m"btn btn--ghost btn--sm "[39m
                [33mdata-testid[39m=[32m"arrival-brief-generate"[39m
                [33mtype[39m=[32m"button"[39m
              [36m>[39m
                [0mGenerate[0m
              [36m</button>[39m
            [36m</header>[39m
            [36m<span[39m
              [33mclass[39m=[32m"arrival-brief-empty"[39m
            [36m>[39m
              [0mNo brief yet[0m
            [36m</span>[39m
          [36m</section>[39m
        [36m</div>[39m
        [36m<div[39m
          [33mdata-testid[39m=[32m"arrival-meetings"[39m
        [36m>[39m
          [36m<section[39m
            [33mclass[39m=[32m"surface-section"[39m
          [36m>[39m
            [36m<header[39m
              [33mclass[39m=[32m"surface-section-head"[39m
            [36m>[39m
              [36m<h3>[39m
                [0mMEETINGS 1[0m
              [36m</h3>[39m
            [36m</header>[39m
            [36m<div[39m
              [33mclass[39m=[32m"surface-ledger"[39m
              [33mdata-cols[39m=[32m"room"[39m
            [36m>[39m
              [36m<div[39m
                [33mclass[39m=[32m"surface-ledger-head"[39m
              [36m>[39m
                [36m<span[39m
                  [33mclass[39m=[32m"surface-ledger-count"[39m
                [36m/>[39m
              [36m</div>[39m
              [36m<li[39m
                [33mclass[39m=[32m"surface-ledger-row"[39m
                [33mdata-wrap[39m=[32m"true"[39m
              [36m>[39m
                [36m<div[39m
                  [33mclass[39m=[32m"surface-ledger-line"[39m
                  [33mdata-testid[39m=[32m"arrival-meeting-row"[39m
                  [33mrole[39m=[32m"button"[39m
                  [33mtabindex[39m=[32m"0"[39m
                [36m>[39m
                  [36m<span[39m
                    [33mclass[39m=[32m"surface-ledger-time"[39m
                  [36m>[39m
                    [0mAUG 10[0m
                  [36m</span>[39m
                  [36m<span[39m
                    [33mclass[39m=[32m"surface-ledger-primary"[39m
                  [36m>[39m
                    [0mArchitecture boundary review[0m
                  [36m</span>[39m
                  [36m<span[39m
                    [33mclass[39m=[32m"arrival-meeting-duration"[39m
                  [36m>[39m
                    [0m1 MIN[0m
                  [36m</span>[39m
                  [36m<span[39m
                    [33mclass[39m=[32m"arrival-meeting-badge"[39m
                    [33mdata-badge[39m=[32m"running"[39m
                    [33mdata-testid[39m=[32m"arrival-meeting-badge"[39m
                  [36m>[39m
                    [0mRUNNING[0m
                  [36m</span>[39m
                [36m</div>[39m
              [36m</li>[39m
            [36m</div>[39m
          [36m</section>[39m
        [36m</div>[39m
        [36m<footer[39m
          [33mclass[39m=[32m"arrival-capture-bar"[39m
          [33mdata-testid[39m=[32m"arrival-capture-bar"[39m
        [36m>[39m
          [36m<span[39m
            [33mclass[39m=[32m"arrival-capture-talk"[39m
          [36m/>[39m
          [36m<button[39m
            [33mclass[39m=[32m"btn btn--ghost "[39m
            [33mdata-testid[39m=[32m"arrival-develop-thought"[39m
            [33mtype[39m=[32m"button"[39m
          [36m>[39m
            [0mWrite a thought[0m
          [36m</button>[39m
          [36m<button[39m
            [33mclass[39m=[32m"btn btn--ghost "[39m
            [33mdata-testid[39m=[32m"arrival-record-meeting"[39m
            [33mtype[39m=[32m"button"[39m
          [36m>[39m
            [0mRecord meeting[0m
          [36m</button>[39m
          [36m<button[39m
            [33mclass[39m=[32m"btn btn--ghost "[39m
            [33mdata-testid[39m=[32m"arrival-schedule"[39m
            [33mtype[39m=[32m"button"[39m
          [36m>[39m
            [0mSchedule[0m
          [36m</button>[39m
        [36m</footer>[39m
      [36m</div>[39m
    [36m</div>[39m
  [36m</body>[39m
[36m</html>[39m...
 ❯ Proxy.waitForWrapper ../../../web/node_modules/@testing-library/dom/dist/wait-for.js:163:27
 ❯ src/desk/chair/arrivalSummaryCompletion.test.tsx:242:11
    240|     seat(running);
    241|
    242|     await waitFor(() => expect(screen.getAllByText("We will ship the b…
       |           ^
    243|     resolveFirst(ready.detail);
    244|     await waitFor(() => expect(screen.queryByText("The team reviewed t…

⎯⎯⎯⎯⎯⎯⎯⎯⎯⎯⎯⎯⎯⎯⎯⎯⎯⎯⎯⎯⎯⎯⎯[7/11]⎯

 FAIL  src/desk/chair/arrivalSummaryCompletion.test.tsx > PHILO-3-02 Arrival summary completion > names a response whose identity does not match the requested meeting
TestingLibraryElementError: Unable to find an element by: [data-testid="arrival-detail-error"]

Ignored nodes: comments, script, style
[36m<body>[39m
  [36m<div>[39m
    [36m<div[39m
      [33mclass[39m=[32m"chair"[39m
      [33mdata-testid[39m=[32m"chair"[39m
    [36m>[39m
      [36m<div[39m
        [33mclass[39m=[32m"arrival-headline"[39m
        [33mdata-testid[39m=[32m"arrival-headline"[39m
      [36m>[39m
        [36m<h1[39m
          [33mclass[39m=[32m"arrival-display arrival-display--muted"[39m
          [33mdata-testid[39m=[32m"arrival-display"[39m
        [36m>[39m
          [0mNothing needs you[0m
        [36m</h1>[39m
      [36m</div>[39m
      [36m<div[39m
        [33mdata-testid[39m=[32m"arrival-brief"[39m
      [36m>[39m
        [36m<section[39m
          [33mclass[39m=[32m"surface-section"[39m
        [36m>[39m
          [36m<header[39m
            [33mclass[39m=[32m"surface-section-head"[39m
          [36m>[39m
            [36m<h3>[39m
              [0mBRIEF[0m
            [36m</h3>[39m
            [36m<span[39m
              [33mclass[39m=[32m"gadget-chip gadget-chip-egress"[39m
              [33mdata-scope[39m=[32m"local"[39m
              [33mtitle[39m=[32m"The brief is built from this desk's own records."[39m
            [36m>[39m
              [0mTHIS DEVICE[0m
            [36m</span>[39m
            [36m<button[39m
              [33mclass[39m=[32m"btn btn--ghost btn--sm "[39m
              [33mdata-testid[39m=[32m"arrival-brief-generate"[39m
              [33mtype[39m=[32m"button"[39m
            [36m>[39m
              [0mGenerate[0m
            [36m</button>[39m
          [36m</header>[39m
          [36m<span[39m
            [33mclass[39m=[32m"arrival-brief-empty"[39m
          [36m>[39m
            [0mNo brief yet[0m
          [36m</span>[39m
        [36m</section>[39m
      [36m</div>[39m
      [36m<div[39m
        [33mdata-testid[39m=[32m"arrival-meetings"[39m
      [36m>[39m
        [36m<section[39m
          [33mclass[39m=[32m"surface-section"[39m
        [36m>[39m
          [36m<header[39m
            [33mclass[39m=[32m"surface-section-head"[39m
          [36m>[39m
            [36m<h3>[39m
              [0mMEETINGS 1[0m
            [36m</h3>[39m
          [36m</header>[39m
          [36m<div[39m
            [33mclass[39m=[32m"surface-ledger"[39m
            [33mdata-cols[39m=[32m"room"[39m
          [36m>[39m
            [36m<div[39m
              [33mclass[39m=[32m"surface-ledger-head"[39m
            [36m>[39m
              [36m<span[39m
                [33mclass[39m=[32m"surface-ledger-count"[39m
              [36m/>[39m
            [36m</div>[39m
            [36m<li[39m
              [33mclass[39m=[32m"surface-ledger-row"[39m
              [33mdata-wrap[39m=[32m"true"[39m
            [36m>[39m
              [36m<div[39m
                [33mclass[39m=[32m"surface-ledger-line"[39m
                [33mdata-has-trailing[39m=[32m"true"[39m
                [33mdata-testid[39m=[32m"arrival-meeting-row"[39m
                [33mrole[39m=[32m"button"[39m
                [33mtabindex[39m=[32m"0"[39m
              [36m>[39m
                [36m<span[39m
                  [33mclass[39m=[32m"surface-ledger-time"[39m
                [36m>[39m
                  [0mAUG 10[0m
                [36m</span>[39m
                [36m<span[39m
                  [33mclass[39m=[32m"surface-ledger-primary"[39m
                [36m>[39m
                  [0mArchitecture boundary review[0m
                [36m</span>[39m
                [36m<span[39m
                  [33mclass[39m=[32m"arrival-meeting-duration"[39m
                [36m>[39m
                  [0m1 MIN[0m
                [36m</span>[39m
                [36m<span[39m
                  [33maria-label[39m=[32m"RAN"[39m
                  [33mclass[39m=[32m"surface-state-chip"[39m
                  [33mdata-state[39m=[32m"success"[39m
                  [33mrole[39m=[32m"status"[39m
                [36m>[39m
                  [36m<span[39m
                    [33maria-hidden[39m=[32m"true"[39m
                    [33mclass[39m=[32m"surface-state-chip-icon"[39m
                  [36m>[39m
                    [0m●[0m
                  [36m</span>[39m
                  [0mRAN[0m
                [36m</span>[39m
                [36m<span[39m
                  [33mclass[39m=[32m"summary-route"[39m
                  [33mdata-testid[39m=[32m"arrival-attempts"[39m
                [36m>[39m
                  [36m<span[39m
                    [33mclass[39m=[32m"gadget-chip gadget-chip-egress"[39m
                    [33mdata-scope[39m=[32m"local"[39m
                    [33mtitle[39m=[32m"The route for this face is not set."[39m
                  [36m>[39m
                    [0mTHIS DEVICE[0m
                  [36m</span>[39m
                [36m</span>[39m
                [36m<span[39m
                  [33mclass[39m=[32m"surface-ledger-trailing"[39m
                [36m>[39m
                  [36m<button[39m
                    [33mclass[39m=[32m"btn btn--ghost btn--sm "[39m
                    [33mtype[39m=[32m"button"[39m
                  [36m>[39m
                    [0mOpen[0m
                  [36m</button>[39m
                [36m</span>[39m
              [36m</div>[39m
            [36m</li>[39m
          [36m</div>[39m
        [36m</section>[39m
      [36m</div>[39m
      [36m<footer[39m
        [33mclass[39m=[32m"arrival-capture-bar"[39m
        [33mdata-testid[39m=[32m"arrival-capture-bar"[39m
      [36m>[39m
        [36m<span[39m
          [33mclass[39m=[32m"arrival-capture-talk"[39m
        [36m/>[39m
        [36m<button[39m
          [33mclass[39m=[32m"btn btn--ghost "[39m
          [33mdata-testid[39m=[32m"arrival-develop-thought"[39m
          [33mtype[39m=[32m"button"[39m
        [36m>[39m
          [0mWrite a thought[0m
        [36m</button>[39m
        [36m<button[39m
          [33mclass[39m=[32m"btn btn--ghost "[39m
          [33mdata-testid[39m=[32m"arrival-record-meeting"[39m
          [33mtype[39m=[32m"button"[39m
        [36m>[39m
          [0mRecord meeting[0m
        [36m</button>[39m
        [36m<button[39m
          [33mclass[39m=[32m"btn btn--ghost "[39m
          [33mdata-testid[39m=[32m"arrival-schedule"[39m
          [33mtype[39m=[32m"button"[39m
        [36m>[39m
          [0mSchedule[0m
        [36m</button>[39m
      [36m</footer>[39m
    [36m</div>[39m
  [36m</div>[39m
[36m</body>[39m

Ignored nodes: comments, script, style
[36m<body>[39m
  [36m<div>[39m
    [36m<div[39m
      [33mclass[39m=[32m"chair"[39m
      [33mdata-testid[39m=[32m"chair"[39m
    [36m>[39m
      [36m<div[39m
        [33mclass[39m=[32m"arrival-headline"[39m
        [33mdata-testid[39m=[32m"arrival-headline"[39m
      [36m>[39m
        [36m<h1[39m
          [33mclass[39m=[32m"arrival-display arrival-display--muted"[39m
          [33mdata-testid[39m=[32m"arrival-display"[39m
        [36m>[39m
          [0mNothing needs you[0m
        [36m</h1>[39m
      [36m</div>[39m
      [36m<div[39m
        [33mdata-testid[39m=[32m"arrival-brief"[39m
      [36m>[39m
        [36m<section[39m
          [33mclass[39m=[32m"surface-section"[39m
        [36m>[39m
          [36m<header[39m
            [33mclass[39m=[32m"surface-section-head"[39m
          [36m>[39m
            [36m<h3>[39m
              [0mBRIEF[0m
            [36m</h3>[39m
            [36m<span[39m
              [33mclass[39m=[32m"gadget-chip gadget-chip-egress"[39m
              [33mdata-scope[39m=[32m"local"[39m
              [33mtitle[39m=[32m"The brief is built from this desk's own records."[39m
            [36m>[39m
              [0mTHIS DEVICE[0m
            [36m</span>[39m
            [36m<button[39m
              [33mclass[39m=[32m"btn btn--ghost btn--sm "[39m
              [33mdata-testid[39m=[32m"arrival-brief-generate"[39m
              [33mtype[39m=[32m"button"[39m
            [36m>[39m
              [0mGenerate[0m
            [36m</button>[39m
          [36m</header>[39m
          [36m<span[39m
            [33mclass[39m=[32m"arrival-brief-empty"[39m
          [36m>[39m
            [0mNo brief yet[0m
          [36m</span>[39m
        [36m</section>[39m
      [36m</div>[39m
      [36m<div[39m
        [33mdata-testid[39m=[32m"arrival-meetings"[39m
      [36m>[39m
        [36m<section[39m
          [33mclass[39m=[32m"surface-section"[39m
        [36m>[39m
          [36m<header[39m
            [33mclass[39m=[32m"surface-section-head"[39m
          [36m>[39m
            [36m<h3>[39m
              [0mMEETINGS 1[0m
            [36m</h3>[39m
          [36m</header>[39m
          [36m<div[39m
            [33mclass[39m=[32m"surface-ledger"[39m
            [33mdata-cols[39m=[32m"room"[39m
          [36m>[39m
            [36m<div[39m
              [33mclass[39m=[32m"surface-ledger-head"[39m
            [36m>[39m
              [36m<span[39m
                [33mclass[39m=[32m"surface-ledger-count"[39m
              [36m/>[39m
            [36m</div>[39m
            [36m<li[39m
              [33mclass[39m=[32m"surface-ledger-row"[39m
              [33mdata-wrap[39m=[32m"true"[39m
            [36m>[39m
              [36m<div[39m
                [33mclass[39m=[32m"surface-ledger-line"[39m
                [33mdata-has-trailing[39m=[32m"true"[39m
                [33mdata-testid[39m=[32m"arrival-meeting-row"[39m
                [33mrole[39m=[32m"button"[39m
                [33mtabindex[39m=[32m"0"[39m
              [36m>[39m
                [36m<span[39m
                  [33mclass[39m=[32m"surface-ledger-time"[39m
                [36m>[39m
                  [0mAUG 10[0m
                [36m</span>[39m
                [36m<span[39m
                  [33mclass[39m=[32m"surface-ledger-primary"[39m
                [36m>[39m
                  [0mArchitecture boundary review[0m
                [36m</span>[39m
                [36m<span[39m
                  [33mclass[39m=[32m"arrival-meeting-duration"[39m
                [36m>[39m
                  [0m1 MIN[0m
                [36m</span>[39m
                [36m<span[39m
                  [33maria-label[39m=[32m"RAN"[39m
                  [33mclass[39m=[32m"surface-state-chip"[39m
                  [33mdata-state[39m=[32m"success"[39m
                  [33mrole[39m=[32m"status"[39m
                [36m>[39m
                  [36m<span[39m
                    [33maria-hidden[39m=[32m"true"[39m
                    [33mclass[39m=[32m"surface-state-chip-icon"[39m
                  [36m>[39m
                    [0m●[0m
                  [36m</span>[39m
                  [0mRAN[0m
                [36m</span>[39m
                [36m<span[39m
                  [33mclass[39m=[32m"summary-route"[39m
                  [33mdata-testid[39m=[32m"arrival-attempts"[39m
                [36m>[39m
                  [36m<span[39m
                    [33mclass[39m=[32m"gadget-chip gadget-chip-egress"[39m
                    [33mdata-scope[39m=[32m"local"[39m
                    [33mtitle[39m=[32m"The route for this face is not set."[39m
                  [36m>[39m
                    [0mTHIS DEVICE[0m
                  [36m</span>[39m
                [36m</span>[39m
                [36m<span[39m
                  [33mclass[39m=[32m"surface-ledger-trailing"[39m
                [36m>[39m
                  [36m<button[39m
                    [33mclass[39m=[32m"btn btn--ghost btn--sm "[39m
                    [33mtype[39m=[32m"button"[39m
                  [36m>[39m
                    [0mOpen[0m
                  [36m</button>[39m
                [36m</span>[39m
              [36m</div>[39m
            [36m</li>[39m
          [36m</div>[39m
        [36m</section>[39m
      [36m</div>[39m
      [36m<footer[39m
        [33mclass[39m=[32m"arrival-capture-bar"[39m
        [33mdata-testid[39m=[32m"arrival-capture-bar"[39m
      [36m>[39m
        [36m<span[39m
          [33mclass[39m=[32m"arrival-capture-talk"[39m
        [36m/>[39m
        [36m<button[39m
          [33mclass[39m=[32m"btn btn--ghost "[39m
          [33mdata-testid[39m=[32m"arrival-develop-thought"[39m
          [33mtype[39m=[32m"button"[39m
        [36m>[39m
          [0mWrite a thought[0m
        [36m</button>[39m
        [36m<button[39m
          [33mclass[39m=[32m"btn btn--ghost "[39m
          [33mdata-testid[39m=[32m"arrival-record-meeting"[39m
          [33mtype[39m=[32m"button"[39m
        [36m>[39m
          [0mRecord meeting[0m
        [36m</button>[39m
        [36m<button[39m
          [33mclass[39m=[32m"btn btn--ghost "[39m
          [33mdata-testid[39m=[32m"arrival-schedule"[39m
          [33mtype[39m=[32m"button"[39m
        [36m>[39m
          [0mSchedule[0m
        [36m</button>[39m
      [36m</footer>[39m
    [36m</div>[39m
  [36m</div>[39m
[36m</body>[39m
 ❯ waitForWrapper ../../../web/node_modules/@testing-library/dom/dist/wait-for.js:163:27
 ❯ ../../../web/node_modules/@testing-library/dom/dist/query-helpers.js:86:33
 ❯ src/desk/chair/arrivalSummaryCompletion.test.tsx:264:25
    262|     render(<ChairHome />);
    263|
    264|     expect(await screen.findByTestId("arrival-detail-error")).toHaveTe…
       |                         ^
    265|       `MEETING DETAIL IDENTITY CHANGED · EXPECTED ${ready.detail.id} ·…
    266|     );

⎯⎯⎯⎯⎯⎯⎯⎯⎯⎯⎯⎯⎯⎯⎯⎯⎯⎯⎯⎯⎯⎯⎯[8/11]⎯

 FAIL  src/desk/chair/arrivalSummaryCompletion.test.tsx > PHILO-3-02 Arrival summary completion > clicks Run once, then follows desk_changed to a ready summary and durable receipt
TestingLibraryElementError: Unable to find an element by: [data-testid="meeting-summary-text"]

Ignored nodes: comments, script, style
[36m<body>[39m
  [36m<div>[39m
    [36m<div[39m
      [33mclass[39m=[32m"chair"[39m
      [33mdata-testid[39m=[32m"chair"[39m
    [36m>[39m
      [36m<div[39m
        [33mclass[39m=[32m"arrival-headline"[39m
        [33mdata-testid[39m=[32m"arrival-headline"[39m
      [36m>[39m
        [36m<h1[39m
          [33mclass[39m=[32m"arrival-display arrival-display--muted"[39m
          [33mdata-testid[39m=[32m"arrival-display"[39m
        [36m>[39m
          [0mNothing needs you[0m
        [36m</h1>[39m
      [36m</div>[39m
      [36m<div[39m
        [33mdata-testid[39m=[32m"arrival-brief"[39m
      [36m>[39m
        [36m<section[39m
          [33mclass[39m=[32m"surface-section"[39m
        [36m>[39m
          [36m<header[39m
            [33mclass[39m=[32m"surface-section-head"[39m
          [36m>[39m
            [36m<h3>[39m
              [0mBRIEF[0m
            [36m</h3>[39m
            [36m<span[39m
              [33mclass[39m=[32m"gadget-chip gadget-chip-egress"[39m
              [33mdata-scope[39m=[32m"local"[39m
              [33mtitle[39m=[32m"The brief is built from this desk's own records."[39m
            [36m>[39m
              [0mTHIS DEVICE[0m
            [36m</span>[39m
            [36m<button[39m
              [33mclass[39m=[32m"btn btn--ghost btn--sm "[39m
              [33mdata-testid[39m=[32m"arrival-brief-generate"[39m
              [33mtype[39m=[32m"button"[39m
            [36m>[39m
              [0mGenerate[0m
            [36m</button>[39m
          [36m</header>[39m
          [36m<span[39m
            [33mclass[39m=[32m"arrival-brief-empty"[39m
          [36m>[39m
            [0mNo brief yet[0m
          [36m</span>[39m
        [36m</section>[39m
      [36m</div>[39m
      [36m<div[39m
        [33mdata-testid[39m=[32m"arrival-meetings"[39m
      [36m>[39m
        [36m<section[39m
          [33mclass[39m=[32m"surface-section"[39m
        [36m>[39m
          [36m<header[39m
            [33mclass[39m=[32m"surface-section-head"[39m
          [36m>[39m
            [36m<h3>[39m
              [0mMEETINGS 1[0m
            [36m</h3>[39m
          [36m</header>[39m
          [36m<div[39m
            [33mclass[39m=[32m"surface-ledger"[39m
            [33mdata-cols[39m=[32m"room"[39m
          [36m>[39m
            [36m<div[39m
              [33mclass[39m=[32m"surface-ledger-head"[39m
            [36m>[39m
              [36m<span[39m
                [33mclass[39m=[32m"surface-ledger-count"[39m
              [36m/>[39m
            [36m</div>[39m
            [36m<li[39m
              [33mclass[39m=[32m"surface-ledger-row"[39m
              [33mdata-wrap[39m=[32m"true"[39m
            [36m>[39m
              [36m<div[39m
                [33mclass[39m=[32m"surface-ledger-line"[39m
                [33mdata-has-trailing[39m=[32m"true"[39m
                [33mdata-testid[39m=[32m"arrival-meeting-row"[39m
                [33mrole[39m=[32m"button"[39m
                [33mtabindex[39m=[32m"0"[39m
              [36m>[39m
                [36m<span[39m
                  [33mclass[39m=[32m"surface-ledger-time"[39m
                [36m>[39m
                  [0mAUG 10[0m
                [36m</span>[39m
                [36m<span[39m
                  [33mclass[39m=[32m"surface-ledger-primary"[39m
                [36m>[39m
                  [0mArchitecture boundary review[0m
                [36m</span>[39m
                [36m<span[39m
                  [33mclass[39m=[32m"arrival-meeting-duration"[39m
                [36m>[39m
                  [0m1 MIN[0m
                [36m</span>[39m
                [36m<span[39m
                  [33maria-label[39m=[32m"RAN"[39m
                  [33mclass[39m=[32m"surface-state-chip"[39m
                  [33mdata-state[39m=[32m"success"[39m
                  [33mrole[39m=[32m"status"[39m
                [36m>[39m
                  [36m<span[39m
                    [33maria-hidden[39m=[32m"true"[39m
                    [33mclass[39m=[32m"surface-state-chip-icon"[39m
                  [36m>[39m
                    [0m●[0m
                  [36m</span>[39m
                  [0mRAN[0m
                [36m</span>[39m
                [36m<span[39m
                  [33mclass[39m=[32m"summary-route"[39m
                  [33mdata-testid[39m=[32m"arrival-attempts"[39m
                [36m>[39m
                  [36m<span[39m
                    [33mclass[39m=[32m"gadget-chip gadget-chip-egress"[39m
                    [33mdata-scope[39m=[32m"local"[39m
                    [33mtitle[39m=[32m"The route for this face is not set."[39m
                  [36m>[39m
                    [0mTHIS DEVICE[0m
                  [36m</span>[39m
                [36m</span>[39m
                [36m<span[39m
                  [33mclass[39m=[32m"surface-ledger-trailing"[39m
                [36m>[39m
                  [36m<button[39m
                    [33mclass[39m=[32m"btn btn--ghost btn--sm "[39m
                    [33mtype[39m=[32m"button"[39m
                  [36m>[39m
                    [0mOpen[0m
                  [36m</button>[39m
                [36m</span>[39m
              [36m</div>[39m
            [36m</li>[39m
          [36m</div>[39m
        [36m</section>[39m
      [36m</div>[39m
      [36m<footer[39m
        [33mclass[39m=[32m"arrival-capture-bar"[39m
        [33mdata-testid[39m=[32m"arrival-capture-bar"[39m
      [36m>[39m
        [36m<span[39m
          [33mclass[39m=[32m"arrival-capture-talk"[39m
        [36m/>[39m
        [36m<button[39m
          [33mclass[39m=[32m"btn btn--ghost "[39m
          [33mdata-testid[39m=[32m"arrival-develop-thought"[39m
          [33mtype[39m=[32m"button"[39m
        [36m>[39m
          [0mWrite a thought[0m
        [36m</button>[39m
        [36m<button[39m
          [33mclass[39m=[32m"btn btn--ghost "[39m
          [33mdata-testid[39m=[32m"arrival-record-meeting"[39m
          [33mtype[39m=[32m"button"[39m
        [36m>[39m
          [0mRecord meeting[0m
        [36m</button>[39m
        [36m<button[39m
          [33mclass[39m=[32m"btn btn--ghost "[39m
          [33mdata-testid[39m=[32m"arrival-schedule"[39m
          [33mtype[39m=[32m"button"[39m
        [36m>[39m
          [0mSchedule[0m
        [36m</button>[39m
      [36m</footer>[39m
    [36m</div>[39m
  [36m</div>[39m
[36m</body>[39m

Ignored nodes: comments, script, style
[36m<html>[39m
  [36m<head />[39m
  [36m<body>[39m
    [36m<div>[39m
      [36m<div[39m
        [33mclass[39m=[32m"chair"[39m
        [33mdata-testid[39m=[32m"chair"[39m
      [36m>[39m
        [36m<div[39m
          [33mclass[39m=[32m"arrival-headline"[39m
          [33mdata-testid[39m=[32m"arrival-headline"[39m
        [36m>[39m
          [36m<h1[39m
            [33mclass[39m=[32m"arrival-display arrival-display--muted"[39m
            [33mdata-testid[39m=[32m"arrival-display"[39m
          [36m>[39m
            [0mNothing needs you[0m
          [36m</h1>[39m
        [36m</div>[39m
        [36m<div[39m
          [33mdata-testid[39m=[32m"arrival-brief"[39m
        [36m>[39m
          [36m<section[39m
            [33mclass[39m=[32m"surface-section"[39m
          [36m>[39m
            [36m<header[39m
              [33mclass[39m=[32m"surface-section-head"[39m
            [36m>[39m
              [36m<h3>[39m
                [0mBRIEF[0m
              [36m</h3>[39m
              [36m<span[39m
                [33mclass[39m=[32m"gadget-chip gadget-chip-egress"[39m
                [33mdata-scope[39m=[32m"local"[39m
                [33mtitle[39m=[32m"The brief is built from this desk's own records."[39m
              [36m>[39m
                [0mTHIS DEVICE[0m
              [36m</span>[39m
              [36m<button[39m
                [33mclass[39m=[32m"btn btn--ghost btn--sm "[39m
                [33mdata-testid[39m=[32m"arrival-brief-generate"[39m
                [33mtype[39m=[32m"button"[39m
              [36m>[39m
                [0mGenerate[0m
              [36m</button>[39m
            [36m</header>[39m
            [36m<span[39m
              [33mclass[39m=[32m"arrival-brief-empty"[39m
            [36m>[39m
              [0mNo brief yet[0m
            [36m</span>[39m
          [36m</section>[39m
        [36m</div>[39m
        [36m<div[39m
          [33mdata-testid[39m=[32m"arrival-meetings"[39m
        [36m>[39m
          [36m<section[39m
            [33mclass[39m=[32m"surface-section"[39m
          [36m>[39m
            [36m<header[39m
              [33mclass[39m=[32m"surface-section-head"[39m
            [36m>[39m
              [36m<h3>[39m
                [0mMEETINGS 1[0m
              [36m</h3>[39m
            [36m</header>[39m
            [36m<div[39m
              [33mclass[39m=[32m"surface-ledger"[39m
              [33mdata-cols[39m=[32m"room"[39m
            [36m>[39m
              [36m<div[39m
                [33mclass[39m=[32m"surface-ledger-head"[39m
              [36m>[39m
                [36m<span[39m
                  [33mclass[39m=[32m"surface-ledger-count"[39m
                [36m/>[39m
              [36m</div>[39m
              [36m<li[39m
                [33mclass[39m=[32m"surface-ledger-row"[39m
                [33mdata-wrap[39m=[32m"true"[39m
              [36m>[39m
                [36m<div[39m
                  [33mclass[39m=[32m"surface-ledger-line"[39m
                  [33mdata-has-trailing[39m=[32m"true"[39m
                  [33mdata-testid[39m=[32m"arrival-meeting-row"[39m
                  [33mrole[39m=[32m"button"[39m
                  [33mtabindex[39m=[32m"0"[39m
                [36m>[39m
                  [36m<span[39m
                    [33mclass[39m=[32m"surface-ledger-time"[39m
                  [36m>[39m
                    [0mAUG 10[0m
                  [36m</span>[39m
                  [36m<span[39m
                    [33mclass[39m=[32m"surface-ledger-primary"[39m
                  [36m>[39m
                    [0mArchitecture boundary review[0m
                  [36m</span>[39m
                  [36m<span[39m
                    [33mclass[39m=[32m"arrival-meeting-duration"[39m
                  [36m>[39m
                    [0m1 MIN[0m
                  [36m</span>[39m
                  [36m<span[39m
                    [33maria-label[39m=[32m"RAN"[39m
                    [33mclass[39m=[32m"surface-state-chip"[39m
                    [33mdata-state[39m=[32m"success"[39m
                    [33mrole[39m=[32m"status"[39m
                  [36m>[39m
                    [36m<span[39m
                      [33maria-hidden[39m=[32m"true"[39m
                      [33mclass[39m=[32m"surface-state-chip-icon"[39m
                    [36m>[39m
                      [0m●[0m
                    [36m</span>[39m
                    [0mRAN[0m
                  [36m</span>[39m
                  [36m<span[39m
                    [33mclass[39m=[32m"summary-route"[39m
                    [33mdata-testid[39m=[32m"arrival-attempts"[39m
                  [36m>[39m
                    [36m<span[39m
                      [33mclass[39m=[32m"gadget-chip gadget-chip-egress"[39m
                      [33mdata-scope[39m=[32m"local"[39m
                      [33mtitle[39m=[32m"The route for this face is not set."[39m
                    [36m>[39m
                      [0mTHIS DEVICE[0m
                    [36m</span>[39m
                  [36m</span>[39m
                  [36m<span[39m
                    [33mclass[39m=[32m"surface-ledger-trailing"[39m
                  [36m>[39m
                    [36m<button[39m
                      [33mclass[39m=[32m"btn btn--ghost btn--sm "[39m
                      [33mtype[39m=[32m"button"[39m
                    [36m>[39m
                      [0mOpen[0m
                    [36m</button>[39m
                  [36m</span>[39m
                [36m</div>[39m
              [36m</li>[39m
            [36m</div>[39m
          [36m</section>[39m
        [36m</div>[39m
        [36m<footer[39m
          [33mclass[39m=[32m"arrival-capture-bar"[39m
          [33mdata-testid[39m=[32m"arrival-capture-bar"[39m
        [36m>[39m
          [36m<span[39m
            [33mclass[39m=[32m"arrival-capture-talk"[39m
          [36m/>[39m
          [36m<button[39m
            [33mclass[39m=[32m"btn btn--ghost "[39m
            [33mdata-testid[39m=[32m"arrival-develop-thought"[39m
            [33mtype[39m=[32m"button"[39m
          [36m>[39m
            [0mWrite a thought[0m
          [36m</button>[39m
          [36m<button[39m
            [33mclass[39m=[32m"btn btn--ghost "[39m
            [33mdata-testid[39m=[32m"arrival-record-meeting"[39m
            [33mtype[39m=[32m"button"[39m
          [36m>[39m
            [0mRecord meeting[0m
          [36m</button>[39m
          [36m<button[39m
            [33mclass[39m=[32m"btn btn--ghost "[39m
            [33mdata-testid[39m=[32m"arrival-schedule"[39m
            [33mtype[39m=[32m"button"[39m
          [36m>[39m
            [0mSchedule[0m
         ...
 ❯ Proxy.waitForWrapper ../../../web/node_modules/@testing-library/dom/dist/wait-for.js:163:27
 ❯ src/desk/chair/arrivalSummaryCompletion.test.tsx:325:11
    323|     emitRuntime("desk_changed");
    324|     await waitFor(() => expect(refresh).toHaveBeenCalledTimes(2));
    325|     await waitFor(() => expect(screen.getByTestId("meeting-summary-tex…
       |           ^
    326|       "The team reviewed the budget.",
    327|     ));

⎯⎯⎯⎯⎯⎯⎯⎯⎯⎯⎯⎯⎯⎯⎯⎯⎯⎯⎯⎯⎯⎯⎯[9/11]⎯

 FAIL  src/desk/chair/arrivalSummaryCompletion.test.tsx > PHILO-3-02 Arrival summary completion > keeps the durable receipt and producer cause through retry to terminal failure
Error: expect(element).toHaveTextContent()

Expected element to have text content:
  RETRYING
Received:
  QUEUED

Ignored nodes: comments, script, style
[36m<html>[39m
  [36m<head />[39m
  [36m<body>[39m
    [36m<div>[39m
      [36m<div[39m
        [33mclass[39m=[32m"chair"[39m
        [33mdata-testid[39m=[32m"chair"[39m
      [36m>[39m
        [36m<div[39m
          [33mclass[39m=[32m"arrival-headline"[39m
          [33mdata-testid[39m=[32m"arrival-headline"[39m
        [36m>[39m
          [36m<h1[39m
            [33mclass[39m=[32m"arrival-display arrival-display--muted"[39m
            [33mdata-testid[39m=[32m"arrival-display"[39m
          [36m>[39m
            [0mNothing needs you[0m
          [36m</h1>[39m
        [36m</div>[39m
        [36m<div[39m
          [33mdata-testid[39m=[32m"arrival-brief"[39m
        [36m>[39m
          [36m<section[39m
            [33mclass[39m=[32m"surface-section"[39m
          [36m>[39m
            [36m<header[39m
              [33mclass[39m=[32m"surface-section-head"[39m
            [36m>[39m
              [36m<h3>[39m
                [0mBRIEF[0m
              [36m</h3>[39m
              [36m<span[39m
                [33mclass[39m=[32m"gadget-chip gadget-chip-egress"[39m
                [33mdata-scope[39m=[32m"local"[39m
                [33mtitle[39m=[32m"The brief is built from this desk's own records."[39m
              [36m>[39m
                [0mTHIS DEVICE[0m
              [36m</span>[39m
              [36m<button[39m
                [33mclass[39m=[32m"btn btn--ghost btn--sm "[39m
                [33mdata-testid[39m=[32m"arrival-brief-generate"[39m
                [33mtype[39m=[32m"button"[39m
              [36m>[39m
                [0mGenerate[0m
              [36m</button>[39m
            [36m</header>[39m
            [36m<span[39m
              [33mclass[39m=[32m"arrival-brief-empty"[39m
            [36m>[39m
              [0mNo brief yet[0m
            [36m</span>[39m
          [36m</section>[39m
        [36m</div>[39m
        [36m<div[39m
          [33mdata-testid[39m=[32m"arrival-meetings"[39m
        [36m>[39m
          [36m<section[39m
            [33mclass[39m=[32m"surface-section"[39m
          [36m>[39m
            [36m<header[39m
              [33mclass[39m=[32m"surface-section-head"[39m
            [36m>[39m
              [36m<h3>[39m
                [0mMEETINGS 1[0m
              [36m</h3>[39m
            [36m</header>[39m
            [36m<div[39m
              [33mclass[39m=[32m"surface-ledger"[39m
              [33mdata-cols[39m=[32m"room"[39m
            [36m>[39m
              [36m<div[39m
                [33mclass[39m=[32m"surface-ledger-head"[39m
              [36m>[39m
                [36m<span[39m
                  [33mclass[39m=[32m"surface-ledger-count"[39m
                [36m/>[39m
              [36m</div>[39m
              [36m<li[39m
                [33mclass[39m=[32m"surface-ledger-row"[39m
                [33mdata-wrap[39m=[32m"true"[39m
              [36m>[39m
                [36m<div[39m
                  [33mclass[39m=[32m"surface-ledger-line"[39m
                  [33mdata-testid[39m=[32m"arrival-meeting-row"[39m
                  [33mrole[39m=[32m"button"[39m
                  [33mtabindex[39m=[32m"0"[39m
                [36m>[39m
                  [36m<span[39m
                    [33mclass[39m=[32m"surface-ledger-time"[39m
                  [36m>[39m
                    [0mAUG 10[0m
                  [36m</span>[39m
                  [36m<span[39m
                    [33mclass[39m=[32m"surface-ledger-primary"[39m
                  [36m>[39m
                    [0mArchitecture boundary review[0m
                  [36m</span>[39m
                  [36m<span[39m
                    [33mclass[39m=[32m"arrival-meeting-duration"[39m
                  [36m>[39m
                    [0m1 MIN[0m
                  [36m</span>[39m
                  [36m<span[39m
                    [33mclass[39m=[32m"arrival-meeting-badge"[39m
                    [33mdata-badge[39m=[32m"queued"[39m
                    [33mdata-testid[39m=[32m"arrival-meeting-badge"[39m
                  [36m>[39m
                    [0mQUEUED[0m
                  [36m</span>[39m
                  [36m<span[39m
                    [33mclass[39m=[32m"summary-route"[39m
                    [33mdata-testid[39m=[32m"arrival-attempts"[39m
                  [36m>[39m
                    [36m<span[39m
                      [33mclass[39m=[32m"gadget-chip gadget-chip-egress"[39m
                      [33mdata-scope[39m=[32m"local"[39m
                      [33mtitle[39m=[32m"The route for this face is not set."[39m
                    [36m>[39m
                      [0mTHIS DEVICE[0m
                    [36m</span>[39m
                    [36m<span[39m
                      [33mclass[39m=[32m"surface-token"[39m
                      [33mdata-chip[39m=[32m"true"[39m
                      [33mdata-tone[39m=[32m"danger"[39m
                    [36m>[39m
                      [0mFAILED[0m
                    [36m</span>[39m
                  [36m</span>[39m
                [36m</div>[39m
              [36m</li>[39m
            [36m</div>[39m
          [36m</section>[39m
        [36m</div>[39m
        [36m<footer[39m
          [33mclass[39m=[32m"arrival-capture-bar"[39m
          [33mdata-testid[39m=[32m"arrival-capture-bar"[39m
        [36m>[39m
          [36m<span[39m
            [33mclass[39m=[32m"arrival-capture-talk"[39m
          [36m/>[39m
          [36m<button[39m
            [33mclass[39m=[32m"btn btn--ghost "[39m
            [33mdata-testid[39m=[32m"arrival-develop-thought"[39m
            [33mtype[39m=[32m"button"[39m
          [36m>[39m
            [0mWrite a thought[0m
          [36m</button>[39m
          [36m<button[39m
            [33mclass[39m=[32m"btn btn--ghost "[39m
            [33mdata-testid[39m=[32m"arrival-record-meeting"[39m
            [33mtype[39m=[32m"button"[39m
          [36m>[39m
            [0mRecord meeting[0m
          [36m</button>[39m
          [36m<button[39m
            [33mclass[39m=[32m"btn btn--ghost "[39m
            [33mdata-testid[39m=[32m"arrival-schedule"[39m
            [33mtype[39m=[32m"button"[39m
          [36m>[39m
            [0mSchedule[0m
          [36m</button>[39m
        [36m</footer>[39m
      [36m</div>[39m
    [36m</div>[39m
  [36m</body>[39m
[36m</html>[39m...
 ❯ src/desk/chair/arrivalSummaryCompletion.test.tsx:380:77
    378|     fireEvent.click(await screen.findByTestId("arrival-run-intel"));
    379|     await waitFor(() => expect(refresh).toHaveBeenCalledTimes(1));
    380|     await waitFor(() => expect(screen.getByTestId("arrival-meeting-bad…
       |                                                                             ^
    381|     expect(screen.getByTestId("arrival-attempts")).toHaveTextContent("…
    382|     expect(screen.getByTestId("arrival-summary-status")).toHaveTextCon…
 ❯ runWithExpensiveErrorDiagnosticsDisabled ../../../web/node_modules/@testing-library/dom/dist/config.js:47:12
 ❯ checkCallback ../../../web/node_modules/@testing-library/dom/dist/wait-for.js:124:77
 ❯ Timeout.checkRealTimersCallback ../../../web/node_modules/@testing-library/dom/dist/wait-for.js:118:16

⎯⎯⎯⎯⎯⎯⎯⎯⎯⎯⎯⎯⎯⎯⎯⎯⎯⎯⎯⎯⎯⎯[10/11]⎯

 FAIL  src/desk/chair/arrivalSummaryCompletion.test.tsx > PHILO-3-02 Arrival summary completion > refreshes running to ready to retry to failed from desk_changed and keeps durable receipts
TestingLibraryElementError: Unable to find an element by: [data-testid="meeting-summary-text"]

Ignored nodes: comments, script, style
[36m<body>[39m
  [36m<div>[39m
    [36m<div[39m
      [33mclass[39m=[32m"chair"[39m
      [33mdata-testid[39m=[32m"chair"[39m
    [36m>[39m
      [36m<div[39m
        [33mclass[39m=[32m"arrival-headline"[39m
        [33mdata-testid[39m=[32m"arrival-headline"[39m
      [36m>[39m
        [36m<h1[39m
          [33mclass[39m=[32m"arrival-display arrival-display--muted"[39m
          [33mdata-testid[39m=[32m"arrival-display"[39m
        [36m>[39m
          [0mNothing needs you[0m
        [36m</h1>[39m
      [36m</div>[39m
      [36m<div[39m
        [33mdata-testid[39m=[32m"arrival-brief"[39m
      [36m>[39m
        [36m<section[39m
          [33mclass[39m=[32m"surface-section"[39m
        [36m>[39m
          [36m<header[39m
            [33mclass[39m=[32m"surface-section-head"[39m
          [36m>[39m
            [36m<h3>[39m
              [0mBRIEF[0m
            [36m</h3>[39m
            [36m<span[39m
              [33mclass[39m=[32m"gadget-chip gadget-chip-egress"[39m
              [33mdata-scope[39m=[32m"local"[39m
              [33mtitle[39m=[32m"The brief is built from this desk's own records."[39m
            [36m>[39m
              [0mTHIS DEVICE[0m
            [36m</span>[39m
            [36m<button[39m
              [33mclass[39m=[32m"btn btn--ghost btn--sm "[39m
              [33mdata-testid[39m=[32m"arrival-brief-generate"[39m
              [33mtype[39m=[32m"button"[39m
            [36m>[39m
              [0mGenerate[0m
            [36m</button>[39m
          [36m</header>[39m
          [36m<span[39m
            [33mclass[39m=[32m"arrival-brief-empty"[39m
          [36m>[39m
            [0mNo brief yet[0m
          [36m</span>[39m
        [36m</section>[39m
      [36m</div>[39m
      [36m<div[39m
        [33mdata-testid[39m=[32m"arrival-meetings"[39m
      [36m>[39m
        [36m<section[39m
          [33mclass[39m=[32m"surface-section"[39m
        [36m>[39m
          [36m<header[39m
            [33mclass[39m=[32m"surface-section-head"[39m
          [36m>[39m
            [36m<h3>[39m
              [0mMEETINGS 1[0m
            [36m</h3>[39m
          [36m</header>[39m
          [36m<div[39m
            [33mclass[39m=[32m"surface-ledger"[39m
            [33mdata-cols[39m=[32m"room"[39m
          [36m>[39m
            [36m<div[39m
              [33mclass[39m=[32m"surface-ledger-head"[39m
            [36m>[39m
              [36m<span[39m
                [33mclass[39m=[32m"surface-ledger-count"[39m
              [36m/>[39m
            [36m</div>[39m
            [36m<li[39m
              [33mclass[39m=[32m"surface-ledger-row"[39m
              [33mdata-wrap[39m=[32m"true"[39m
            [36m>[39m
              [36m<div[39m
                [33mclass[39m=[32m"surface-ledger-line"[39m
                [33mdata-has-trailing[39m=[32m"true"[39m
                [33mdata-testid[39m=[32m"arrival-meeting-row"[39m
                [33mrole[39m=[32m"button"[39m
                [33mtabindex[39m=[32m"0"[39m
              [36m>[39m
                [36m<span[39m
                  [33mclass[39m=[32m"surface-ledger-time"[39m
                [36m>[39m
                  [0mAUG 10[0m
                [36m</span>[39m
                [36m<span[39m
                  [33mclass[39m=[32m"surface-ledger-primary"[39m
                [36m>[39m
                  [0mArchitecture boundary review[0m
                [36m</span>[39m
                [36m<span[39m
                  [33mclass[39m=[32m"arrival-meeting-duration"[39m
                [36m>[39m
                  [0m1 MIN[0m
                [36m</span>[39m
                [36m<span[39m
                  [33maria-label[39m=[32m"RAN"[39m
                  [33mclass[39m=[32m"surface-state-chip"[39m
                  [33mdata-state[39m=[32m"success"[39m
                  [33mrole[39m=[32m"status"[39m
                [36m>[39m
                  [36m<span[39m
                    [33maria-hidden[39m=[32m"true"[39m
                    [33mclass[39m=[32m"surface-state-chip-icon"[39m
                  [36m>[39m
                    [0m●[0m
                  [36m</span>[39m
                  [0mRAN[0m
                [36m</span>[39m
                [36m<span[39m
                  [33mclass[39m=[32m"summary-route"[39m
                  [33mdata-testid[39m=[32m"arrival-attempts"[39m
                [36m>[39m
                  [36m<span[39m
                    [33mclass[39m=[32m"gadget-chip gadget-chip-egress"[39m
                    [33mdata-scope[39m=[32m"local"[39m
                    [33mtitle[39m=[32m"The route for this face is not set."[39m
                  [36m>[39m
                    [0mTHIS DEVICE[0m
                  [36m</span>[39m
                [36m</span>[39m
                [36m<span[39m
                  [33mclass[39m=[32m"surface-ledger-trailing"[39m
                [36m>[39m
                  [36m<button[39m
                    [33mclass[39m=[32m"btn btn--ghost btn--sm "[39m
                    [33mtype[39m=[32m"button"[39m
                  [36m>[39m
                    [0mOpen[0m
                  [36m</button>[39m
                [36m</span>[39m
              [36m</div>[39m
            [36m</li>[39m
          [36m</div>[39m
        [36m</section>[39m
      [36m</div>[39m
      [36m<footer[39m
        [33mclass[39m=[32m"arrival-capture-bar"[39m
        [33mdata-testid[39m=[32m"arrival-capture-bar"[39m
      [36m>[39m
        [36m<span[39m
          [33mclass[39m=[32m"arrival-capture-talk"[39m
        [36m/>[39m
        [36m<button[39m
          [33mclass[39m=[32m"btn btn--ghost "[39m
          [33mdata-testid[39m=[32m"arrival-develop-thought"[39m
          [33mtype[39m=[32m"button"[39m
        [36m>[39m
          [0mWrite a thought[0m
        [36m</button>[39m
        [36m<button[39m
          [33mclass[39m=[32m"btn btn--ghost "[39m
          [33mdata-testid[39m=[32m"arrival-record-meeting"[39m
          [33mtype[39m=[32m"button"[39m
        [36m>[39m
          [0mRecord meeting[0m
        [36m</button>[39m
        [36m<button[39m
          [33mclass[39m=[32m"btn btn--ghost "[39m
          [33mdata-testid[39m=[32m"arrival-schedule"[39m
          [33mtype[39m=[32m"button"[39m
        [36m>[39m
          [0mSchedule[0m
        [36m</button>[39m
      [36m</footer>[39m
    [36m</div>[39m
  [36m</div>[39m
[36m</body>[39m

Ignored nodes: comments, script, style
[36m<html>[39m
  [36m<head />[39m
  [36m<body>[39m
    [36m<div>[39m
      [36m<div[39m
        [33mclass[39m=[32m"chair"[39m
        [33mdata-testid[39m=[32m"chair"[39m
      [36m>[39m
        [36m<div[39m
          [33mclass[39m=[32m"arrival-headline"[39m
          [33mdata-testid[39m=[32m"arrival-headline"[39m
        [36m>[39m
          [36m<h1[39m
            [33mclass[39m=[32m"arrival-display arrival-display--muted"[39m
            [33mdata-testid[39m=[32m"arrival-display"[39m
          [36m>[39m
            [0mNothing needs you[0m
          [36m</h1>[39m
        [36m</div>[39m
        [36m<div[39m
          [33mdata-testid[39m=[32m"arrival-brief"[39m
        [36m>[39m
          [36m<section[39m
            [33mclass[39m=[32m"surface-section"[39m
          [36m>[39m
            [36m<header[39m
              [33mclass[39m=[32m"surface-section-head"[39m
            [36m>[39m
              [36m<h3>[39m
                [0mBRIEF[0m
              [36m</h3>[39m
              [36m<span[39m
                [33mclass[39m=[32m"gadget-chip gadget-chip-egress"[39m
                [33mdata-scope[39m=[32m"local"[39m
                [33mtitle[39m=[32m"The brief is built from this desk's own records."[39m
              [36m>[39m
                [0mTHIS DEVICE[0m
              [36m</span>[39m
              [36m<button[39m
                [33mclass[39m=[32m"btn btn--ghost btn--sm "[39m
                [33mdata-testid[39m=[32m"arrival-brief-generate"[39m
                [33mtype[39m=[32m"button"[39m
              [36m>[39m
                [0mGenerate[0m
              [36m</button>[39m
            [36m</header>[39m
            [36m<span[39m
              [33mclass[39m=[32m"arrival-brief-empty"[39m
            [36m>[39m
              [0mNo brief yet[0m
            [36m</span>[39m
          [36m</section>[39m
        [36m</div>[39m
        [36m<div[39m
          [33mdata-testid[39m=[32m"arrival-meetings"[39m
        [36m>[39m
          [36m<section[39m
            [33mclass[39m=[32m"surface-section"[39m
          [36m>[39m
            [36m<header[39m
              [33mclass[39m=[32m"surface-section-head"[39m
            [36m>[39m
              [36m<h3>[39m
                [0mMEETINGS 1[0m
              [36m</h3>[39m
            [36m</header>[39m
            [36m<div[39m
              [33mclass[39m=[32m"surface-ledger"[39m
              [33mdata-cols[39m=[32m"room"[39m
            [36m>[39m
              [36m<div[39m
                [33mclass[39m=[32m"surface-ledger-head"[39m
              [36m>[39m
                [36m<span[39m
                  [33mclass[39m=[32m"surface-ledger-count"[39m
                [36m/>[39m
              [36m</div>[39m
              [36m<li[39m
                [33mclass[39m=[32m"surface-ledger-row"[39m
                [33mdata-wrap[39m=[32m"true"[39m
              [36m>[39m
                [36m<div[39m
                  [33mclass[39m=[32m"surface-ledger-line"[39m
                  [33mdata-has-trailing[39m=[32m"true"[39m
                  [33mdata-testid[39m=[32m"arrival-meeting-row"[39m
                  [33mrole[39m=[32m"button"[39m
                  [33mtabindex[39m=[32m"0"[39m
                [36m>[39m
                  [36m<span[39m
                    [33mclass[39m=[32m"surface-ledger-time"[39m
                  [36m>[39m
                    [0mAUG 10[0m
                  [36m</span>[39m
                  [36m<span[39m
                    [33mclass[39m=[32m"surface-ledger-primary"[39m
                  [36m>[39m
                    [0mArchitecture boundary review[0m
                  [36m</span>[39m
                  [36m<span[39m
                    [33mclass[39m=[32m"arrival-meeting-duration"[39m
                  [36m>[39m
                    [0m1 MIN[0m
                  [36m</span>[39m
                  [36m<span[39m
                    [33maria-label[39m=[32m"RAN"[39m
                    [33mclass[39m=[32m"surface-state-chip"[39m
                    [33mdata-state[39m=[32m"success"[39m
                    [33mrole[39m=[32m"status"[39m
                  [36m>[39m
                    [36m<span[39m
                      [33maria-hidden[39m=[32m"true"[39m
                      [33mclass[39m=[32m"surface-state-chip-icon"[39m
                    [36m>[39m
                      [0m●[0m
                    [36m</span>[39m
                    [0mRAN[0m
                  [36m</span>[39m
                  [36m<span[39m
                    [33mclass[39m=[32m"summary-route"[39m
                    [33mdata-testid[39m=[32m"arrival-attempts"[39m
                  [36m>[39m
                    [36m<span[39m
                      [33mclass[39m=[32m"gadget-chip gadget-chip-egress"[39m
                      [33mdata-scope[39m=[32m"local"[39m
                      [33mtitle[39m=[32m"The route for this face is not set."[39m
                    [36m>[39m
                      [0mTHIS DEVICE[0m
                    [36m</span>[39m
                  [36m</span>[39m
                  [36m<span[39m
                    [33mclass[39m=[32m"surface-ledger-trailing"[39m
                  [36m>[39m
                    [36m<button[39m
                      [33mclass[39m=[32m"btn btn--ghost btn--sm "[39m
                      [33mtype[39m=[32m"button"[39m
                    [36m>[39m
                      [0mOpen[0m
                    [36m</button>[39m
                  [36m</span>[39m
                [36m</div>[39m
              [36m</li>[39m
            [36m</div>[39m
          [36m</section>[39m
        [36m</div>[39m
        [36m<footer[39m
          [33mclass[39m=[32m"arrival-capture-bar"[39m
          [33mdata-testid[39m=[32m"arrival-capture-bar"[39m
        [36m>[39m
          [36m<span[39m
            [33mclass[39m=[32m"arrival-capture-talk"[39m
          [36m/>[39m
          [36m<button[39m
            [33mclass[39m=[32m"btn btn--ghost "[39m
            [33mdata-testid[39m=[32m"arrival-develop-thought"[39m
            [33mtype[39m=[32m"button"[39m
          [36m>[39m
            [0mWrite a thought[0m
          [36m</button>[39m
          [36m<button[39m
            [33mclass[39m=[32m"btn btn--ghost "[39m
            [33mdata-testid[39m=[32m"arrival-record-meeting"[39m
            [33mtype[39m=[32m"button"[39m
          [36m>[39m
            [0mRecord meeting[0m
          [36m</button>[39m
          [36m<button[39m
            [33mclass[39m=[32m"btn btn--ghost "[39m
            [33mdata-testid[39m=[32m"arrival-schedule"[39m
            [33mtype[39m=[32m"button"[39m
          [36m>[39m
            [0mSchedule[0m
         ...
 ❯ Proxy.waitForWrapper ../../../web/node_modules/@testing-library/dom/dist/wait-for.js:163:27
 ❯ src/desk/chair/arrivalSummaryCompletion.test.tsx:445:11
    443|     emitRuntime("desk_changed");
    444|     await waitFor(() => expect(refresh).toHaveBeenCalledTimes(1), { ti…
    445|     await waitFor(() => expect(screen.getByTestId("meeting-summary-tex…
       |           ^
    446|     expect(screen.getByTestId("arrival-attempts")).toHaveTextContent("…
    447|

⎯⎯⎯⎯⎯⎯⎯⎯⎯⎯⎯⎯⎯⎯⎯⎯⎯⎯⎯⎯⎯⎯[11/11]⎯


 Test Files  1 failed (1)
      Tests  11 failed (11)
   Start at  09:53:51
   Duration  11.48s (transform 321ms, setup 54ms, import 431ms, tests 10.76s, environment 163ms)

