FFFFFFFF.FFFFFFFFFFFFFFFFFFFFFFFFFFFFFFFFFFFFFFFFFFFFFFFFFFFFFFFFFFFFFFF [ 73%]
FFFFFFFFFFFFFF.FFFFFFFFFFF                                               [100%]
=================================== FAILURES ===================================
_________ test_a_real_broadcast_reaches_the_presence_card_via_the_bus __________

browser = <Browser type=<BrowserType name=chromium executable_path=/Users/karol/Library/Caches/ms-playwright/chromium-1200/chrome-mac-arm64/Google Chrome for Testing.app/Contents/MacOS/Google Chrome for Testing> version=143.0.7499.4>

    def test_a_real_broadcast_reaches_the_presence_card_via_the_bus(browser):
        server = _make_server()
        uv = _Uvicorn(server.app)
        uv.start()
        try:
            page = browser.new_page()
            page.goto(_page_url("/presence"), wait_until="networkidle")
            page.wait_for_timeout(800)
            server.broadcast(
                "runtime_activity",
                {
                    "state": "transcribing",
                    "label": "Transcribing",
                    "source": "dictation",
                    "window": {"visible": True},
                },
            )
>           page.wait_for_function(
                "() => document.querySelector('.presence-card strong')"
                " && document.querySelector('.presence-card strong').textContent.includes('Transcribing')",
                timeout=8000,
            )

tests/e2e/test_live_bus.py:158: 
_ _ _ _ _ _ _ _ _ _ _ _ _ _ _ _ _ _ _ _ _ _ _ _ _ _ _ _ _ _ _ _ _ _ _ _ _ _ _ _ 
.venv/lib/python3.13/site-packages/playwright/sync_api/_generated.py:11595: in wait_for_function
    self._sync(
.venv/lib/python3.13/site-packages/playwright/_impl/_page.py:1110: in wait_for_function
    return await self._main_frame.wait_for_function(**locals_to_params(locals()))
           ^^^^^^^^^^^^^^^^^^^^^^^^^^^^^^^^^^^^^^^^^^^^^^^^^^^^^^^^^^^^^^^^^^^^^^
.venv/lib/python3.13/site-packages/playwright/_impl/_frame.py:878: in wait_for_function
    await self._channel.send("waitForFunction", self._timeout, params)
.venv/lib/python3.13/site-packages/playwright/_impl/_connection.py:69: in send
    return await self._connection.wrap_api_call(
_ _ _ _ _ _ _ _ _ _ _ _ _ _ _ _ _ _ _ _ _ _ _ _ _ _ _ _ _ _ _ _ _ _ _ _ _ _ _ _ 

self = <playwright._impl._connection.Connection object at 0x10ed33e00>
cb = <function Channel.send.<locals>.<lambda> at 0x10fe44e00>
is_internal = False, title = None

    async def wrap_api_call(
        self, cb: Callable[[], Any], is_internal: bool = False, title: str = None
    ) -> Any:
        if self._api_zone.get():
            return await cb()
        task = asyncio.current_task(self._loop)
        st: List[inspect.FrameInfo] = getattr(
            task, "__pw_stack__", None
        ) or inspect.stack(0)
    
        parsed_st = _extract_stack_trace_information_from_stack(st, is_internal, title)
        self._api_zone.set(parsed_st)
        try:
            return await cb()
        except Exception as error:
>           raise rewrite_error(error, f"{parsed_st['apiName']}: {error}") from None
E           playwright._impl._errors.TimeoutError: Page.wait_for_function: Timeout 8000ms exceeded.

.venv/lib/python3.13/site-packages/playwright/_impl/_connection.py:559: TimeoutError
________________ test_the_bus_reconnects_after_a_server_restart ________________

browser = <Browser type=<BrowserType name=chromium executable_path=/Users/karol/Library/Caches/ms-playwright/chromium-1200/chrome-mac-arm64/Google Chrome for Testing.app/Contents/MacOS/Google Chrome for Testing> version=143.0.7499.4>

    def test_the_bus_reconnects_after_a_server_restart(browser):
        server = _make_server()
        uv = _Uvicorn(server.app)
        uv.start()
        page = browser.new_page()
        sockets: list[str] = []
        page.on("websocket", lambda ws: sockets.append(ws.url))
        try:
            page.goto(_page_url("/presence"), wait_until="networkidle")
            page.wait_for_timeout(1000)
            first = sum(1 for u in sockets if u.rstrip("/").endswith("/ws"))
            assert first == 1
            uv.stop()
            page.wait_for_timeout(500)
    
            server2 = _make_server()
            uv2 = _Uvicorn(server2.app)
            uv2.start()
            try:
                deadline = time.time() + 20
                while time.time() < deadline:
                    total = sum(1 for u in sockets if u.rstrip("/").endswith("/ws"))
                    if total >= 2:
                        break
                    page.wait_for_timeout(300)
                total = sum(1 for u in sockets if u.rstrip("/").endswith("/ws"))
                assert total >= 2, "the bus never reopened a socket after restart"
                # The reconnected stream is live: a broadcast lands on the card.
                page.wait_for_timeout(500)
                server2.broadcast(
                    "runtime_activity",
                    {"state": "recording", "label": "Recording", "window": {"visible": True}},
                )
>               page.wait_for_function(
                    "() => document.querySelector('.presence-card strong')"
                    " && document.querySelector('.presence-card strong').textContent.includes('Recording')",
                    timeout=8000,
                )

tests/e2e/test_live_bus.py:201: 
_ _ _ _ _ _ _ _ _ _ _ _ _ _ _ _ _ _ _ _ _ _ _ _ _ _ _ _ _ _ _ _ _ _ _ _ _ _ _ _ 
.venv/lib/python3.13/site-packages/playwright/sync_api/_generated.py:11595: in wait_for_function
    self._sync(
.venv/lib/python3.13/site-packages/playwright/_impl/_page.py:1110: in wait_for_function
    return await self._main_frame.wait_for_function(**locals_to_params(locals()))
           ^^^^^^^^^^^^^^^^^^^^^^^^^^^^^^^^^^^^^^^^^^^^^^^^^^^^^^^^^^^^^^^^^^^^^^
.venv/lib/python3.13/site-packages/playwright/_impl/_frame.py:878: in wait_for_function
    await self._channel.send("waitForFunction", self._timeout, params)
.venv/lib/python3.13/site-packages/playwright/_impl/_connection.py:69: in send
    return await self._connection.wrap_api_call(
_ _ _ _ _ _ _ _ _ _ _ _ _ _ _ _ _ _ _ _ _ _ _ _ _ _ _ _ _ _ _ _ _ _ _ _ _ _ _ _ 

self = <playwright._impl._connection.Connection object at 0x10ed33e00>
cb = <function Channel.send.<locals>.<lambda> at 0x10fb2ea20>
is_internal = False, title = None

    async def wrap_api_call(
        self, cb: Callable[[], Any], is_internal: bool = False, title: str = None
    ) -> Any:
        if self._api_zone.get():
            return await cb()
        task = asyncio.current_task(self._loop)
        st: List[inspect.FrameInfo] = getattr(
            task, "__pw_stack__", None
        ) or inspect.stack(0)
    
        parsed_st = _extract_stack_trace_information_from_stack(st, is_internal, title)
        self._api_zone.set(parsed_st)
        try:
            return await cb()
        except Exception as error:
>           raise rewrite_error(error, f"{parsed_st['apiName']}: {error}") from None
E           playwright._impl._errors.TimeoutError: Page.wait_for_function: Timeout 8000ms exceeded.

.venv/lib/python3.13/site-packages/playwright/_impl/_connection.py:559: TimeoutError
___________ test_qlippy_events_mirror_the_dashboard_decision_exactly ___________

    def test_qlippy_events_mirror_the_dashboard_decision_exactly():
        repo = Path(__file__).resolve().parents[2]
        events = (repo / "web/src/components/AmbientLayer.tsx").read_text()
        history = (repo / "web/src/pages/cores/HistoryCore.tsx").read_text()
        assert "/proposals/${encodeURIComponent(String(card.id))}/decision" in events
        assert "json: { decision }" in events
>       assert "json: { decision }" in history
E       assert 'json: { decision }' in 'import { SurfaceFooter } from "../../desk/surface/SurfaceFooter";\n// HS-117-09 — decomposed shell: sub-components li...{() => void removeSelected()}\n            />\n          </span>\n        ) : null}\n      </>} />\n    </>\n  );\n}\n'

tests/integration/test_actuator_presence_broadcasts.py:213: AssertionError
___________________ test_reply_delivers_into_pane_and_closes ___________________

client = (<starlette.testclient.TestClient object at 0x10ed33620>, <holdspeak.db.core.Database object at 0x10f7b3250>)
monkeypatch = <_pytest.monkeypatch.MonkeyPatch object at 0x10fb24d10>

    def test_reply_delivers_into_pane_and_closes(client, monkeypatch):
        c, db = client
        sent = {}
        monkeypatch.setattr(agent_context, "list_recent_awaiting_agent_sessions", lambda **k: [_Sess()])
        monkeypatch.setattr(
            "holdspeak.delivery.direct_gesture_input.submit_process_input_from_owner_gesture",
            lambda **kw: (
                sent.update(kw)
                or {"operation_id": "op_cadence", "command_id": "cmd_cadence"}
            ),
        )
        loop_id = db.cadence.get_loop_by_source("agent_question", "sess-1").id
        r = c.post(f"/api/cadence/loops/{loop_id}/reply", json={"text": "Use SQLite; add a migration."})
>       assert r.status_code == 200 and r.json()["delivered"] is True
E       assert (404 == 200)
E        +  where 404 = <Response [404 Not Found]>.status_code

tests/integration/test_cadence_agent.py:94: AssertionError
___________ test_reply_rejects_empty_and_non_agent_and_missing_pane ____________

client = (<starlette.testclient.TestClient object at 0x10f96f250>, <holdspeak.db.core.Database object at 0x10f87b390>)
monkeypatch = <_pytest.monkeypatch.MonkeyPatch object at 0x10fb41ae0>

    def test_reply_rejects_empty_and_non_agent_and_missing_pane(client, monkeypatch):
        c, db = client
        agent_id = db.cadence.get_loop_by_source("agent_question", "sess-1").id
        action_id = db.cadence.get_loop_by_source("meeting_action", "a1").id
        # empty text
>       assert c.post(f"/api/cadence/loops/{agent_id}/reply", json={"text": "  "}).status_code == 400
E       AssertionError: assert 404 == 400
E        +  where 404 = <Response [404 Not Found]>.status_code
E        +    where <Response [404 Not Found]> = post('/api/cadence/loops/b79e2bc37dfd41f49dbf9ebca313cd97/reply', json={'text': '  '})
E        +      where post = <starlette.testclient.TestClient object at 0x10f96f250>.post

tests/integration/test_cadence_agent.py:104: AssertionError
_______________ test_v32_migration_adds_decision_moment_columns ________________

tmp_path = PosixPath('/private/var/folders/q7/5dzz5g2116b3lq8rhg7hwjrr0000gn/T/pytest-of-karol/pytest-750/test_v32_migration_adds_decisi0')

    def test_v32_migration_adds_decision_moment_columns(tmp_path: Path) -> None:
        path = tmp_path / "v30.db"
        seeded = Database(path)
        with seeded._connection() as conn:
            conn.execute("ALTER TABLE decisions DROP COLUMN provenance_label")
            conn.execute("ALTER TABLE decisions DROP COLUMN source_timestamp")
            conn.execute("DELETE FROM schema_version")
            conn.execute("INSERT INTO schema_version(version) VALUES (30)")
    
        migrated = Database(path)
        with migrated._connection() as conn:
            columns = {row[1] for row in conn.execute("PRAGMA table_info(decisions)")}
            version = conn.execute("SELECT MAX(version) FROM schema_version").fetchone()[0]
        assert {"source_timestamp", "provenance_label"}.issubset(columns)
>       assert version == 32
E       assert 42 == 32

tests/integration/test_decision_records.py:240: AssertionError
------------------------------ Captured log call -------------------------------
WARNING  holdspeak.db:core.py:161 Database at /private/var/folders/q7/5dzz5g2116b3lq8rhg7hwjrr0000gn/T/pytest-of-karol/pytest-750/test_v32_migration_adds_decisi0/v30.db is schema version 30; this build is 42. Backed up to /private/var/folders/q7/5dzz5g2116b3lq8rhg7hwjrr0000gn/T/pytest-of-karol/pytest-750/test_v32_migration_adds_decisi0/v30.db.20260808-173631.bak before applying the schema.
_______ test_model_promotion_admits_before_generation_and_leaves_receipt _______

tmp_path = PosixPath('/private/var/folders/q7/5dzz5g2116b3lq8rhg7hwjrr0000gn/T/pytest-of-karol/pytest-750/test_model_promotion_admits_be0')
monkeypatch = <_pytest.monkeypatch.MonkeyPatch object at 0x10fd0ec50>

    def test_model_promotion_admits_before_generation_and_leaves_receipt(
        tmp_path: Path, monkeypatch
    ) -> None:
        import holdspeak.web.routes.decisions as route_module
        from holdspeak.kernel.runtime import _configure
    
        db = Database(tmp_path / "model-promotion.db")
        _meeting(db, "meeting-1", "2026-07-01T10:00:00")
        _artifact(db, "artifact-1", "meeting-1", "Use the bounded inference spine")
        decision = db.decisions.list()[0]
        db.decisions.accept(decision.id, actor="owner-session")
        broker = _configure(db)
        events: list[str] = []
        original_submit = broker.submit
        original_decide = broker.decide
    
        def tracked_submit(*args, **kwargs):
            events.append("submit")
            return original_submit(*args, **kwargs)
    
        def tracked_decide(*args, **kwargs):
            events.append("decide")
            return original_decide(*args, **kwargs)
    
        class FakeIntel:
            active_provider = "fake"
    
        async def fake_generate(_db, _target, _prompt):
            # Generation can only be entered after the operation was admitted and approved.
            assert events == ["submit", "decide"]
            events.append("generate")
            return "# Draft ADR\n\nGenerated for owner review.", FakeIntel()
    
        monkeypatch.setattr(broker, "submit", tracked_submit)
        monkeypatch.setattr(broker, "decide", tracked_decide)
        monkeypatch.setattr(route_module, "_kernel_service", lambda: broker)
        monkeypatch.setattr(route_module, "_generate_with_model", fake_generate)
        owner = _promotion_client(db, monkeypatch)
    
        response = owner.post(
            f"/api/decisions/{decision.id}/promote/adr/draft-with-model",
            json={"inference_target_id": "this_machine"},
        )
>       assert response.status_code == 200, response.text
E       AssertionError: {"error":"model file not found: ~/Models/mlx/Qwen3.5-8B-MLX-4bit or ~/Models/gguf/Qwen3.5-4B-Instruct-Q4_K_M.gguf","code":"inference_target_unavailable","inference_target":{"version":1,"id":"this_machine","profile_id":null,"name":"This device","kind":"this_device","boundary":"same_device","owner":"you","transport":"in_process","data_scope":{"sent":["instruction","selected_context","grounding"],"returned":["generated_output"]},"engine":"configured_local_engine","model":"","context_limit":16384,"readiness":{"state":"unavailable","available":false,"reason":"model file not found: ~/Models/mlx/Qwen3.5-8B-MLX-4bit or ~/Models/gguf/Qwen3.5-4B-Instruct-Q4_K_M.gguf","recovery":{"reason":"model file not found: ~/Models/mlx/Qwen3.5-8B-MLX-4bit or ~/Models/gguf/Qwen3.5-4B-Instruct-Q4_K_M.gguf","action":"choose_alternate_target","alternate_target_id":"this_machine"}},"secret":{"required":false,"present":false},"profile_alias":{"resource":"profile","version":1,"id":null}},"alternate_target_id":"this_machine","invocation":{"id":"invocation_89388cdd5fb3480190634ebc114eb659","correlation_id":"invocation_89388cdd5fb3480190634ebc114eb659","definition_ref":"program:decision-promotion-v1","initiator":"owner","grounding_refs":["decision:dec-f44fc612dda156bb0acb","meeting:meeting-1"],"requested_placement":"this_machine","input_snapshot":{"artifact_type":"adr","decision_id":"dec-f44fc612dda156bb0acb"},"state":"unavailable","result_ref":null,"error":"model file not found: ~/Models/mlx/Qwen3.5-8B-MLX-4bit or ~/Models/gguf/Qwen3.5-4B-Instruct-Q4_K_M.gguf","created_at":"2026-08-08T23:36:31Z","updated_at":"2026-08-08T23:36:31Z","completed_at":"2026-08-08T23:36:31Z","attempts":[{"id":"attempt_54d309f184ba","invocation_id":"invocation_89388cdd5fb3480190634ebc114eb659","attempt_index":1,"destination":"this_machine","actual_placement":{"boundary":"same_device","data_classes":["instruction","selected_context","grounding","generated_output"],"engine":"configured_local_engine","fallback_reason":null,"model":"","owner":"you","target_id":"this_machine","target_kind":"this_device","target_name":"This device","transport":"in_process"},"provider":null,"state":"failed","error":"model file not found: ~/Models/mlx/Qwen3.5-8B-MLX-4bit or ~/Models/gguf/Qwen3.5-4B-Instruct-Q4_K_M.gguf","result_ref":null,"started_at":"2026-08-08T23:36:31Z","completed_at":"2026-08-08T23:36:31Z"}]}}
E       assert 409 == 200
E        +  where 409 = <Response [409 Conflict]>.status_code

tests/integration/test_decision_records.py:446: AssertionError
______ test_superseded_promotion_route_names_successor_without_model_call ______

tmp_path = PosixPath('/private/var/folders/q7/5dzz5g2116b3lq8rhg7hwjrr0000gn/T/pytest-of-karol/pytest-750/test_superseded_promotion_rout0')
monkeypatch = <_pytest.monkeypatch.MonkeyPatch object at 0x1116ec050>

    def test_superseded_promotion_route_names_successor_without_model_call(
        tmp_path: Path, monkeypatch
    ) -> None:
        import holdspeak.web.routes.decisions as route_module
    
        db = Database(tmp_path / "refused-model-promotion.db")
        _meeting(db, "meeting-1", "2026-07-01T10:00:00")
        db.plugins.record_artifact(
            artifact_id="artifact-1",
            meeting_id="meeting-1",
            artifact_type="decisions",
            title="Decisions",
            structured_json={
                "decisions": [
                    {"decision": "Old direction"},
                    {"decision": "Successor direction"},
                ]
            },
            plugin_id="decision_capture",
        )
        rows = {row.text: row for row in db.decisions.list()}
        old, successor = rows["Old direction"], rows["Successor direction"]
        db.decisions.accept(old.id, actor="owner-session")
        db.decisions.supersede(old.id, successor.id, actor="owner-session")
        calls = 0
    
        async def forbidden_generation(*args, **kwargs):
            nonlocal calls
            calls += 1
            raise AssertionError("model called without admission")
    
        monkeypatch.setattr(route_module, "_generate_with_model", forbidden_generation)
        owner = _promotion_client(db, monkeypatch)
        response = owner.post(
            f"/api/decisions/{old.id}/promote/adr/draft-with-model",
            json={"inference_target_id": "this_machine"},
        )
        assert response.status_code == 409
>       assert response.json()["detail"] == (
               ^^^^^^^^^^^^^^^^^^^^^^^^^
            f"superseded by {successor.id} — promote that one"
        )
E       KeyError: 'detail'

tests/integration/test_decision_records.py:497: KeyError
_____________________ test_journal_card_has_replay_action ______________________

persistent_db = <holdspeak.db.core.Database object at 0x1107fa5d0>

    def test_journal_card_has_replay_action(persistent_db: Database) -> None:
        """The Replay action + before/after styles ship in the page/bundle."""
        client = _client(persistent_db)
        body = client.get("/dictation").text
        assert '<div id="root"></div>' in body
        source = (Path(__file__).resolve().parents[2] / "web/src/pages/cores/DictationCore.tsx").read_text()
>       assert "/replay" in source and "replayResult" in source
E       assert ('/replay' in "// HS-95-05 — the Dictation surface's core, hosted anywhere.\n// HS-98-02 — re-crafted native on the window material....> void exportJournal()}\n          >\n            Export\n          </button>\n        }\n      />\n    </>\n  );\n}\n")

tests/integration/test_dictation_journal_replay.py:180: AssertionError
________________ test_moment_affordance_present_and_focus_safe _________________

persistent_db = <holdspeak.db.core.Database object at 0x11055e210>

    def test_moment_affordance_present_and_focus_safe(persistent_db: Database) -> None:
        client = _client(persistent_db)
        body = client.get("/dictation").text
        assert '<div id="root"></div>' in body
        source = (Path(__file__).resolve().parents[2] / "web/src/pages/cores/DictationCore.tsx").read_text()
>       assert "Correct this result" in source
E       assert 'Correct this result' in "// HS-95-05 — the Dictation surface's core, hosted anywhere.\n// HS-98-02 — re-crafted native on the window material....> void exportJournal()}\n          >\n            Export\n          </button>\n        }\n      />\n    </>\n  );\n}\n"

tests/integration/test_dictation_moment_of_truth.py:213: AssertionError
__________________ test_history_buttons_are_gated_on_the_flag __________________

    def test_history_buttons_are_gated_on_the_flag():
        page = " ".join(
            (_REPO / "web/src/pages/cores/HistoryCore.tsx").read_text().split()
        )
        # HS-111-03: the two prose Slack buttons became AFTERCARE gadget
        # rows (DIGEST → SLACK / FOLLOW-UP → SLACK, verb SEND); the wiring
        # and the capability gate are unchanged.
>       assert "DIGEST → SLACK" in page and "FOLLOW-UP → SLACK" in page
E       assert ('DIGEST → SLACK' in 'import { SurfaceFooter } from "../../desk/surface/SurfaceFooter"; // HS-117-09 — decomposed shell: sub-components liv..." confirmLabel="Delete?" busy={removing} onConfirm={() => void removeSelected()} /> </span> ) : null} </>} /> </> ); }')

tests/integration/test_history_slack_surfaces.py:130: AssertionError
________ test_proposal_rows_render_the_central_policy_and_refusal_truth ________

    def test_proposal_rows_render_the_central_policy_and_refusal_truth():
        page = " ".join(
            (_REPO / "web/src/pages/cores/HistoryCore.tsx").read_text().split()
        )
>       assert "row.policy_snapshot" in page and "row.operation" in page
E       assert ('row.policy_snapshot' in 'import { SurfaceFooter } from "../../desk/surface/SurfaceFooter"; // HS-117-09 — decomposed shell: sub-components liv..." confirmLabel="Delete?" busy={removing} onConfirm={() => void removeSelected()} /> </span> ) : null} </>} /> </> ); }')

tests/integration/test_history_slack_surfaces.py:142: AssertionError
___________________ test_history_app_wires_the_export_route ____________________

    def test_history_app_wires_the_export_route():
        js = (_REPO / "web/src/pages/cores/HistoryCore.tsx").read_text()
>       assert "proposeSlack" in js
E       assert 'proposeSlack' in 'import { SurfaceFooter } from "../../desk/surface/SurfaceFooter";\n// HS-117-09 — decomposed shell: sub-components li...{() => void removeSelected()}\n            />\n          </span>\n        ) : null}\n      </>} />\n    </>\n  );\n}\n'

tests/integration/test_history_slack_surfaces.py:154: AssertionError
__________________ test_settings_field_ships_the_honest_copy ___________________

    def test_settings_field_ships_the_honest_copy():
        # HS-111-01: the prose died with the SaaS page. The honest truth
        # survives structurally — the Slack webhook is a dedicated secret on
        # the Prefs surface: the UI shows configured-ness (SET/—) and the
        # write-only path, never the URL, and the token states the residency.
        page = (_REPO / "web/src/pages/cores/SettingsCore.tsx").read_text()
        assert 'slack_webhook_url: "Slack webhook"' in page
        assert "<SecretRow" in page and "configured={Boolean(state.configured)}" in page
        assert "values stay on this hub" in page
>       assert 'apiFetch<{ settings?: JsonRecord }>' in page and '"/api/settings"' in page
E       assert ('apiFetch<{ settings?: JsonRecord }>' in '// HS-95-07 / HS-111-01 — the Settings core, rethought as the OS\'s own\n// Prefs program (the verified audit at .tmp...ght("");\n              }\n            : undefined\n        }\n        receipt={receipt}\n      />\n    </>\n  );\n}\n')

tests/integration/test_history_slack_surfaces.py:170: AssertionError
___________ TestActionItemPatchEndpoint.test_patch_action_item_done ____________

self = <tests.integration.test_intel_streaming.TestActionItemPatchEndpoint object at 0x10db407d0>
test_client_with_action_items = <starlette.testclient.TestClient object at 0x111030490>
mock_callbacks_with_action_items = {'action_items': [ActionItem(task='Task 1', owner='Me', due=None, id='item-001', status='pending', review_state='pendi... id='4546791472'>, 'on_bookmark': <MagicMock id='4543690608'>, 'on_edit_action_item': <MagicMock id='4544112224'>, ...}

    def test_patch_action_item_done(self, test_client_with_action_items, mock_callbacks_with_action_items):
        """PATCH with status='done' should mark item as done."""
        response = test_client_with_action_items.patch(
            "/api/action-items/item-001",
            json={"status": "done"},
        )
    
>       assert response.status_code == 200
E       assert 404 == 200
E        +  where 404 = <Response [404 Not Found]>.status_code

tests/integration/test_intel_streaming.py:350: AssertionError
__________ TestActionItemPatchEndpoint.test_patch_action_item_pending __________

self = <tests.integration.test_intel_streaming.TestActionItemPatchEndpoint object at 0x10e15b110>
test_client_with_action_items = <starlette.testclient.TestClient object at 0x1118207c0>
mock_callbacks_with_action_items = {'action_items': [ActionItem(task='Task 1', owner='Me', due=None, id='item-001', status='pending', review_state='pendi... id='4544110544'>, 'on_bookmark': <MagicMock id='4544113904'>, 'on_edit_action_item': <MagicMock id='4544107856'>, ...}

    def test_patch_action_item_pending(self, test_client_with_action_items, mock_callbacks_with_action_items):
        """PATCH with status='pending' should mark item as pending."""
        # First mark as done
        test_client_with_action_items.patch(
            "/api/action-items/item-001",
            json={"status": "done"},
        )
    
        # Then revert to pending
        response = test_client_with_action_items.patch(
            "/api/action-items/item-001",
            json={"status": "pending"},
        )
    
>       assert response.status_code == 200
E       assert 404 == 200
E        +  where 404 = <Response [404 Not Found]>.status_code

tests/integration/test_intel_streaming.py:370: AssertionError
_________ TestActionItemPatchEndpoint.test_patch_action_item_dismissed _________

self = <tests.integration.test_intel_streaming.TestActionItemPatchEndpoint object at 0x10e27d5b0>
test_client_with_action_items = <starlette.testclient.TestClient object at 0x10ff52450>
mock_callbacks_with_action_items = {'action_items': [ActionItem(task='Task 1', owner='Me', due=None, id='item-001', status='pending', review_state='pendi... id='4544108864'>, 'on_bookmark': <MagicMock id='4544108528'>, 'on_edit_action_item': <MagicMock id='4544115584'>, ...}

    def test_patch_action_item_dismissed(self, test_client_with_action_items, mock_callbacks_with_action_items):
        """PATCH with status='dismissed' should dismiss item."""
        response = test_client_with_action_items.patch(
            "/api/action-items/item-002",
            json={"status": "dismissed"},
        )
    
>       assert response.status_code == 200
E       assert 404 == 200
E        +  where 404 = <Response [404 Not Found]>.status_code

tests/integration/test_intel_streaming.py:383: AssertionError
______ TestActionItemPatchEndpoint.test_patch_without_handler_returns_501 ______

self = <tests.integration.test_intel_streaming.TestActionItemPatchEndpoint object at 0x10e5b0380>

    def test_patch_without_handler_returns_501(self):
        """PATCH without handler should return 501."""
        # Create server without action item handler
        server = MeetingWebServer(
                     WebRuntimeCallbacks(
                         on_bookmark=MagicMock(),
                         on_stop=MagicMock(),
                         get_state=MagicMock(return_value={}),
                         on_update_action_item=None,
                     )
                 )
        client = TestClient(server.app)
    
        response = client.patch(
            "/api/action-items/item-001",
            json={"status": "done"},
        )
    
>       assert response.status_code == 501
E       assert 404 == 501
E        +  where 404 = <Response [404 Not Found]>.status_code

tests/integration/test_intel_streaming.py:431: AssertionError
______ TestActionItemPatchEndpoint.test_patch_callback_error_returns_500 _______

self = <tests.integration.test_intel_streaming.TestActionItemPatchEndpoint object at 0x10e5b0270>
mock_callbacks_with_action_items = {'action_items': [ActionItem(task='Task 1', owner='Me', due=None, id='item-001', status='pending', review_state='pendi... id='4544112224'>, 'on_bookmark': <MagicMock id='4543582896'>, 'on_edit_action_item': <MagicMock id='4544109872'>, ...}

    def test_patch_callback_error_returns_500(self, mock_callbacks_with_action_items):
        """PATCH callback error should return 500."""
        mock_callbacks_with_action_items["on_update_action_item"].side_effect = Exception(
            "Database error"
        )
    
        server = MeetingWebServer(
                     WebRuntimeCallbacks(
                         on_bookmark=mock_callbacks_with_action_items["on_bookmark"],
                         on_stop=mock_callbacks_with_action_items["on_stop"],
                         get_state=mock_callbacks_with_action_items["get_state"],
                         on_update_action_item=mock_callbacks_with_action_items["on_update_action_item"],
                     )
                 )
        client = TestClient(server.app)
    
        response = client.patch(
            "/api/action-items/item-001",
            json={"status": "done"},
        )
    
>       assert response.status_code == 500
E       assert 404 == 500
E        +  where 404 = <Response [404 Not Found]>.status_code

tests/integration/test_intel_streaming.py:456: AssertionError
______ TestActionItemPatchEndpoint.test_patch_action_item_review_accepts _______

self = <tests.integration.test_intel_streaming.TestActionItemPatchEndpoint object at 0x10e270950>
test_client_with_action_items = <starlette.testclient.TestClient object at 0x10e661c70>

    def test_patch_action_item_review_accepts(self, test_client_with_action_items):
        response = test_client_with_action_items.patch(
            "/api/action-items/item-001/review",
            json={"review_state": "accepted"},
        )
>       assert response.status_code == 200
E       assert 404 == 200
E        +  where 404 = <Response [404 Not Found]>.status_code

tests/integration/test_intel_streaming.py:463: AssertionError
_____ TestActionItemPatchEndpoint.test_patch_action_item_edit_auto_accepts _____

self = <tests.integration.test_intel_streaming.TestActionItemPatchEndpoint object at 0x10e14e7b0>
test_client_with_action_items = <starlette.testclient.TestClient object at 0x112c882f0>

    def test_patch_action_item_edit_auto_accepts(self, test_client_with_action_items):
        response = test_client_with_action_items.patch(
            "/api/action-items/item-001/edit",
            json={"task": "Edited task", "owner": "", "due": "Friday"},
        )
>       assert response.status_code == 200
E       assert 404 == 200
E        +  where 404 = <Response [404 Not Found]>.status_code

tests/integration/test_intel_streaming.py:481: AssertionError
_ TestActionItemPatchEndpoint.test_patch_action_item_review_without_handler_returns_501 _

self = <tests.integration.test_intel_streaming.TestActionItemPatchEndpoint object at 0x10e25ac10>

    def test_patch_action_item_review_without_handler_returns_501(self):
        server = MeetingWebServer(
                     WebRuntimeCallbacks(
                         on_bookmark=MagicMock(),
                         on_stop=MagicMock(),
                         get_state=MagicMock(return_value={}),
                         on_update_action_item=MagicMock(return_value={}),
                         on_update_action_item_review=None,
                         on_edit_action_item=MagicMock(return_value={}),
                     )
                 )
        client = TestClient(server.app)
        response = client.patch(
            "/api/action-items/item-001/review",
            json={"review_state": "accepted"},
        )
>       assert response.status_code == 501
E       assert 404 == 501
E        +  where 404 = <Response [404 Not Found]>.status_code

tests/integration/test_intel_streaming.py:512: AssertionError
_ TestActionItemPatchEndpoint.test_patch_action_item_edit_without_handler_returns_501 _

self = <tests.integration.test_intel_streaming.TestActionItemPatchEndpoint object at 0x10e25af90>

    def test_patch_action_item_edit_without_handler_returns_501(self):
        server = MeetingWebServer(
                     WebRuntimeCallbacks(
                         on_bookmark=MagicMock(),
                         on_stop=MagicMock(),
                         get_state=MagicMock(return_value={}),
                         on_update_action_item=MagicMock(return_value={}),
                         on_update_action_item_review=MagicMock(return_value={}),
                         on_edit_action_item=None,
                     )
                 )
        client = TestClient(server.app)
        response = client.patch(
            "/api/action-items/item-001/edit",
            json={"task": "Edited task"},
        )
>       assert response.status_code == 501
E       assert 404 == 501
E        +  where 404 = <Response [404 Not Found]>.status_code

tests/integration/test_intel_streaming.py:530: AssertionError
___________ test_keep_current_resolves_without_changing_the_meeting ____________

client = <starlette.testclient.TestClient object at 0x11262eb30>
db = <holdspeak.db.core.Database object at 0x112472850>

    def test_keep_current_resolves_without_changing_the_meeting(client, db) -> None:
        conflict_id = _seed_conflict(db)
    
        before = client.get("/api/meetings/meeting-conflict/sync-conflicts")
        assert before.status_code == 200
        assert before.json()["conflicts"][0]["local"]["title"] == "Desktop title"
        assert before.json()["conflicts"][0]["incoming"]["title"] == "Device title"
    
        response = client.post(
            f"/api/meetings/meeting-conflict/sync-conflicts/{conflict_id}/resolve",
            json={"resolution": "keep_current"},
        )
        assert response.status_code == 200
        assert response.json()["resolution"] == "keep_current"
        assert response.json()["remaining_conflicts"] == []
        meeting = db.meetings.get_meeting("meeting-conflict")
        assert meeting.title == "Desktop title"
        assert meeting.sync_modified_at > CONTESTED_CLOCK
        resolved = db.meetings.get_sync_conflict("meeting-conflict", conflict_id)
        assert resolved["winner"] == "local"
        assert resolved["resolved_at"] is not None
    
        repeated = client.post(
            f"/api/meetings/meeting-conflict/sync-conflicts/{conflict_id}/resolve",
            json={"resolution": "keep_current"},
        )
>       assert repeated.status_code == 409
E       assert 500 == 409
E        +  where 500 = <Response [500 Internal Server Error]>.status_code

tests/integration/test_meeting_conflict_recovery.py:103: AssertionError
------------------------------ Captured log call -------------------------------
ERROR    holdspeak.web.routes.meetings:crud.py:161 Failed to resolve Meeting sync conflict: name 'ConflictError' is not defined
_______________ test_ipad_synced_graph_workflow_runs_on_the_hub ________________

env = (<holdspeak.db.core.Database object at 0x1107f9450>, <starlette.testclient.TestClient object at 0x1122ed0f0>)
monkeypatch = <_pytest.monkeypatch.MonkeyPatch object at 0x110ce5320>

    def test_ipad_synced_graph_workflow_runs_on_the_hub(env, monkeypatch) -> None:
        """The whole Phase-22 loop over the real app: the SWIFT-ENCODED golden
        fixture (`blueprint-linear-sample.json`, the iPad Blueprint encoder's exact
        bytes) rides `/api/sync/push` as a workflow's `graph_json`, then
        `/api/workflows/{id}/run` executes the synced graph — threaded node order,
        the per-node provenance surfaced in the steps, the run-born artifact minted.
        Authored on one surface, synced, run on the hub: the graph travels."""
        db, client = env
    
        fixtures = (Path(__file__).resolve().parents[2]
                    / "pm" / "roadmap" / "holdspeak-mobile" / "contracts" / "fixtures")
        graph = json.loads((fixtures / "blueprint-linear-sample.json").read_text(encoding="utf-8"))
    
        lm = "2030-06-26T12:00:00Z"
        push = client.post("/api/sync/push", json={"workflows": [{
            "meta": {"id": "wf-golden", "kind": "workflow", "last_modified": lm, "deleted": False},
            "value": {"name": graph["name"], "prompt": "fallback: {input}", "graph_json": graph},
        }]})
        assert push.status_code == 200
        assert push.json()["received"]["workflows"] == 1
    
        calls = []
    
        class _FakeIntel:
            active_provider = "local"
    
            def run_prompt(self, *, system_prompt, user_prompt, temperature=None, max_tokens=None):
                calls.append(user_prompt)
                return f"risk: finding {len(calls)}\nnoise line"
    
        monkeypatch.setattr(
            "holdspeak.intel.providers.build_configured_meeting_intel", lambda: _FakeIntel()
        )
    
        resp = client.post("/api/workflows/wf-golden/run", json={"input": "the standup"})
>       assert resp.status_code == 200, resp.text
E       AssertionError: {"error":"model file not found: ~/Models/mlx/Qwen3.5-8B-MLX-4bit or ~/Models/gguf/Qwen3.5-4B-Instruct-Q4_K_M.gguf","code":"inference_target_unavailable","inference_target":{"version":1,"id":"this_machine","profile_id":null,"name":"This device","kind":"this_device","boundary":"same_device","owner":"you","transport":"in_process","data_scope":{"sent":["instruction","selected_context","grounding"],"returned":["generated_output"]},"engine":"configured_local_engine","model":"","context_limit":16384,"readiness":{"state":"unavailable","available":false,"reason":"model file not found: ~/Models/mlx/Qwen3.5-8B-MLX-4bit or ~/Models/gguf/Qwen3.5-4B-Instruct-Q4_K_M.gguf","recovery":{"reason":"model file not found: ~/Models/mlx/Qwen3.5-8B-MLX-4bit or ~/Models/gguf/Qwen3.5-4B-Instruct-Q4_K_M.gguf","action":"choose_alternate_target","alternate_target_id":"this_machine"}},"secret":{"required":false,"present":false},"profile_alias":{"resource":"profile","version":1,"id":null}},"alternate_target_id":"this_machine","workflow_id":"wf-golden","invocation":{"id":"invocation_39dcb0c6c0e5","correlation_id":"invocation_39dcb0c6c0e5","definition_ref":"workflow:wf-golden","initiator":"owner","grounding_refs":[],"requested_placement":"this_machine","input_snapshot":{"input":"the standup"},"state":"unavailable","result_ref":null,"error":"model file not found: ~/Models/mlx/Qwen3.5-8B-MLX-4bit or ~/Models/gguf/Qwen3.5-4B-Instruct-Q4_K_M.gguf","created_at":"2026-08-08T23:36:48Z","updated_at":"2026-08-08T23:36:48Z","completed_at":"2026-08-08T23:36:48Z","attempts":[{"id":"attempt_4e3faca60b91","invocation_id":"invocation_39dcb0c6c0e5","attempt_index":1,"destination":"this_machine","actual_placement":{"boundary":"same_device","data_classes":["instruction","selected_context","grounding","generated_output"],"engine":"configured_local_engine","fallback_reason":null,"model":"","owner":"you","target_id":"this_machine","target_kind":"this_device","target_name":"This device","transport":"in_process"},"provider":null,"state":"failed","error":"model file not found: ~/Models/mlx/Qwen3.5-8B-MLX-4bit or ~/Models/gguf/Qwen3.5-4B-Instruct-Q4_K_M.gguf","result_ref":null,"started_at":"2026-08-08T23:36:48Z","completed_at":"2026-08-08T23:36:48Z"}]},"invocation_id":"invocation_39dcb0c6c0e5"}
E       assert 409 == 200
E        +  where 409 = <Response [409 Conflict]>.status_code

tests/integration/test_primitive_framework_sync.py:625: AssertionError
_______________ test_remote_flip_reaches_the_journal_node_named ________________

tmp_path = PosixPath('/private/var/folders/q7/5dzz5g2116b3lq8rhg7hwjrr0000gn/T/pytest-of-karol/pytest-750/test_remote_flip_reaches_the_j0')
monkeypatch = <_pytest.monkeypatch.MonkeyPatch object at 0x1132f67b0>

    def test_remote_flip_reaches_the_journal_node_named(tmp_path, monkeypatch):
        """HS-88-04, the two-process flow in one process: a remote node's
        envelope (what its worker would POST after tailing its own dw events)
        reaches the journal through the real route + the observer's merge,
        with the origin node named. No LLM: a fake summarizer."""
        from fastapi import FastAPI
        from fastapi.testclient import TestClient
    
        from holdspeak.db.core import Database, reset_database
        from holdspeak.web.context import WebContext
        from holdspeak.web.routes.missioncontrol import build_missioncontrol_router
    
        rails_observer.clear_remote_buffer()
        reset_database()
        db = Database(tmp_path / "hs.db")
        monkeypatch.setattr("holdspeak.db.get_database", lambda *a, **k: db)
    
        map_path = tmp_path / "map.json"
        map_path.write_text('{"projects": {}, "default": null}')
        app = FastAPI()
        app.include_router(
            build_missioncontrol_router(WebContext(get_state=lambda: {}), map_path=map_path)
        )
        client = TestClient(app)
    
        # The "remote worker" pushes a real flip it saw on its own rails.
        res = client.post(
            "/api/missioncontrol/rails/remote-events",
            json={
                "node": "walk-remote",
                "ts": "t1",
                "events": [{"ts": "t1", "event": "story_status", "story": "HS-1", "detail": {"to": "done"}}],
            },
        )
        assert res.json()["accepted"] is True
    
        # One observer tick: drain the remote buffer, summarize, journal.
        fresh = rails_observer.drain_remote_events()
        assert fresh and fresh[0]["origin_node"] == "walk-remote"
        batch = rails_observer.summarize_batch(
            fresh, summarize_fn=lambda s, u: "A remote story flipped to done."
        )
        rails_observer.record_journal_entry(db, batch, title="Rails journal")
    
        entries = client.get("/api/missioncontrol/rails/journal").json()["entries"]
>       assert len(entries) == 1
E       assert 0 == 1
E        +  where 0 = len([])

tests/integration/test_rails_observer_live.py:124: AssertionError
------------------------------ Captured log call -------------------------------
WARNING  holdspeak.web.routes.missioncontrol:missioncontrol.py:245 rails journal read failed (MissionControlService is not composed)
_____________________ test_propose_carries_repo_title_body _____________________

client = <starlette.testclient.TestClient object at 0x113167850>
db = <holdspeak.db.core.Database object at 0x113290f50>
settings_path = PosixPath('/private/var/folders/q7/5dzz5g2116b3lq8rhg7hwjrr0000gn/T/pytest-of-karol/pytest-750/test_propose_carries_repo_titl0/config.json')

    @pytest.mark.integration
    def test_propose_carries_repo_title_body(client, db, settings_path):
        _configure(settings_path)
        proposal = client.post(PROPOSE, json={"text": "the body", "title": "Wire onboarding"}).json()["proposal"]
>       assert proposal["status"] == "proposed"
E       AssertionError: assert 'executed' == 'proposed'
E         
E         - proposed
E         + executed

tests/integration/test_web_companion_github.py:127: AssertionError
______________ test_approval_files_the_issue_and_returns_the_url _______________

client = <starlette.testclient.TestClient object at 0x110548c90>
db = <holdspeak.db.core.Database object at 0x11144a350>
settings_path = PosixPath('/private/var/folders/q7/5dzz5g2116b3lq8rhg7hwjrr0000gn/T/pytest-of-karol/pytest-750/test_approval_files_the_issue_0/config.json')
gh = <tests.integration.test_web_companion_github._FakeGh object at 0x10ed192b0>

    @pytest.mark.integration
    def test_approval_files_the_issue_and_returns_the_url(client, db, settings_path, gh):
        _configure(settings_path)
        proposal = client.post(PROPOSE, json={"text": "the body", "title": "Wire onboarding"}).json()["proposal"]
>       final = _decide(client, proposal["id"], "approved").json()["proposal"]
                ^^^^^^^^^^^^^^^^^^^^^^^^^^^^^^^^^^^^^^^^^^^^^^^^^^^^^^^^^^^^^^
E       KeyError: 'proposal'

tests/integration/test_web_companion_github.py:176: KeyError
__________ test_yolo_files_to_the_registered_repo_without_a_decision ___________

client = <starlette.testclient.TestClient object at 0x110bfcbb0>
db = <holdspeak.db.core.Database object at 0x10f0e4cd0>
settings_path = PosixPath('/private/var/folders/q7/5dzz5g2116b3lq8rhg7hwjrr0000gn/T/pytest-of-karol/pytest-750/test_yolo_files_to_the_registe0/config.json')
gh = <tests.integration.test_web_companion_github._FakeGh object at 0x111cfd590>

    @pytest.mark.integration
    def test_yolo_files_to_the_registered_repo_without_a_decision(
        client, db, settings_path, gh
    ):
        _configure(settings_path)
        _set_control_mode(settings_path, "yolo")
        proposal = client.post(
            PROPOSE,
            json={"text": "the body", "title": "Wire onboarding"},
        ).json()["proposal"]
        assert proposal["status"] == "executed"
>       assert proposal["policy_snapshot"]["authority_basis"] == "control_posture"
E       AssertionError: assert 'per_action_decision' == 'control_posture'
E         
E         - control_posture
E         + per_action_decision

tests/integration/test_web_companion_github.py:197: AssertionError
______ test_yolo_refuses_an_unregistered_repo_without_filing_or_prompting ______

client = <starlette.testclient.TestClient object at 0x11081a7b0>
db = <holdspeak.db.core.Database object at 0x111cfd810>
settings_path = PosixPath('/private/var/folders/q7/5dzz5g2116b3lq8rhg7hwjrr0000gn/T/pytest-of-karol/pytest-750/test_yolo_refuses_an_unregiste0/config.json')
gh = <tests.integration.test_web_companion_github._FakeGh object at 0x11185b250>

    @pytest.mark.integration
    def test_yolo_refuses_an_unregistered_repo_without_filing_or_prompting(
        client, db, settings_path, gh
    ):
        _configure(settings_path, repo="host/default")
        _set_control_mode(settings_path, "yolo")
        proposal = client.post(
            PROPOSE,
            json={"text": "the body", "title": "Ship", "repo": "other/repo"},
        ).json()["proposal"]
        assert proposal["status"] == "proposed"
>       assert proposal["policy_snapshot"]["outcome"] == "refused"
E       AssertionError: assert 'authorization_required' == 'refused'
E         
E         - refused
E         + authorization_required

tests/integration/test_web_companion_github.py:212: AssertionError
_________________________ test_rejection_files_nothing _________________________

client = <starlette.testclient.TestClient object at 0x111943690>
db = <holdspeak.db.core.Database object at 0x11185b4d0>
settings_path = PosixPath('/private/var/folders/q7/5dzz5g2116b3lq8rhg7hwjrr0000gn/T/pytest-of-karol/pytest-750/test_rejection_files_nothing0/config.json')
gh = <tests.integration.test_web_companion_github._FakeGh object at 0x1121b9480>

    @pytest.mark.integration
    def test_rejection_files_nothing(client, db, settings_path, gh):
        _configure(settings_path)
        pid = client.post(PROPOSE, json={"text": "ship it"}).json()["proposal"]["id"]
>       assert _decide(client, pid, "rejected").json()["proposal"]["status"] == "rejected"
               ^^^^^^^^^^^^^^^^^^^^^^^^^^^^^^^^^^^^^^^^^^^^^^^^^^^
E       KeyError: 'proposal'

tests/integration/test_web_companion_github.py:225: KeyError
________ test_propose_records_a_proposal_whose_preview_is_the_wire_body ________

client = <starlette.testclient.TestClient object at 0x113318130>
db = <holdspeak.db.core.Database object at 0x111ef7d90>
settings_path = PosixPath('/private/var/folders/q7/5dzz5g2116b3lq8rhg7hwjrr0000gn/T/pytest-of-karol/pytest-750/test_propose_records_a_proposa0/config.json')

    @pytest.mark.integration
    def test_propose_records_a_proposal_whose_preview_is_the_wire_body(client, db, settings_path):
        _configure_slack(settings_path)
        res = client.post(PROPOSE, json={"text": "the risks list"})
        assert res.status_code == 200, res.text
        proposal = res.json()["proposal"]
>       assert proposal["status"] == "proposed"            # nothing executed
        ^^^^^^^^^^^^^^^^^^^^^^^^^^^^^^^^^^^^^^^
E       AssertionError: assert 'executed' == 'proposed'
E         
E         - proposed
E         + executed

tests/integration/test_web_companion_slack.py:158: AssertionError
_________ test_source_identity_returns_the_receipt_to_the_desk_subject _________

client = <starlette.testclient.TestClient object at 0x111634bb0>
db = <holdspeak.db.core.Database object at 0x112006990>
settings_path = PosixPath('/private/var/folders/q7/5dzz5g2116b3lq8rhg7hwjrr0000gn/T/pytest-of-karol/pytest-750/test_source_identity_returns_t0/config.json')
posts = []

    @pytest.mark.integration
    def test_source_identity_returns_the_receipt_to_the_desk_subject(
        client, db, settings_path, posts
    ):
        _configure_slack(settings_path)
        db.notes.upsert(
            note_id="n1",
            title="Release checklist",
            body_markdown="release is ready",
        )
        proposed = client.post(
            PROPOSE,
            json={
                "text": "release is ready",
                "title": "Release checklist",
                "source_ref": "note:n1",
                "source_label": "Release checklist",
            },
        )
>       assert proposed.status_code == 200
E       assert 400 == 200
E        +  where 400 = <Response [400 Bad Request]>.status_code

tests/integration/test_web_companion_slack.py:205: AssertionError
_____________ test_source_identity_must_be_a_known_qualified_kind ______________

client = <starlette.testclient.TestClient object at 0x112a68ad0>
db = <holdspeak.db.core.Database object at 0x10fb74190>
settings_path = PosixPath('/private/var/folders/q7/5dzz5g2116b3lq8rhg7hwjrr0000gn/T/pytest-of-karol/pytest-750/test_source_identity_must_be_a0/config.json')

    @pytest.mark.integration
    def test_source_identity_must_be_a_known_qualified_kind(client, db, settings_path):
        _configure_slack(settings_path)
        response = client.post(
            PROPOSE,
            json={"text": "ship", "source_ref": "unknown:n1"},
        )
>       assert response.status_code == 400
E       assert 500 == 400
E        +  where 500 = <Response [500 Internal Server Error]>.status_code

tests/integration/test_web_companion_slack.py:229: AssertionError
------------------------------ Captured log call -------------------------------
ERROR    holdspeak.web.routes.desk_actuators:runtime_support.py:71 Failed to propose desk actuator: unknown resource kind: unknown
_______________________ test_a_proposed_send_never_posts _______________________

client = <starlette.testclient.TestClient object at 0x10fad1630>
db = <holdspeak.db.core.Database object at 0x11372ccd0>
settings_path = PosixPath('/private/var/folders/q7/5dzz5g2116b3lq8rhg7hwjrr0000gn/T/pytest-of-karol/pytest-750/test_a_proposed_send_never_pos0/config.json')
posts = []

    @pytest.mark.integration
    def test_a_proposed_send_never_posts(client, db, settings_path, posts):
        _configure_slack(settings_path)
        proposal = client.post(PROPOSE, json={"text": "ship it"}).json()["proposal"]
        executor = ActuatorExecutor(db, connector=build_slack_connector(URL), allow_actuators=True)
        with pytest.raises(ActuatorExecutionError):
>           executor.execute(proposal["id"])

tests/integration/test_web_companion_slack.py:253: 
_ _ _ _ _ _ _ _ _ _ _ _ _ _ _ _ _ _ _ _ _ _ _ _ _ _ _ _ _ _ _ _ _ _ _ _ _ _ _ _ 

self = <holdspeak.plugins.actuator_executor.ActuatorExecutor object at 0x10ed192b0>
proposal_id = '7dee8a3f60624d4dafc702d25180b154'

    def execute(self, proposal_id: str) -> Any:
        """Execute an approved proposal; returns the updated proposal record.
    
        Raises `KeyError` (unknown), `ActuatorExecutionError` (not approved), or
        `ActuatorPolicyError` (gate/allow-list) **without** changing state. A
        parity or connector failure transitions the proposal to `failed`.
        """
        proposal = self._db.actuators.get_proposal(proposal_id)
        if proposal is None:
>           raise KeyError(f"unknown proposal: {proposal_id}")
E           KeyError: 'unknown proposal: 7dee8a3f60624d4dafc702d25180b154'

holdspeak/plugins/actuator_executor.py:100: KeyError
_________________________ test_rejection_posts_nothing _________________________

client = <starlette.testclient.TestClient object at 0x111685630>
db = <holdspeak.db.core.Database object at 0x1132911d0>
settings_path = PosixPath('/private/var/folders/q7/5dzz5g2116b3lq8rhg7hwjrr0000gn/T/pytest-of-karol/pytest-750/test_rejection_posts_nothing0/config.json')
posts = []
broadcasts = <tests.integration.test_web_companion_slack._BroadcastSpy object at 0x10f028830>

    @pytest.mark.integration
    def test_rejection_posts_nothing(client, db, settings_path, posts, broadcasts):
        _configure_slack(settings_path)
        pid = client.post(PROPOSE, json={"text": "ship it"}).json()["proposal"]["id"]
        res = _decide(client, pid, "rejected")
>       assert res.json()["proposal"]["status"] == "rejected"
               ^^^^^^^^^^^^^^^^^^^^^^
E       KeyError: 'proposal'

tests/integration/test_web_companion_slack.py:262: KeyError
__________________ test_approval_posts_the_preview_byte_equal __________________

client = <starlette.testclient.TestClient object at 0x111dab930>
db = <holdspeak.db.core.Database object at 0x110468e10>
settings_path = PosixPath('/private/var/folders/q7/5dzz5g2116b3lq8rhg7hwjrr0000gn/T/pytest-of-karol/pytest-750/test_approval_posts_the_previe0/config.json')
posts = []
broadcasts = <tests.integration.test_web_companion_slack._BroadcastSpy object at 0x110468690>

    @pytest.mark.integration
    def test_approval_posts_the_preview_byte_equal(client, db, settings_path, posts, broadcasts):
        _configure_slack(settings_path)
        proposal = client.post(PROPOSE, json={"text": "the risks list"}).json()["proposal"]
        assert posts == []                                  # proposing sent nothing
    
>       final = _decide(client, proposal["id"], "approved").json()["proposal"]
                ^^^^^^^^^^^^^^^^^^^^^^^^^^^^^^^^^^^^^^^^^^^^^^^^^^^^^^^^^^^^^^
E       KeyError: 'proposal'

tests/integration/test_web_companion_slack.py:275: KeyError
___ test_yolo_executes_configured_slack_without_a_prompt_and_returns_receipt ___

client = <starlette.testclient.TestClient object at 0x110db03d0>
db = <holdspeak.db.core.Database object at 0x11046afd0>
settings_path = PosixPath('/private/var/folders/q7/5dzz5g2116b3lq8rhg7hwjrr0000gn/T/pytest-of-karol/pytest-750/test_yolo_executes_configured_0/config.json')
posts = []
broadcasts = <tests.integration.test_web_companion_slack._BroadcastSpy object at 0x1123c0690>

    @pytest.mark.integration
    def test_yolo_executes_configured_slack_without_a_prompt_and_returns_receipt(
        client, db, settings_path, posts, broadcasts
    ):
        _configure_slack(settings_path)
        _set_control_mode(settings_path, "yolo")
        db.notes.upsert(
            note_id="n-yolo",
            title="Release checklist",
            body_markdown="release is ready",
        )
    
        response = client.post(
            PROPOSE,
            json={
                "text": "release is ready",
                "title": "Release checklist",
                "source_ref": "note:n-yolo",
            },
        )
>       assert response.status_code == 200, response.text
E       AssertionError: {"success":false,"error":"Unknown Note source: n-yolo"}
E       assert 400 == 200
E        +  where 400 = <Response [400 Bad Request]>.status_code

tests/integration/test_web_companion_slack.py:309: AssertionError
____________ test_posture_change_never_widens_an_existing_proposal _____________

client = <starlette.testclient.TestClient object at 0x112fed710>
db = <holdspeak.db.core.Database object at 0x1123c07d0>
settings_path = PosixPath('/private/var/folders/q7/5dzz5g2116b3lq8rhg7hwjrr0000gn/T/pytest-of-karol/pytest-750/test_posture_change_never_wide0/config.json')
posts = []
broadcasts = <tests.integration.test_web_companion_slack._BroadcastSpy object at 0x113484050>

    @pytest.mark.integration
    def test_posture_change_never_widens_an_existing_proposal(
        client, db, settings_path, posts, broadcasts
    ):
        _configure_slack(settings_path)
        proposal = client.post(PROPOSE, json={"text": "captured normal"}).json()[
            "proposal"
        ]
        assert proposal["policy_snapshot"]["mode"] == "neutral"
        _set_control_mode(settings_path, "yolo")
    
        repeated = client.post(PROPOSE, json={"text": "captured normal"}).json()[
            "proposal"
        ]
        assert repeated["id"] == proposal["id"]
>       assert repeated["status"] == "proposed"
E       AssertionError: assert 'executed' == 'proposed'
E         
E         - proposed
E         + executed

tests/integration/test_web_companion_slack.py:379: AssertionError
_________ test_url_removed_between_propose_and_approve_fails_honestly __________

client = <starlette.testclient.TestClient object at 0x110f5db70>
db = <holdspeak.db.core.Database object at 0x11218cf50>
settings_path = PosixPath('/private/var/folders/q7/5dzz5g2116b3lq8rhg7hwjrr0000gn/T/pytest-of-karol/pytest-750/test_url_removed_between_propo0/config.json')
posts = []

    @pytest.mark.integration
    def test_url_removed_between_propose_and_approve_fails_honestly(client, db, settings_path, posts):
        _configure_slack(settings_path)
        pid = client.post(PROPOSE, json={"text": "ship it"}).json()["proposal"]["id"]
        _configure_slack(settings_path, url="")
>       final = _decide(client, pid, "approved").json()["proposal"]
                ^^^^^^^^^^^^^^^^^^^^^^^^^^^^^^^^^^^^^^^^^^^^^^^^^^^
E       KeyError: 'proposal'

tests/integration/test_web_companion_slack.py:394: KeyError
_____________________ test_the_wire_events_ride_for_qlippy _____________________

client = <starlette.testclient.TestClient object at 0x1116c59b0>
db = <holdspeak.db.core.Database object at 0x1105d0050>
settings_path = PosixPath('/private/var/folders/q7/5dzz5g2116b3lq8rhg7hwjrr0000gn/T/pytest-of-karol/pytest-750/test_the_wire_events_ride_for_0/config.json')
posts = []
broadcasts = <tests.integration.test_web_companion_slack._BroadcastSpy object at 0x11217d5b0>

    @pytest.mark.integration
    def test_the_wire_events_ride_for_qlippy(client, db, settings_path, posts, broadcasts):
        _configure_slack(settings_path)
        pid = client.post(PROPOSE, json={"text": "ship it"}).json()["proposal"]["id"]
        _decide(client, pid, "approved")
        kinds = [k for k, _ in broadcasts.events]
        assert "actuator_proposed" in kinds
>       assert "actuator_result" in kinds
E       AssertionError: assert 'actuator_result' in ['actuator_proposed']

tests/integration/test_web_companion_slack.py:432: AssertionError
____________________ test_propose_preview_is_the_wire_body _____________________

client = <starlette.testclient.TestClient object at 0x10ff67e70>
db = <holdspeak.db.core.Database object at 0x11055d090>
settings_path = PosixPath('/private/var/folders/q7/5dzz5g2116b3lq8rhg7hwjrr0000gn/T/pytest-of-karol/pytest-750/test_propose_preview_is_the_wi0/config.json')

    @pytest.mark.integration
    def test_propose_preview_is_the_wire_body(client, db, settings_path):
        _configure(settings_path)
        proposal = client.post(PROPOSE, json={"text": "the brief"}).json()["proposal"]
>       assert proposal["status"] == "proposed"
E       AssertionError: assert 'executed' == 'proposed'
E         
E         - proposed
E         + executed

tests/integration/test_web_companion_webhook.py:133: AssertionError
__________________ test_approval_posts_the_preview_byte_equal __________________

client = <starlette.testclient.TestClient object at 0x112a4dc50>
db = <holdspeak.db.core.Database object at 0x11055de50>
settings_path = PosixPath('/private/var/folders/q7/5dzz5g2116b3lq8rhg7hwjrr0000gn/T/pytest-of-karol/pytest-750/test_approval_posts_the_previe1/config.json')
posts = []
broadcasts = <tests.integration.test_web_companion_webhook._BroadcastSpy object at 0x10f028830>

    @pytest.mark.integration
    def test_approval_posts_the_preview_byte_equal(client, db, settings_path, posts, broadcasts):
        _configure(settings_path)
        proposal = client.post(PROPOSE, json={"text": "the brief"}).json()["proposal"]
        assert posts == []
>       final = _decide(client, proposal["id"], "approved").json()["proposal"]
                ^^^^^^^^^^^^^^^^^^^^^^^^^^^^^^^^^^^^^^^^^^^^^^^^^^^^^^^^^^^^^^
E       KeyError: 'proposal'

tests/integration/test_web_companion_webhook.py:144: KeyError
_________ test_yolo_executes_the_configured_webhook_without_a_decision _________

client = <starlette.testclient.TestClient object at 0x112fbda90>
db = <holdspeak.db.core.Database object at 0x112473b10>
settings_path = PosixPath('/private/var/folders/q7/5dzz5g2116b3lq8rhg7hwjrr0000gn/T/pytest-of-karol/pytest-750/test_yolo_executes_the_configu0/config.json')
posts = []
broadcasts = <tests.integration.test_web_companion_webhook._BroadcastSpy object at 0x112473610>

    @pytest.mark.integration
    def test_yolo_executes_the_configured_webhook_without_a_decision(
        client, db, settings_path, posts, broadcasts
    ):
        _configure(settings_path)
        _set_control_mode(settings_path, "yolo")
        proposal = client.post(PROPOSE, json={"text": "the brief"}).json()["proposal"]
        assert proposal["status"] == "executed"
>       assert proposal["policy_snapshot"]["authority_basis"] == "control_posture"
E       AssertionError: assert 'per_action_decision' == 'control_posture'
E         
E         - control_posture
E         + per_action_decision

tests/integration/test_web_companion_webhook.py:162: AssertionError
_________________________ test_rejection_posts_nothing _________________________

client = <starlette.testclient.TestClient object at 0x1121c9e10>
db = <holdspeak.db.core.Database object at 0x1124716d0>
settings_path = PosixPath('/private/var/folders/q7/5dzz5g2116b3lq8rhg7hwjrr0000gn/T/pytest-of-karol/pytest-750/test_rejection_posts_nothing1/config.json')
posts = []
broadcasts = <tests.integration.test_web_companion_webhook._BroadcastSpy object at 0x10ffd8f50>

    @pytest.mark.integration
    def test_rejection_posts_nothing(client, db, settings_path, posts, broadcasts):
        _configure(settings_path)
        pid = client.post(PROPOSE, json={"text": "ping"}).json()["proposal"]["id"]
>       assert _decide(client, pid, "rejected").json()["proposal"]["status"] == "rejected"
               ^^^^^^^^^^^^^^^^^^^^^^^^^^^^^^^^^^^^^^^^^^^^^^^^^^^
E       KeyError: 'proposal'

tests/integration/test_web_companion_webhook.py:172: KeyError
_________ test_url_removed_between_propose_and_approve_fails_honestly __________

client = <starlette.testclient.TestClient object at 0x10f8704b0>
db = <holdspeak.db.core.Database object at 0x10ffd9090>
settings_path = PosixPath('/private/var/folders/q7/5dzz5g2116b3lq8rhg7hwjrr0000gn/T/pytest-of-karol/pytest-750/test_url_removed_between_propo1/config.json')
posts = []

    @pytest.mark.integration
    def test_url_removed_between_propose_and_approve_fails_honestly(client, db, settings_path, posts):
        _configure(settings_path)
        pid = client.post(PROPOSE, json={"text": "ping"}).json()["proposal"]["id"]
        _configure(settings_path, url="")
>       final = _decide(client, pid, "approved").json()["proposal"]
                ^^^^^^^^^^^^^^^^^^^^^^^^^^^^^^^^^^^^^^^^^^^^^^^^^^^
E       KeyError: 'proposal'

tests/integration/test_web_companion_webhook.py:181: KeyError
____________________ test_dictation_page_route_serves_html _____________________

    def test_dictation_page_route_serves_html() -> None:
        """`/dictation` returns the static editor page with the expected anchors."""
        server = MeetingWebServer(
                     WebRuntimeCallbacks(
                         on_bookmark=MagicMock(),
                         on_stop=MagicMock(),
                         get_state=MagicMock(return_value={}),
                     )
                 )
        client = TestClient(server.app)
        response = client.get("/dictation")
        assert response.status_code == 200
        assert "text/html" in response.headers["content-type"]
        assert '<div id="root"></div>' in response.text
        js = (Path(__file__).resolve().parents[2] / "web/src/pages/cores/DictationCore.tsx").read_text()
        for endpoint in (
            "/api/dictation/blocks",
            "/api/dictation/readiness",
            "/api/dictation/project-kb",
        ):
>           assert endpoint in js
E           assert '/api/dictation/blocks' in "// HS-95-05 — the Dictation surface's core, hosted anywhere.\n// HS-98-02 — re-crafted native on the window material....> void exportJournal()}\n          >\n            Export\n          </button>\n        }\n      />\n    </>\n  );\n}\n"

tests/integration/test_web_dictation_blocks_api.py:126: AssertionError
__________________ test_dictation_is_one_typed_section_graph ___________________

    def test_dictation_is_one_typed_section_graph() -> None:
        # HS-100-07: the cockpit became Speak — the loop is the front face,
        # Journal/Blocks are wings in the WINDOW HEAD, and every former
        # config tab stacks behind the one gear door. No tab wall.
        page = _page()
        surfaces = (_REPO / "web/src/desk/components/SurfaceWindows.tsx").read_text()
        assert '"Speak"' in surfaces
        for wing in ("speak", "journal", "blocks"):
            assert f'id: "{wing}"' in page
        for door_section in ("<Readiness />", "<Memory />", "<Knowledge />",
                             "<Runtime />", "<Hooks />", "<Nudges />"):
            assert door_section in page, f"door must stack {door_section}"
>       assert "useWindowWings" in page and "<Tabs" not in page
E       assert ('useWindowWings' in "// HS-95-05 — the Dictation surface's core, hosted anywhere.\n// HS-98-02 — re-crafted native on the window material....> void exportJournal()}\n          >\n            Export\n          </button>\n        }\n      />\n    </>\n  );\n}\n")

tests/integration/test_web_dictation_cockpit.py:23: AssertionError
__________________ test_dictation_preserves_primary_api_verbs __________________

    def test_dictation_preserves_primary_api_verbs() -> None:
        page = _page()
        for endpoint in (
            "/api/dictation/readiness", "/api/dictation/dry-run",
            "/api/dictation/blocks", "/api/dictation/corrections",
            "/api/dictation/learning-digest", "/api/dictation/project-kb",
            "/api/dictation/project-hs", "/api/dictation/journal",
            "/api/dictation/agent-hooks", "/api/activity/nudges",
        ):
>           assert endpoint in page
E           assert '/api/dictation/readiness' in "// HS-95-05 — the Dictation surface's core, hosted anywhere.\n// HS-98-02 — re-crafted native on the window material....> void exportJournal()}\n          >\n            Export\n          </button>\n        }\n      />\n    </>\n  );\n}\n"

tests/integration/test_web_dictation_cockpit.py:35: AssertionError
_______________ test_dictation_keeps_device_local_project_scope ________________

    def test_dictation_keeps_device_local_project_scope() -> None:
        page = _page()
>       assert "holdspeak.projectRootOverride" in page
E       assert 'holdspeak.projectRootOverride' in "// HS-95-05 — the Dictation surface's core, hosted anywhere.\n// HS-98-02 — re-crafted native on the window material....> void exportJournal()}\n          >\n            Export\n          </button>\n        }\n      />\n    </>\n  );\n}\n"

tests/integration/test_web_dictation_cockpit.py:40: AssertionError
_____________ test_dictation_lists_are_react_owned_and_focus_safe ______________

    def test_dictation_lists_are_react_owned_and_focus_safe() -> None:
        page = _page()
        assert ".innerHTML" not in page
        assert "document.querySelector" not in page
>       assert "ConfirmVerb" in page
E       assert 'ConfirmVerb' in "// HS-95-05 — the Dictation surface's core, hosted anywhere.\n// HS-98-02 — re-crafted native on the window material....> void exportJournal()}\n          >\n            Export\n          </button>\n        }\n      />\n    </>\n  );\n}\n"

tests/integration/test_web_dictation_cockpit.py:49: AssertionError
_______________________ test_ritual_component_is_shipped _______________________

    def test_ritual_component_is_shipped() -> None:
        js = _dictation_script()
        # HS-111-01 renamed the affirm verb Right → OK; the one-tap ritual,
        # the disclose path, and the teach POST are unchanged.
        for marker in ("Marked OK", "Wrong", "Correct this result", "Teach correction"):
>           assert marker in js, marker
E           AssertionError: Marked OK
E           assert 'Marked OK' in "// HS-95-05 — the Dictation surface's core, hosted anywhere.\n// HS-98-02 — re-crafted native on the window material....> void exportJournal()}\n          >\n            Export\n          </button>\n        }\n      />\n    </>\n  );\n}\n"

tests/integration/test_web_dictation_correction_ritual.py:64: AssertionError
___________________ test_ritual_is_wired_into_dry_run_result ___________________

    def test_ritual_is_wired_into_dry_run_result() -> None:
        js = _dictation_script()
>       assert 'setVerdict("right")' in js and 'setVerdict("wrong")' in js
E       assert ('setVerdict("right")' in "// HS-95-05 — the Dictation surface's core, hosted anywhere.\n// HS-98-02 — re-crafted native on the window material....> void exportJournal()}\n          >\n            Export\n          </button>\n        }\n      />\n    </>\n  );\n}\n")

tests/integration/test_web_dictation_correction_ritual.py:70: AssertionError
____________________ test_ritual_uses_shared_react_controls ____________________

    def test_ritual_uses_shared_react_controls() -> None:
        # HS-111-08: the Disclosure species retired; FoldGadget is the ONE
        # disclosure the shared kit provides.
        source = _dictation_script()
>       assert "<Button" in source and "<FoldGadget" in source
E       assert ('<Button' in "// HS-95-05 — the Dictation surface's core, hosted anywhere.\n// HS-98-02 — re-crafted native on the window material....> void exportJournal()}\n          >\n            Export\n          </button>\n        }\n      />\n    </>\n  );\n}\n")

tests/integration/test_web_dictation_correction_ritual.py:83: AssertionError
_______________________ test_dry_run_moment_host_present _______________________

persistent_db = <holdspeak.db.core.Database object at 0x1117a6ad0>
settings_path = PosixPath('/private/var/folders/q7/5dzz5g2116b3lq8rhg7hwjrr0000gn/T/pytest-of-karol/pytest-750/test_dry_run_moment_host_prese0/config.json')

    def test_dry_run_moment_host_present(persistent_db: Database, settings_path: Path) -> None:
        Config().save(path=settings_path)
        response = _client(persistent_db).get("/dictation")
        assert '<div id="root"></div>' in response.text
        source = (Path(__file__).resolve().parents[2] / "web/src/pages/cores/DictationCore.tsx").read_text()
>       assert "Pipeline result" in source and "/api/dictation/dry-run" in source
E       assert ('Pipeline result' in "// HS-95-05 — the Dictation surface's core, hosted anywhere.\n// HS-98-02 — re-crafted native on the window material....> void exportJournal()}\n          >\n            Export\n          </button>\n        }\n      />\n    </>\n  );\n}\n")

tests/integration/test_web_dictation_correction_ritual.py:92: AssertionError
___________________ test_dictation_page_includes_memory_tab ____________________

test_client = <starlette.testclient.TestClient object at 0x110dcd710>

    def test_dictation_page_includes_memory_tab(test_client: TestClient) -> None:
        assert '<div id="root"></div>' in test_client.get("/dictation").text
        source = (Path(__file__).resolve().parents[2] / "web/src/pages/cores/DictationCore.tsx").read_text()
        # HS-100-07: correction memory lives behind the Speak door.
        assert "<Memory />" in source
>       assert "/api/dictation/corrections" in source
E       assert '/api/dictation/corrections' in "// HS-95-05 — the Dictation surface's core, hosted anywhere.\n// HS-98-02 — re-crafted native on the window material....> void exportJournal()}\n          >\n            Export\n          </button>\n        }\n      />\n    </>\n  );\n}\n"

tests/integration/test_web_dictation_corrections_api.py:198: AssertionError
________________________ test_journal_empty_by_default _________________________

test_client = <starlette.testclient.TestClient object at 0x10fb8f5b0>
settings_path = PosixPath('/private/var/folders/q7/5dzz5g2116b3lq8rhg7hwjrr0000gn/T/pytest-of-karol/pytest-750/test_journal_empty_by_default0/config.json')

    def test_journal_empty_by_default(test_client: TestClient, settings_path: Path) -> None:
        body = test_client.get("/api/dictation/journal").json()
        assert body["enabled"] is True  # journal defaults ON
>       assert body["count"] == 0
E       assert 5 == 0

tests/integration/test_web_dictation_journal.py:73: AssertionError
___________________ test_dictation_page_includes_journal_tab ___________________

test_client = <starlette.testclient.TestClient object at 0x1129004b0>

    def test_dictation_page_includes_journal_tab(test_client: TestClient) -> None:
        assert '<div id="root"></div>' in test_client.get("/dictation").text
        source = (Path(__file__).resolve().parents[2] / "web/src/pages/cores/DictationCore.tsx").read_text()
        # HS-100-07: the Journal is a head wing of Speak.
        assert '{ id: "journal", label: "Journal" }' in source
        assert "/api/dictation/journal" in source
>       assert "Search the journal" in source and "Clear all?" in source
E       assert ('Search the journal' in "// HS-95-05 — the Dictation surface's core, hosted anywhere.\n// HS-98-02 — re-crafted native on the window material....> void exportJournal()}\n          >\n            Export\n          </button>\n        }\n      />\n    </>\n  );\n}\n")

tests/integration/test_web_dictation_journal.py:141: AssertionError
_______________ test_dictation_journal_premium_and_a11y_markers ________________

test_client = <starlette.testclient.TestClient object at 0x10fee3770>

    def test_dictation_journal_premium_and_a11y_markers(test_client: TestClient) -> None:
        source = (Path(__file__).resolve().parents[2] / "web/src/pages/cores/DictationCore.tsx").read_text()
        css = (Path(__file__).resolve().parents[2] / "web/src/styles/react-app.css").read_text()
>       assert "ConfirmVerb" in source and "SurfaceState" in source
E       assert ('ConfirmVerb' in "// HS-95-05 — the Dictation surface's core, hosted anywhere.\n// HS-98-02 — re-crafted native on the window material....> void exportJournal()}\n          >\n            Export\n          </button>\n        }\n      />\n    </>\n  );\n}\n")

tests/integration/test_web_dictation_journal.py:147: AssertionError
_________________ test_dictation_page_includes_learning_digest _________________

bare_client = <starlette.testclient.TestClient object at 0x1115274d0>

    def test_dictation_page_includes_learning_digest(bare_client: TestClient) -> None:
        assert '<div id="root"></div>' in bare_client.get("/dictation").text
        source = (Path(__file__).resolve().parents[2] / "web/src/pages/cores/DictationCore.tsx").read_text()
>       assert "Learning digest" in source
E       assert 'Learning digest' in "// HS-95-05 — the Dictation surface's core, hosted anywhere.\n// HS-98-02 — re-crafted native on the window material....> void exportJournal()}\n          >\n            Export\n          </button>\n        }\n      />\n    </>\n  );\n}\n"

tests/integration/test_web_dictation_learning_digest.py:117: AssertionError
____________________ test_learning_digest_styles_are_global ____________________

bare_client = <starlette.testclient.TestClient object at 0x10ff34210>

    def test_learning_digest_styles_are_global(bare_client: TestClient) -> None:
        """The digest is React-owned and composes the shared status primitives."""
        source = (Path(__file__).resolve().parents[2] / "web/src/pages/cores/DictationCore.tsx").read_text()
        # HS-111-02: the digest is a fact token row (WEEK · TAUGHT n · …),
        # never a StatusPill sentence.
>       assert "Learning digest" in source and "WEEK" in source
E       assert ('Learning digest' in "// HS-95-05 — the Dictation surface's core, hosted anywhere.\n// HS-98-02 — re-crafted native on the window material....> void exportJournal()}\n          >\n            Export\n          </button>\n        }\n      />\n    </>\n  );\n}\n")

tests/integration/test_web_dictation_learning_digest.py:126: AssertionError
_________________ test_dictation_page_includes_readiness_panel _________________

    def test_dictation_page_includes_readiness_panel() -> None:
        server = MeetingWebServer(
                     WebRuntimeCallbacks(
                         on_bookmark=MagicMock(),
                         on_stop=MagicMock(),
                         get_state=MagicMock(return_value={}),
                     )
                 )
        client = TestClient(server.app)
    
        response = client.get("/dictation")
    
        assert response.status_code == 200
        assert '<div id="root"></div>' in response.text
        js = (Path(__file__).resolve().parents[2] / "web/src/pages/cores/DictationCore.tsx").read_text()
>       assert "/api/dictation/readiness" in js
E       assert '/api/dictation/readiness' in "// HS-95-05 — the Dictation surface's core, hosted anywhere.\n// HS-98-02 — re-crafted native on the window material....> void exportJournal()}\n          >\n            Export\n          </button>\n        }\n      />\n    </>\n  );\n}\n"

tests/integration/test_web_dictation_readiness_api.py:338: AssertionError
_________________ test_dictation_page_includes_runtime_section _________________

    def test_dictation_page_includes_runtime_section() -> None:
        server = MeetingWebServer(
                     WebRuntimeCallbacks(
                         on_bookmark=MagicMock(),
                         on_stop=MagicMock(),
                         get_state=MagicMock(return_value={}),
                     )
                 )
        client = TestClient(server.app)
        response = client.get("/dictation")
        assert response.status_code == 200
        assert '<div id="root"></div>' in response.text
        source = (Path(__file__).resolve().parents[2] / "web/src/pages/cores/DictationCore.tsx").read_text()
        # HS-100-07: runtime configuration lives behind the Speak door.
        assert "<Runtime />" in source
        # HS-112-01: the runtime face is a handover to the Prefs models module
        # (the one dial) — it never embeds or re-derives an endpoint editor.
>       assert 'label="Dictation runtime"' in source
E       assert 'label="Dictation runtime"' in "// HS-95-05 — the Dictation surface's core, hosted anywhere.\n// HS-98-02 — re-crafted native on the window material....> void exportJournal()}\n          >\n            Export\n          </button>\n        }\n      />\n    </>\n  );\n}\n"

tests/integration/test_web_dictation_settings_api.py:449: AssertionError
________________________ test_trust_chip_css_is_global _________________________

persistent_db = <holdspeak.db.core.Database object at 0x10f0e5950>
settings_path = PosixPath('/private/var/folders/q7/5dzz5g2116b3lq8rhg7hwjrr0000gn/T/pytest-of-karol/pytest-750/test_trust_chip_css_is_global0/config.json')

    def test_trust_chip_css_is_global(persistent_db: Database, settings_path: Path) -> None:
        """Trust feedback is React-owned and lands in the ONE footer receipt
        bar (HS-111-02): the toast-banner species (InlineMessage/StatusPill)
        must never come back to this program."""
        source = (Path(__file__).resolve().parents[2] / "web/src/pages/cores/DictationCore.tsx").read_text()
>       assert "speak-receipt" in source and "ReceiptContext" in source
E       assert ('speak-receipt' in "// HS-95-05 — the Dictation surface's core, hosted anywhere.\n// HS-98-02 — re-crafted native on the window material....> void exportJournal()}\n          >\n            Export\n          </button>\n        }\n      />\n    </>\n  );\n}\n")

tests/integration/test_web_dictation_trust_signals.py:202: AssertionError
_________________ test_dictation_page_includes_dry_run_section _________________

    def test_dictation_page_includes_dry_run_section() -> None:
        server = MeetingWebServer(
                     WebRuntimeCallbacks(
                         on_bookmark=MagicMock(),
                         on_stop=MagicMock(),
                         get_state=MagicMock(return_value={}),
                     )
                 )
        client = TestClient(server.app)
        response = client.get("/dictation")
        assert response.status_code == 200
        assert '<div id="root"></div>' in response.text
        js = (Path(__file__).resolve().parents[2] / "web/src/pages/cores/DictationCore.tsx").read_text()
>       assert "/api/dictation/dry-run" in js
E       assert '/api/dictation/dry-run' in "// HS-95-05 — the Dictation surface's core, hosted anywhere.\n// HS-98-02 — re-crafted native on the window material....> void exportJournal()}\n          >\n            Export\n          </button>\n        }\n      />\n    </>\n  );\n}\n"

tests/integration/test_web_dry_run_api.py:487: AssertionError
____________ test_history_uses_bounded_archive_and_detail_sections _____________

    def test_history_uses_bounded_archive_and_detail_sections() -> None:
        page = (_REPO / "web/src/pages/cores/HistoryCore.tsx").read_text()
        for tab in ("meetings", "actions", "speakers", "projects", "queues"):
>           assert f'"{tab}"' in page
E           assert '"actions"' in 'import { SurfaceFooter } from "../../desk/surface/SurfaceFooter";\n// HS-117-09 — decomposed shell: sub-components li...{() => void removeSelected()}\n            />\n          </span>\n        ) : null}\n      </>} />\n    </>\n  );\n}\n'

tests/integration/test_web_history_archive.py:10: AssertionError
______________ test_history_keeps_approval_and_export_governance _______________

    def test_history_keeps_approval_and_export_governance() -> None:
        page = (_REPO / "web/src/pages/cores/HistoryCore.tsx").read_text()
>       assert '"approved"' in page and '"rejected"' in page
E       assert ('"approved"' in 'import { SurfaceFooter } from "../../desk/surface/SurfaceFooter";\n// HS-117-09 — decomposed shell: sub-components li...{() => void removeSelected()}\n            />\n          </span>\n        ) : null}\n      </>} />\n    </>\n  );\n}\n')

tests/integration/test_web_history_archive.py:18: AssertionError
_________________ test_history_has_audio_and_transcript_import _________________

    def test_history_has_audio_and_transcript_import() -> None:
        page = _page()
        # HS-102-04: Record leads; import is the in-surface ImportSection
        # with the drop well ("or drop a recording below").
        assert "Record meeting" in page and "ImportSection" in page
        for suffix in (".wav", ".mp3", ".m4a", ".flac", ".vtt", ".srt", ".txt"):
>           assert suffix in page
E           assert '.wav' in 'import { SurfaceFooter } from "../../desk/surface/SurfaceFooter";\n// HS-117-09 — decomposed shell: sub-components li...{() => void removeSelected()}\n            />\n          </span>\n        ) : null}\n      </>} />\n    </>\n  );\n}\n'

tests/integration/test_web_history_import_ui.py:17: AssertionError
_______________ test_history_search_uses_backend_search_contract _______________

    def test_history_search_uses_backend_search_contract() -> None:
        page = _page()
>       assert 'meetingParams.set("search", query)' in page
E       assert 'meetingParams.set("search", query)' in 'import { SurfaceFooter } from "../../desk/surface/SurfaceFooter";\n// HS-117-09 — decomposed shell: sub-components li...{() => void removeSelected()}\n            />\n          </span>\n        ) : null}\n      </>} />\n    </>\n  );\n}\n'

tests/integration/test_web_history_import_ui.py:32: AssertionError
_______________ test_failed_import_and_queue_states_stay_visible _______________

    def test_failed_import_and_queue_states_stay_visible() -> None:
        page = _page()
>       assert "import_failed" in page
E       assert 'import_failed' in 'import { SurfaceFooter } from "../../desk/surface/SurfaceFooter";\n// HS-117-09 — decomposed shell: sub-components li...{() => void removeSelected()}\n            />\n          </span>\n        ) : null}\n      </>} />\n    </>\n  );\n}\n'

tests/integration/test_web_history_import_ui.py:38: AssertionError
_______________ test_dictation_page_includes_project_kb_section ________________

    def test_dictation_page_includes_project_kb_section() -> None:
        """The `/dictation` page must surface the KB editor (HS-4-03)."""
        server = MeetingWebServer(
                     WebRuntimeCallbacks(
                         on_bookmark=MagicMock(),
                         on_stop=MagicMock(),
                         get_state=MagicMock(return_value={}),
                     )
                 )
        client = TestClient(server.app)
        response = client.get("/dictation")
        assert response.status_code == 200
        assert '<div id="root"></div>' in response.text
        js = (Path(__file__).resolve().parents[2] / "web/src/pages/cores/DictationCore.tsx").read_text()
>       assert "Project scope" in js
E       assert 'Project scope' in "// HS-95-05 — the Dictation surface's core, hosted anywhere.\n// HS-98-02 — re-crafted native on the window material....> void exportJournal()}\n          >\n            Export\n          </button>\n        }\n      />\n    </>\n  );\n}\n"

tests/integration/test_web_project_kb_api.py:612: AssertionError
_ TestDashboardEndpoint.test_dashboard_bootstrap_prefers_runtime_status_payload _

self = <tests.integration.test_web_server.TestDashboardEndpoint object at 0x10e7dee00>
test_client = <starlette.testclient.TestClient object at 0x1116f2190>

    def test_dashboard_bootstrap_prefers_runtime_status_payload(self, test_client):
        """The runtime-status payload is still preferred at bootstrap.
        The factory function lives in the bundled chunk (HS-10-06)."""
        js = self._bundled_runtime_js(test_client)
>       assert 'useResource<JsonRecord>("/api/runtime/status"' in js
E       assert 'useResource<JsonRecord>("/api/runtime/status"' in 'import { SurfaceFooter } from "../../desk/surface/SurfaceFooter";\n// HS-95-06 — the live meeting\'s core: record, wa..."}\n          {segments.length ? ` · ${segments.length} SEG` : ""}\n        </span>\n      </>} />\n    </>\n  );\n}\n'

tests/integration/test_web_server.py:353: AssertionError
_ TestRuntimeControlEndpoints.test_meeting_stop_prefers_on_meeting_stop_callback _

self = <MagicMock id='4543582896'>

    def assert_called_once(self):
        """assert that the mock was called only once.
        """
        if not self.call_count == 1:
            msg = ("Expected '%s' to have been called once. Called %s times.%s"
                   % (self._mock_name or 'mock',
                      self.call_count,
                      self._calls_repr()))
>           raise AssertionError(msg)
E           AssertionError: Expected 'mock' to have been called once. Called 0 times.

/Users/karol/.local/share/uv/python/cpython-3.13.14-macos-aarch64-none/lib/python3.13/unittest/mock.py:958: AssertionError

During handling of the above exception, another exception occurred:

self = <tests.integration.test_web_server.TestRuntimeControlEndpoints object at 0x10e7de470>
mock_callbacks = {'get_state': <MagicMock id='4545212976'>, 'on_bookmark': <MagicMock id='4543690272'>, 'on_stop': <MagicMock id='4545211632'>}

    def test_meeting_stop_prefers_on_meeting_stop_callback(self, mock_callbacks):
        on_meeting_stop = MagicMock(return_value={"status": "meeting_stopped"})
        server = MeetingWebServer(
                     WebRuntimeCallbacks(
                         on_bookmark=mock_callbacks["on_bookmark"],
                         on_stop=mock_callbacks["on_stop"],
                         on_meeting_stop=on_meeting_stop,
                         get_state=mock_callbacks["get_state"],
                     ),
                     host="127.0.0.1",
                 )
        client = TestClient(server.app)
    
        response = client.post("/api/meeting/stop")
        assert response.status_code == 200
        assert response.json()["success"] is True
>       on_meeting_stop.assert_called_once()
E       AssertionError: Expected 'mock' to have been called once. Called 0 times.

tests/integration/test_web_server.py:1042: AssertionError
_______ TestMirHistoryApiEndpoints.test_meeting_intent_timeline_endpoint _______

self = <tests.integration.test_web_server.TestMirHistoryApiEndpoints object at 0x10e503110>
monkeypatch = <_pytest.monkeypatch.MonkeyPatch object at 0x111a9e740>
test_client = <starlette.testclient.TestClient object at 0x112ec3690>

    def test_meeting_intent_timeline_endpoint(self, monkeypatch, test_client):
        now = datetime(2026, 3, 29, 18, 0, 0)
    
        class FakeDb:
            plugins = property(lambda self: self)
            meetings = property(lambda self: self)
            def get_meeting(self, meeting_id):
                if meeting_id != "m-001":
                    return None
                return SimpleNamespace(id="m-001")
    
            def list_intent_windows(self, meeting_id, *, limit=200):
                _ = meeting_id, limit
                return [
                    SimpleNamespace(
                        meeting_id="m-001",
                        window_id="m-001:w0001",
                        start_seconds=0.0,
                        end_seconds=90.0,
                        transcript_hash="h-1",
                        transcript_excerpt="Architecture and scope planning",
                        profile="balanced",
                        threshold=0.6,
                        active_intents=["architecture", "delivery"],
                        intent_scores={"architecture": 0.81, "delivery": 0.72},
                        override_intents=[],
                        tags=["architecture"],
                        metadata={"source": "route_preview"},
                        created_at=now,
                        updated_at=now,
                    ),
                    SimpleNamespace(
                        meeting_id="m-001",
                        window_id="m-001:w0002",
                        start_seconds=30.0,
                        end_seconds=120.0,
                        transcript_hash="h-2",
                        transcript_excerpt="Incident mitigation and handoff",
                        profile="incident_response",
                        threshold=0.5,
                        active_intents=["incident"],
                        intent_scores={"incident": 0.93},
                        override_intents=["incident"],
                        tags=["incident"],
                        metadata={"source": "route_preview"},
                        created_at=now,
                        updated_at=now,
                    ),
                ]
    
        import holdspeak.db as db_module
    
        monkeypatch.setattr(db_module, "get_database", lambda: FakeDb())
    
        response = test_client.get("/api/meetings/m-001/intent-timeline?limit=25")
>       assert response.status_code == 200
E       assert 404 == 200
E        +  where 404 = <Response [404 Not Found]>.status_code

tests/integration/test_web_server.py:1197: AssertionError
_________ TestMirHistoryApiEndpoints.test_meeting_plugin_runs_endpoint _________

self = <tests.integration.test_web_server.TestMirHistoryApiEndpoints object at 0x10e502e90>
monkeypatch = <_pytest.monkeypatch.MonkeyPatch object at 0x110e58a60>
test_client = <starlette.testclient.TestClient object at 0x110510830>

    def test_meeting_plugin_runs_endpoint(self, monkeypatch, test_client):
        now = datetime(2026, 3, 29, 18, 0, 0)
    
        class FakeDb:
            plugins = property(lambda self: self)
            meetings = property(lambda self: self)
            def get_meeting(self, meeting_id):
                if meeting_id != "m-001":
                    return None
                return SimpleNamespace(id="m-001")
    
            def list_plugin_runs(self, meeting_id, *, window_id=None, limit=500):
                _ = meeting_id, limit
                all_runs = [
                    SimpleNamespace(
                        id=11,
                        meeting_id="m-001",
                        window_id="m-001:w0002",
                        plugin_id="incident_timeline",
                        plugin_version="preview",
                        status="planned",
                        idempotency_key="idem-2",
                        duration_ms=0.0,
                        output={"source": "route_preview"},
                        error=None,
                        deduped=False,
                        created_at=now,
                        updated_at=now,
                    ),
                    SimpleNamespace(
                        id=10,
                        meeting_id="m-001",
                        window_id="m-001:w0001",
                        plugin_id="requirements_extractor",
                        plugin_version="1.0.0",
                        status="success",
                        idempotency_key="idem-1",
                        duration_ms=44.2,
                        output={"requirements": 4},
                        error=None,
                        deduped=False,
                        created_at=now,
                        updated_at=now,
                    ),
                ]
                if window_id:
                    return [run for run in all_runs if run.window_id == window_id]
                return all_runs
    
        import holdspeak.db as db_module
    
        monkeypatch.setattr(db_module, "get_database", lambda: FakeDb())
    
        response = test_client.get("/api/meetings/m-001/plugin-runs?limit=50")
>       assert response.status_code == 200
E       assert 404 == 200
E        +  where 404 = <Response [404 Not Found]>.status_code

tests/integration/test_web_server.py:1263: AssertionError
__________ TestMirHistoryApiEndpoints.test_meeting_artifacts_endpoint __________

self = <tests.integration.test_web_server.TestMirHistoryApiEndpoints object at 0x10e359a70>
monkeypatch = <_pytest.monkeypatch.MonkeyPatch object at 0x10fe3c750>
test_client = <starlette.testclient.TestClient object at 0x111b10670>

    def test_meeting_artifacts_endpoint(self, monkeypatch, test_client):
        now = datetime(2026, 3, 29, 18, 0, 0)
    
        class FakeDb:
            plugins = property(lambda self: self)
            meetings = property(lambda self: self)
            def get_meeting(self, meeting_id):
                if meeting_id != "m-001":
                    return None
                return SimpleNamespace(id="m-001")
    
            def list_artifacts(self, meeting_id, *, limit=200):
                _ = meeting_id, limit
                return [
                    SimpleNamespace(
                        id="art-001",
                        meeting_id="m-001",
                        artifact_type="requirements",
                        title="Requirements Extractor",
                        body_markdown="### Requirements\n\nDefine API acceptance criteria.",
                        structured_json={"plugin_run_ids": ["10"], "window_ids": ["m-001:w0001"]},
                        confidence=0.82,
                        status="draft",
                        plugin_id="requirements_extractor",
                        plugin_version="1.0.0",
                        sources=[
                            {"source_type": "intent_window", "source_ref": "m-001:w0001"},
                            {"source_type": "plugin_run", "source_ref": "10"},
                        ],
                        created_at=now,
                        updated_at=now,
                        origin="meeting",
                    )
                ]
    
        import holdspeak.db as db_module
    
        monkeypatch.setattr(db_module, "get_database", lambda: FakeDb())
    
        response = test_client.get("/api/meetings/m-001/artifacts?limit=25")
>       assert response.status_code == 200
E       assert 404 == 200
E        +  where 404 = <Response [404 Not Found]>.status_code

tests/integration/test_web_server.py:1320: AssertionError
_ TestMirHistoryApiEndpoints.test_meeting_export_endpoint_renders_handoff_formats _

self = <tests.integration.test_web_server.TestMirHistoryApiEndpoints object at 0x10e359f30>
monkeypatch = <_pytest.monkeypatch.MonkeyPatch object at 0x110e5b7e0>
test_client = <starlette.testclient.TestClient object at 0x1118b82f0>

    def test_meeting_export_endpoint_renders_handoff_formats(self, monkeypatch, test_client):
        now = datetime(2026, 3, 29, 18, 0, 0)
        meeting = MeetingState(
            id="m-export",
            started_at=now,
            title="Export Handoff",
            segments=[
                TranscriptSegment(
                    text="Define API acceptance criteria.",
                    speaker="Me",
                    start_time=0.0,
                    end_time=4.0,
                )
            ],
            intel=IntelSnapshot(
                timestamp=10.0,
                topics=["API"],
                action_items=[
                    {
                        "id": "ai-1",
                        "task": "Send requirements",
                        "owner": "Me",
                        "due": "Friday",
                        "status": "pending",
                        "review_state": "accepted",
                        "source_timestamp": 125.5,
                    }
                ],
                summary="Discussed export handoff.",
            ),
        )
    
        class FakeDb:
            plugins = property(lambda self: self)
            meetings = property(lambda self: self)
            def get_meeting(self, meeting_id):
                return meeting if meeting_id == "m-export" else None
    
            def list_artifacts(self, meeting_id, *, limit=200):
                _ = meeting_id, limit
                return [
                    SimpleNamespace(
                        id="art-001",
                        meeting_id="m-export",
                        artifact_type="requirements",
                        title="API Requirements",
                        body_markdown="### Requirements\n\nDefine API acceptance criteria.",
                        structured_json={"items": 1},
                        confidence=0.82,
                        status="needs_review",
                        plugin_id="requirements_extractor",
                        plugin_version="1.0.0",
                        sources=[{"source_type": "intent_window", "source_ref": "w-1"}],
                        created_at=now,
                        updated_at=now,
                    )
                ]
    
        import holdspeak.db as db_module
    
        monkeypatch.setattr(db_module, "get_database", lambda: FakeDb())
    
        markdown = test_client.get("/api/meetings/m-export/export?format=markdown")
>       assert markdown.status_code == 200
E       assert 404 == 200
E        +  where 404 = <Response [404 Not Found]>.status_code

tests/integration/test_web_server.py:1398: AssertionError
_ TestMirHistoryApiEndpoints.test_legacy_meeting_without_mir_history_rows_remains_loadable _

self = <tests.integration.test_web_server.TestMirHistoryApiEndpoints object at 0x10e525490>
monkeypatch = <_pytest.monkeypatch.MonkeyPatch object at 0x10fe3cd00>
test_client = <starlette.testclient.TestClient object at 0x11152c670>

    def test_legacy_meeting_without_mir_history_rows_remains_loadable(self, monkeypatch, test_client):
        class FakeDb:
            plugins = property(lambda self: self)
            meetings = property(lambda self: self)
            def get_meeting(self, meeting_id):
                if meeting_id != "m-legacy":
                    return None
                return SimpleNamespace(id="m-legacy")
    
            def list_intent_windows(self, meeting_id, *, limit=200):
                _ = meeting_id, limit
                return []
    
            def list_plugin_runs(self, meeting_id, *, window_id=None, limit=500):
                _ = meeting_id, window_id, limit
                return []
    
            def list_artifacts(self, meeting_id, *, limit=200):
                _ = meeting_id, limit
                return []
    
        import holdspeak.db as db_module
    
        monkeypatch.setattr(db_module, "get_database", lambda: FakeDb())
    
        timeline = test_client.get("/api/meetings/m-legacy/intent-timeline")
>       assert timeline.status_code == 200
E       assert 404 == 200
E        +  where 404 = <Response [404 Not Found]>.status_code

tests/integration/test_web_server.py:1445: AssertionError
_ TestMirHistoryApiEndpoints.test_cli_reroute_persistence_is_visible_in_timeline_api _

self = <tests.integration.test_web_server.TestMirHistoryApiEndpoints object at 0x10e7de250>
monkeypatch = <_pytest.monkeypatch.MonkeyPatch object at 0x1131ae3c0>
test_client = <starlette.testclient.TestClient object at 0x1104c5fd0>

    def test_cli_reroute_persistence_is_visible_in_timeline_api(self, monkeypatch, test_client):
        now = datetime(2026, 3, 29, 19, 30, 0)
        windows_by_id: dict[str, dict[str, object]] = {}
        meeting = SimpleNamespace(
            id="m-reroute",
            title="Reroute Demo",
            tags=["incident"],
            segments=[
                SimpleNamespace(speaker="Me", text="We have an active incident bridge.", end_time=9.0),
                SimpleNamespace(speaker="Remote", text="Draft stakeholder comms and runbook changes.", end_time=18.0),
            ],
            duration=18.0,
            transcript_hash=lambda: "reroute-hash",
        )
    
        class FakeDb:
            plugins = property(lambda self: self)
            meetings = property(lambda self: self)
            def get_meeting(self, meeting_id):
                if meeting_id != "m-reroute":
                    return None
                return meeting
    
            def record_intent_window(self, **kwargs):
                windows_by_id[str(kwargs["window_id"])] = dict(kwargs)
    
            def list_intent_windows(self, meeting_id, *, limit=200):
                _ = limit
                if meeting_id != "m-reroute":
                    return []
                output = []
                for row in windows_by_id.values():
                    output.append(
                        SimpleNamespace(
                            meeting_id=str(row["meeting_id"]),
                            window_id=str(row["window_id"]),
                            start_seconds=float(row.get("start_seconds") or 0.0),
                            end_seconds=float(row.get("end_seconds") or 0.0),
                            transcript_hash=str(row.get("transcript_hash") or ""),
                            transcript_excerpt=str(row.get("transcript_excerpt") or ""),
                            profile=str(row.get("profile") or "balanced"),
                            threshold=float(row.get("threshold") or 0.6),
                            active_intents=list(row.get("active_intents") or []),
                            intent_scores=dict(row.get("intent_scores") or {}),
                            override_intents=list(row.get("override_intents") or []),
                            tags=list(row.get("tags") or []),
                            metadata=dict(row.get("metadata") or {}),
                            created_at=now,
                            updated_at=now,
                        )
                    )
                return output
    
        fake_db = FakeDb()
        import holdspeak.db as db_module
        import holdspeak.commands.intel as intel_command
    
        monkeypatch.setattr(db_module, "get_database", lambda: fake_db)
        monkeypatch.setattr(intel_command, "get_database", lambda: fake_db)
        monkeypatch.setattr(
            intel_command,
            "Config",
            SimpleNamespace(
                load=lambda: SimpleNamespace(
                    meeting=SimpleNamespace(mir_profile="balanced"),
                )
            ),
        )
    
        rc = intel_command.run_intel_command(
            SimpleNamespace(
                process=False,
                retry=None,
                retry_failed=False,
                route_dry_run=None,
                reroute="m-reroute",
                profile="incident",
                threshold=0.65,
                override_intents="incident,comms",
                status="all",
                limit=20,
                max_jobs=None,
            )
        )
        assert rc == 0
    
        response = test_client.get("/api/meetings/m-reroute/intent-timeline")
>       assert response.status_code == 200
E       assert 404 == 200
E        +  where 404 = <Response [404 Not Found]>.status_code

tests/integration/test_web_server.py:1550: AssertionError
----------------------------- Captured stdout call -----------------------------
{
  "execute_error": "'FakeDb' object has no attribute 'list_plugin_runs'",
  "executed": false,
  "meeting_id": "m-reroute",
  "meeting_tags": [
    "incident"
  ],
  "meeting_title": "Reroute Demo",
  "mode": "reroute",
  "persisted_window_id": "m-reroute:cli-reroute",
  "route": {
    "active_intents": [
      "incident",
      "comms"
    ],
    "hysteresis_applied": false,
    "intent_scores": {
      "architecture": 0.0,
      "comms": 0.22,
      "delivery": 0.0,
      "incident": 0.42,
      "product": 0.0
    },
    "override_intents": [
      "incident",
      "comms"
    ],
    "plugin_chain": [
      "project_detector",
      "incident_timeline",
      "risk_heatmap",
      "stakeholder_update_drafter",
      "runbook_delta",
      "decision_announcement_drafter"
    ],
    "profile": "incident",
    "threshold": 0.65
  },
  "segment_count": 2,
  "success": true,
  "transcript_chars": 91
}
_ TestMeetingMetadataEndpoints.test_meeting_patch_falls_back_to_title_and_tags_callbacks _

self = <tests.integration.test_web_server.TestMeetingMetadataEndpoints object at 0x10f480550>
mock_callbacks = {'get_state': <MagicMock id='4544109872'>, 'on_bookmark': <MagicMock id='4544108864'>, 'on_stop': <MagicMock id='4544107520'>}

    def test_meeting_patch_falls_back_to_title_and_tags_callbacks(self, mock_callbacks):
        on_set_title = MagicMock()
        on_set_tags = MagicMock()
        get_state = MagicMock(
            return_value={
                "id": "meeting-2",
                "meeting_active": True,
                "title": "Retro",
                "tags": ["team"],
            }
        )
        server = MeetingWebServer(
                     WebRuntimeCallbacks(
                         on_bookmark=mock_callbacks["on_bookmark"],
                         on_stop=mock_callbacks["on_stop"],
                         get_state=get_state,
                         on_set_title=on_set_title,
                         on_set_tags=on_set_tags,
                     ),
                     host="127.0.0.1",
                 )
        client = TestClient(server.app)
    
        response = client.patch("/api/meeting", json={"title": "Retro", "tags": ["team"]})
>       assert response.status_code == 200
E       assert 500 == 200
E        +  where 500 = <Response [500 Internal Server Error]>.status_code

tests/integration/test_web_server.py:1617: AssertionError
------------------------------ Captured log call -------------------------------
ERROR    holdspeak.web.routes.meetings:live.py:129 Failed to update meeting: Unknown meeting: meeting-2
_ TestHistoryUiSmoke.test_history_page_contains_control_plane_tabs_and_handlers _

self = <tests.integration.test_web_server.TestHistoryUiSmoke object at 0x10f480690>
test_client = <starlette.testclient.TestClient object at 0x112ed8ad0>

    def test_history_page_contains_control_plane_tabs_and_handlers(self, test_client):
        """HS-10-08: /history rebuilt on AppLayout. Visible labels +
        DOM markers must remain in the served HTML; the JS handler
        identifiers + API endpoint strings now live in the bundled
        hoisted chunk referenced from the HTML."""
        import re
    
        response = test_client.get("/history")
        assert response.status_code == 200
        assert "text/html" in response.headers["content-type"]
    
        assert '<div id="root"></div>' in response.text
        js = (Path(__file__).resolve().parents[2] / "web/src/pages/cores/HistoryCore.tsx").read_text()
        for marker in ("meetings", "actions", "speakers", "projects", "queues", "MeetingDetail", "ImportSection"):
>           assert marker in js
E           assert 'queues' in 'import { SurfaceFooter } from "../../desk/surface/SurfaceFooter";\n// HS-117-09 — decomposed shell: sub-components li...{() => void removeSelected()}\n            />\n          </span>\n        ) : null}\n      </>} />\n    </>\n  );\n}\n'

tests/integration/test_web_server.py:1812: AssertionError
________________ TestSpeakerApiEndpoints.test_speaker_endpoints ________________

self = <tests.integration.test_web_server.TestSpeakerApiEndpoints object at 0x10f480910>
monkeypatch = <_pytest.monkeypatch.MonkeyPatch object at 0x112f800c0>
test_client = <starlette.testclient.TestClient object at 0x110ef0e50>

    def test_speaker_endpoints(self, monkeypatch, test_client):
        class FakeDb:
            meetings = property(lambda self: self)
            def __init__(self):
                self._speakers = {
                    "spk-1": SimpleNamespace(id="spk-1", name="Alice", avatar="👩", sample_count=4),
                    "spk-2": SimpleNamespace(id="spk-2", name="Bob", avatar="🧑", sample_count=2),
                }
    
            def get_all_speakers(self):
                return list(self._speakers.values())
    
            def get_speaker_stats(self, speaker_id):
                return {
                    "total_segments": 7 if speaker_id == "spk-1" else 3,
                    "total_speaking_time": 61.0 if speaker_id == "spk-1" else 21.0,
                    "meeting_count": 2 if speaker_id == "spk-1" else 1,
                    "first_seen": datetime(2025, 1, 10, 9, 0, 0),
                    "last_seen": datetime(2025, 1, 11, 10, 30, 0),
                }
    
            def get_speaker(self, speaker_id):
                return self._speakers.get(speaker_id)
    
            def get_speaker_segments(self, speaker_id, limit=500):
                _ = limit
                if speaker_id not in self._speakers:
                    return []
                return [
                    {
                        "meeting_id": "m-001",
                        "meeting_title": "Weekly sync",
                        "meeting_date": datetime(2025, 1, 11, 10, 30, 0),
                        "meeting_duration": 1200.0,
                        "segments": [
                            {"text": "Action item follow-up", "speaker": "Alice", "start_time": 42.0, "end_time": 48.0, "is_bookmarked": False}
                        ],
                    }
                ]
    
            def update_speaker_name(self, speaker_id, name):
                speaker = self._speakers.get(speaker_id)
                if speaker is None:
                    return False
                speaker.name = name
                return True
    
            def update_speaker_avatar(self, speaker_id, avatar):
                speaker = self._speakers.get(speaker_id)
                if speaker is None:
                    return False
                speaker.avatar = avatar
                return True
    
        fake_db = FakeDb()
        import holdspeak.db as db_module
        monkeypatch.setattr(db_module, "get_database", lambda: fake_db)
    
        list_response = test_client.get("/api/speakers")
        assert list_response.status_code == 200
        list_data = list_response.json()
>       assert list_data["total"] == 2
E       assert 0 == 2

tests/integration/test_web_server.py:2088: AssertionError
_ TestGlobalActionItemsApiEndpoints.test_action_item_endpoints_include_review_and_edit _

self = <tests.integration.test_web_server.TestGlobalActionItemsApiEndpoints object at 0x10f480a50>
monkeypatch = <_pytest.monkeypatch.MonkeyPatch object at 0x112f80050>
test_client = <starlette.testclient.TestClient object at 0x1103e8e50>

    def test_action_item_endpoints_include_review_and_edit(self, monkeypatch, test_client):
        now = datetime(2025, 1, 12, 9, 0, 0)
    
        class FakeDb:
            meetings = property(lambda self: self)
            def __init__(self):
                self._items = {
                    "a-1": SimpleNamespace(
                        id="a-1",
                        task="Initial task",
                        owner="Me",
                        due=None,
                        status="pending",
                        review_state="pending",
                        source_timestamp=125.5,
                        meeting_id="m-001",
                        meeting_title="Weekly sync",
                        meeting_date=now,
                        created_at=now,
                        completed_at=None,
                        reviewed_at=None,
                    )
                }
    
            def list_action_items(self, include_completed=False, owner=None, meeting_id=None):
                items = list(self._items.values())
                if not include_completed:
                    items = [item for item in items if item.status == "pending"]
                if owner:
                    items = [item for item in items if item.owner == owner]
                if meeting_id:
                    items = [item for item in items if item.meeting_id == meeting_id]
                return items
    
            def get_action_item(self, item_id):
                return self._items.get(item_id)
    
            def update_action_item_status(self, item_id, status):
                item = self._items.get(item_id)
                if item is None:
                    return False
                item.status = status
                item.completed_at = now if status in {"done", "dismissed"} else None
                return True
    
            def update_action_item_review_state(self, item_id, review_state):
                item = self._items.get(item_id)
                if item is None:
                    return False
                item.review_state = review_state
                item.reviewed_at = now if review_state == "accepted" else None
                return True
    
            def edit_action_item(self, item_id, *, task, owner, due):
                item = self._items.get(item_id)
                if item is None:
                    return False
                item.task = task
                item.owner = owner or None
                item.due = due or None
                item.review_state = "accepted"
                item.reviewed_at = now
                return True
    
        import holdspeak.db as db_module
        monkeypatch.setattr(db_module, "get_database", lambda: FakeDb())
    
        list_response = test_client.get("/api/all-action-items?include_completed=true")
        assert list_response.status_code == 200
        payload = list_response.json()["action_items"][0]
>       assert payload["review_state"] == "pending"
E       AssertionError: assert 'accepted' == 'pending'
E         
E         - pending
E         + accepted

tests/integration/test_web_server.py:2190: AssertionError
______ TestIntelQueueApiEndpoints.test_intel_jobs_list_retry_and_process _______

self = <tests.integration.test_web_server.TestIntelQueueApiEndpoints object at 0x10f480cd0>
monkeypatch = <_pytest.monkeypatch.MonkeyPatch object at 0x11045c830>
test_client = <starlette.testclient.TestClient object at 0x10ff6ecf0>

    def test_intel_jobs_list_retry_and_process(self, monkeypatch, test_client):
        class FakeDb:
            intel = property(lambda self: self)
            meetings = property(lambda self: self)
            def list_intel_jobs(self, *, status="all", limit=20):
                _ = status, limit
                return [
                    SimpleNamespace(
                        meeting_id="m-001",
                        status="queued",
                        transcript_hash="abc123",
                        requested_at=datetime(2025, 1, 11, 10, 30, 0),
                        updated_at=datetime(2025, 1, 11, 10, 31, 0),
                        attempts=2,
                        last_error="transient issue",
                        meeting_title="Weekly sync",
                        started_at=datetime(2025, 1, 11, 10, 0, 0),
                        intel_status_detail="Queued for retry",
                    )
                ]
    
            def get_intel_queue_summary(self):
                return SimpleNamespace(
                    total_jobs=3,
                    queued_jobs=2,
                    running_jobs=0,
                    failed_jobs=1,
                    queued_due_jobs=1,
                    scheduled_retry_jobs=1,
                    next_retry_at=datetime(2025, 1, 11, 10, 45, 0),
                )
    
            def list_intel_job_attempts(self, meeting_id, *, limit=5):
                _ = meeting_id, limit
                return [
                    SimpleNamespace(
                        attempt=2,
                        outcome="scheduled_retry",
                        error="transient issue",
                        retry_at=datetime(2025, 1, 11, 10, 35, 0),
                        created_at=datetime(2025, 1, 11, 10, 31, 0),
                    )
                ]
    
            def requeue_intel_job(self, meeting_id, *, reason=None):
                _ = reason
                return meeting_id == "m-001"
    
            def request_intel_retry(self, meeting_id, *, reason=None):
                _ = reason
                return "queued" if meeting_id == "m-001" else "missing"
    
        import holdspeak.db as db_module
        monkeypatch.setattr(db_module, "get_database", lambda: FakeDb())
    
        import holdspeak.intel_queue as intel_queue_module
        monkeypatch.setattr(intel_queue_module, "drain_intel_queue", lambda *args, **kwargs: 3)
    
        jobs_response = test_client.get("/api/intel/jobs?status=queued&limit=5")
        assert jobs_response.status_code == 200
        jobs_data = jobs_response.json()
>       assert len(jobs_data["jobs"]) == 1
E       assert 4 == 1
E        +  where 4 = len([{'attempts': 4, 'intel_status_detail': "Deferred intel attempt 4/6 failed: Deferred intel failed: Cloud auth failed f...atus_detail': 'Retry remaining requested.', 'last_error': 'Retry remaining requested.', 'meeting_id': '2b1df22c', ...}])

tests/integration/test_web_server.py:2332: AssertionError
________________ test_meeting_recipe_yields_a_real_open_action _________________

real_manager = <uat.conductor.runs.RunManager object at 0x10ed192b0>

    def test_meeting_recipe_yields_a_real_open_action(real_manager):
        run = _boot_or_skip(real_manager, "golden-43")
>       result = real_manager.apply_recipe(run.id, "meeting-just-ended-open-actions")
                 ^^^^^^^^^^^^^^^^^^^^^^^^^^^^^^^^^^^^^^^^^^^^^^^^^^^^^^^^^^^^^^^^^^^^

tests/uat/test_induction_integration_43.py:52: 
_ _ _ _ _ _ _ _ _ _ _ _ _ _ _ _ _ _ _ _ _ _ _ _ _ _ _ _ _ _ _ _ _ _ _ _ _ _ _ _ 
uat/conductor/runs.py:387: in apply_recipe
    return self.recipes.apply(name, run_id, self, allow_intel=allow_intel)
           ^^^^^^^^^^^^^^^^^^^^^^^^^^^^^^^^^^^^^^^^^^^^^^^^^^^^^^^^^^^^^^^
_ _ _ _ _ _ _ _ _ _ _ _ _ _ _ _ _ _ _ _ _ _ _ _ _ _ _ _ _ _ _ _ _ _ _ _ _ _ _ _ 

self = <uat.conductor.induction.recipes.RecipeEngine object at 0x10f028830>
name = 'meeting-just-ended-open-actions', run_id = 'run-20260808T233708-4d732f'
host = <uat.conductor.runs.RunManager object at 0x10ed192b0>

    def apply(
        self, name: str, run_id: str, host: "RecipeHost", *, allow_intel: bool = True
    ) -> ApplyResult:
        order = self.registry.resolve_order(name)
        target = self.registry.load(name)
    
        if target.requires_intel and not allow_intel:
            raise RecipeError(
                f"recipe {name!r} requires intel (the .43 LAN endpoint) but "
                "intel is disabled for this apply"
            )
    
        # 1. Ensure the run is booted on the recipe's deck + cache posture.
        restarted = host.ensure_deck(run_id, target.deck, link_caches=target.link_caches)
    
        client = host.product_client(run_id)
        home = host.run_home(run_id)
        evaluator = ProbeEvaluator(client, home=home, run_id=run_id)
    
        # The combined probe is the target's own probe (includes stage the world;
        # the target's probe is the authoritative claim). Included recipes still
        # contribute their seeds/actions below.
        probe_spec = target.probe
    
        # 2. Probe-first idempotency.
        pre = evaluator.evaluate(probe_spec)
        if pre.ok and probe_spec:
            return ApplyResult(
                recipe=name,
                deck=target.deck,
                already_satisfied=True,
                probe=pre.to_dict(),
                restarted=restarted,
            )
    
        # 3. Stage: seeds (deps first), then actions (deps first).
        seed_outcomes: list[dict] = []
        action_log: list[dict] = []
        for rn in order:
            r = self.registry.load(rn)
            for seed_name in r.seeds:
                manifest = self.seed_registry.load(seed_name)
                seed_outcomes.append(Seeder(client).apply(manifest).to_dict())
            for action in r.actions:
                action_log.append(self._run_action(action, run_id, host, client))
    
        # 4. Verify.
        post = evaluator.evaluate(probe_spec)
        result = ApplyResult(
            recipe=name,
            deck=target.deck,
            already_satisfied=False,
            probe=post.to_dict(),
            seeds=seed_outcomes,
            actions=action_log,
            restarted=restarted,
        )
        if probe_spec and not post.ok:
>           raise RecipeVerifyError(
                f"recipe {name!r} failed to verify: {post.summary()}", result
            )
E           uat.conductor.induction.recipes.RecipeVerifyError: recipe 'meeting-just-ended-open-actions' failed to verify: meeting_with_open_actions: timed out after 180s: meetings present but none with ≥1 open actions: Pylon incident war room (UAT seed)(0,ready)

uat/conductor/induction/recipes.py:240: RecipeVerifyError
_________________ test_committed_manifest_matches_the_live_app _________________

committed = {'note': 'Generated by scripts/gen_api_surface.py. Do not edit by hand.', 'routes': [{'consumers': [], 'methods': ['GE...web.routes.activity.enrichment', 'path': '/api/activity/annotations'}, ...], 'unmatched_calls': {'ios': [], 'web': []}}
live = {'note': 'Generated by scripts/gen_api_surface.py. Do not edit by hand.', 'routes': [{'consumers': [], 'methods': ['GE...web.routes.activity.enrichment', 'path': '/api/activity/annotations'}, ...], 'unmatched_calls': {'ios': [], 'web': []}}

    def test_committed_manifest_matches_the_live_app(committed, live) -> None:
>       assert committed["routes"] == live["routes"], (
            "the committed API-surface manifest drifted from the live app/call "
            "sites — regenerate: uv run python scripts/gen_api_surface.py"
        )
E       AssertionError: the committed API-surface manifest drifted from the live app/call sites — regenerate: uv run python scripts/gen_api_surface.py
E       assert [{'consumers'...ations'}, ...] == [{'consumers'...ations'}, ...]
E         
E         At index 57 diff: {'path': '/api/cadence/audit', 'methods': ['GET'], 'module': 'web.routes.cadence', 'consumers': ['web']} != {'path': '/api/brief/generate', 'methods': ['POST'], 'module': 'web.routes.monday_brief', 'consumers': ['web']}
E         Right contains 11 more items, first extra item: {'consumers': [], 'methods': ['GET'], 'module': 'fastapi.applications', 'path': '/openapi.json'}
E         Use -v to get more diff

tests/unit/test_api_surface.py:52: AssertionError
________ TestDatabaseShape.test_fresh_schema_matches_canonical_snapshot ________

self = <tests.unit.test_db.TestDatabaseShape object at 0x10f483d90>
tmp_path = PosixPath('/private/var/folders/q7/5dzz5g2116b3lq8rhg7hwjrr0000gn/T/pytest-of-karol/pytest-750/test_fresh_schema_matches_cano0')
project_root = PosixPath('/private/tmp/hs-main-triage')

    def test_fresh_schema_matches_canonical_snapshot(self, tmp_path, project_root: Path):
        """HS-31-04: the migration ladder was squashed to one canonical schema.
        A fresh build must match the committed snapshot exactly — any intended
        schema change must update tests/fixtures/db_schema_canonical.txt in the
        same commit, keeping the schema honest without a version ladder."""
        import re
        import sqlite3
        from holdspeak.db import Database
    
        Database(tmp_path / "schema_check.db")
        conn = sqlite3.connect(str(tmp_path / "schema_check.db"))
        conn.row_factory = sqlite3.Row
        rows = conn.execute(
            "SELECT type, name, sql FROM sqlite_master "
            "WHERE name NOT LIKE 'sqlite_%' ORDER BY type, name"
        ).fetchall()
        actual = "\n".join(
            f"{r['type']} {r['name']}: {re.sub(r'\s+', ' ', (r['sql'] or '').strip())}"
            for r in rows
        ) + "\n"
        conn.close()
    
        snapshot = project_root / "tests" / "fixtures" / "db_schema_canonical.txt"
        expected = snapshot.read_text()
>       assert actual == expected, (
            "Fresh DB schema diverged from the canonical snapshot. If this change is "
            f"intended, regenerate {snapshot.relative_to(project_root)}."
        )
E       AssertionError: Fresh DB schema diverged from the canonical snapshot. If this change is intended, regenerate tests/fixtures/db_schema_canonical.txt.
E       assert 'index idx_ac...eaker); END\n' == 'index idx_ac...eaker); END\n'
E         
E         Skipping 4742 identical leading characters in diff, use -v to show
E         - x_decisions_lifecycle: CREATE INDEX idx_decisions_lifecycle ON decisions(lifecycle, decided_at DESC)
E         + x_decision_commitments_decision: CREATE INDEX idx_decision_commitments_decision ON decision_commitments(decision_id)
E         + index idx_decision_commitments_status: CREATE INDEX idx_decision_commitments_status ON decision_commitments(status)
E         + index idx_decisions_lifecycle: CREATE INDEX idx_decisions_lifecycle ON decisions(lifecycle, decided_at DESC)
E           index idx_decisions_meeting: CREATE INDEX idx_decisions_meeting ON decisions(source_meeting_id, decided_at DESC)...
E         
E         ...Full output truncated (200 lines hidden), use '-vv' to show

tests/unit/test_db.py:1752: AssertionError
______________ test_migrates_v38_database_to_decision_commitments ______________

tmp_path = PosixPath('/private/var/folders/q7/5dzz5g2116b3lq8rhg7hwjrr0000gn/T/pytest-of-karol/pytest-750/test_migrates_v38_database_to_0')

    def test_migrates_v38_database_to_decision_commitments(tmp_path: Path) -> None:
        path = tmp_path / "v38.db"
        reset_database()
        database = Database(path)
        with database._connection() as conn:
            conn.execute(
                "INSERT INTO meetings (id, started_at) VALUES (?, ?)",
                ("existing-meeting", "2026-08-01T09:00:00"),
            )
            conn.executescript(
                """
                DROP TABLE decision_commitments;
                DELETE FROM schema_version;
                INSERT INTO schema_version(version) VALUES (38);
                """
            )
    
        reset_database()
        migrated = Database(path)
        with migrated._connection() as conn:
            columns = {
                row[1] for row in conn.execute("PRAGMA table_info(decision_commitments)")
            }
            meeting = conn.execute(
                "SELECT id FROM meetings WHERE id = 'existing-meeting'"
            ).fetchone()
            version = conn.execute("SELECT MAX(version) FROM schema_version").fetchone()[0]
    
        assert {"id", "decision_id", "action_item_id", "owner", "due_at", "status"} <= columns
        assert meeting is not None
>       assert version == SCHEMA_VERSION == 39
E       assert 42 == 39

tests/unit/test_decision_commitments.py:40: AssertionError
------------------------------ Captured log call -------------------------------
WARNING  holdspeak.db:core.py:161 Database at /private/var/folders/q7/5dzz5g2116b3lq8rhg7hwjrr0000gn/T/pytest-of-karol/pytest-750/test_migrates_v38_database_to_0/v38.db is schema version 38; this build is 42. Backed up to /private/var/folders/q7/5dzz5g2116b3lq8rhg7hwjrr0000gn/T/pytest-of-karol/pytest-750/test_migrates_v38_database_to_0/v38.db.20260808-174434.bak before applying the schema.
_____________________ test_no_left_border_rails_in_web_css _____________________

    def test_no_left_border_rails_in_web_css() -> None:
        offenders: list[str] = []
        for css in sorted(WEB_SRC.rglob("*.css")):
            for lineno, line in enumerate(
                css.read_text(encoding="utf-8").splitlines(), start=1
            ):
                if "border-left" not in line:
                    continue
                if HARMLESS.search(line):
                    continue
                rel = css.relative_to(ROOT)
                offenders.append(f"{rel}:{lineno}: {line.strip()}")
>       assert not offenders, (
            "the left rail is banned (HS-101 canon rule 6) — remove the "
            "border-left and use the aerogel inset (.surface-aerogel / "
            "--desk-aerogel-* tokens) instead:\n" + "\n".join(offenders)
        )
E       AssertionError: the left rail is banned (HS-101 canon rule 6) — remove the border-left and use the aerogel inset (.surface-aerogel / --desk-aerogel-* tokens) instead:
E         web/src/desk/pullouts/intelligence.css:186: border-left: 1px solid var(--border);
E         web/src/desk/pullouts/intelligence.css:226: border-left: 2px solid var(--accent);
E       assert not ['web/src/desk/pullouts/intelligence.css:186: border-left: 1px solid var(--border);', 'web/src/desk/pullouts/intelligence.css:226: border-left: 2px solid var(--accent);']

tests/unit/test_interior_canon_guard.py:35: AssertionError
_ TestHubEmissionsValidate.test_pull_body_validates_against_changeset_envelope _

self = <tests.unit.test_primitive_contract.TestHubEmissionsValidate object at 0x10e331d10>
pull_body = {'artifacts': [], 'chains': [{'meta': {'deleted': False, 'id': 'c1', 'kind': 'chain', 'last_modified': '2026-08-08T23:...'last_modified': '2026-08-08T23:44:35Z', ...}}], 'decision_receipt_revisions': [], 'decision_receipt_sources': [], ...}

    def test_pull_body_validates_against_changeset_envelope(self, pull_body) -> None:
        envelope = SCHEMAS["https://holdspeak.dev/contracts/v0/changeset.schema.json"]
        # The pull body also carries meetings/artifacts buckets (empty here) —
        # the envelope covers all ten.
        errs = _errors(envelope, pull_body)
>       assert not errs, f"pull body violates the ChangeSet envelope: {errs}"
E       AssertionError: pull body violates the ChangeSet envelope: [": Additional properties are not allowed ('decision_receipt_revisions', 'decision_receipt_sources', 'decision_receipt_work', 'decision_receipts' were unexpected)"]
E       assert not [": Additional properties are not allowed ('decision_receipt_revisions', 'decision_receipt_sources', 'decision_receipt_work', 'decision_receipts' were unexpected)"]

tests/unit/test_primitive_contract.py:152: AssertionError
_________ TestKindSetCannotDrift.test_schemas_cover_exactly_sync_kinds _________

self = <tests.unit.test_primitive_contract.TestKindSetCannotDrift object at 0x10e332850>

    def test_schemas_cover_exactly_sync_kinds(self) -> None:
        schema_kinds = {
            s["x-sync-kind"] for s in SCHEMAS.values() if "x-sync-kind" in s
        }
>       assert schema_kinds == MOBILE_CONTRACT_KINDS, (
            f"schema kinds {sorted(schema_kinds)} != hub SYNC_KINDS "
            f"{sorted(MOBILE_CONTRACT_KINDS)} — a mobile contract kind was added/removed on one side only")
E       AssertionError: schema kinds ['artifact', 'chain', 'directory', 'directory_membership', 'kb', 'knowledge_membership', 'meeting', 'model', 'note', 'profile', 'project', 'project_relationship', 'recipe', 'workflow'] != hub SYNC_KINDS ['artifact', 'chain', 'decision_receipt', 'decision_receipt_revision', 'decision_receipt_source', 'decision_receipt_work', 'directory', 'directory_membership', 'kb', 'knowledge_membership', 'meeting', 'model', 'note', 'profile', 'project', 'project_relationship', 'recipe', 'workflow'] — a mobile contract kind was added/removed on one side only
E       assert {'artifact', ...bership', ...} == {'artifact', ...pt_work', ...}
E         
E         Extra items in the right set:
E         'decision_receipt_work'
E         'decision_receipt_revision'
E         'decision_receipt_source'
E         'decision_receipt'
E         Use -v to get more diff

tests/unit/test_primitive_contract.py:178: AssertionError
___________ TestKindSetCannotDrift.test_swift_sync_kind_matches_hub ____________

self = <tests.unit.test_primitive_contract.TestKindSetCannotDrift object at 0x10e332990>

    def test_swift_sync_kind_matches_hub(self) -> None:
        text = SYNC_SWIFT.read_text()
        enum_body = re.search(
            r"enum SyncKind[^{]*\{(.*?)\n\}", text, re.DOTALL)
        assert enum_body, "SyncKind enum not found in Sync.swift"
        cases = re.findall(
            r"^\s*case\s+(\w+)(?:\s*=\s*\"([^\"]+)\")?",
            enum_body.group(1), re.MULTILINE)
        swift_kinds = {raw or name for name, raw in cases}
>       assert swift_kinds == MOBILE_CONTRACT_KINDS, (
            f"Swift SyncKind {sorted(swift_kinds)} != hub SYNC_KINDS "
            f"{sorted(MOBILE_CONTRACT_KINDS)} — the mobile surfaces drifted")
E       AssertionError: Swift SyncKind ['artifact', 'chain', 'directory', 'directory_membership', 'kb', 'knowledge_membership', 'meeting', 'model', 'note', 'profile', 'project', 'project_relationship', 'recipe', 'workflow'] != hub SYNC_KINDS ['artifact', 'chain', 'decision_receipt', 'decision_receipt_revision', 'decision_receipt_source', 'decision_receipt_work', 'directory', 'directory_membership', 'kb', 'knowledge_membership', 'meeting', 'model', 'note', 'profile', 'project', 'project_relationship', 'recipe', 'workflow'] — the mobile surfaces drifted
E       assert {'artifact', ...bership', ...} == {'artifact', ...pt_work', ...}
E         
E         Extra items in the right set:
E         'decision_receipt_work'
E         'decision_receipt_revision'
E         'decision_receipt_source'
E         'decision_receipt'
E         Use -v to get more diff

tests/unit/test_primitive_contract.py:191: AssertionError
____________ test_primary_copy_has_no_prohibited_operational_drift _____________

    def test_primary_copy_has_no_prohibited_operational_drift() -> None:
        problems = violations(inventory(REPO))
>       assert not problems, "Primary product-copy drift:\n  " + "\n  ".join(
            f"{item.path}:{item.line}: {item.rule_id}: {item.text}"
            for item in problems
        )
E       AssertionError: Primary product-copy drift:
E           web/src/desk/pullouts/views/ReceiptsView.tsx:272: legacy-product-nouns: Supersession chain
E       assert not [CopyViolation(rule_id='legacy-product-nouns', path='web/src/desk/pullouts/views/ReceiptsView.tsx', line=272, text='Supersession chain', reason='Primary UI uses Coder session, Runs on, Agent, Sequence, and Knowledge.')]

tests/unit/test_product_copy.py:48: AssertionError
_________________ test_pull_serializes_meetings_and_artifacts __________________

monkeypatch = <_pytest.monkeypatch.MonkeyPatch object at 0x110768ad0>
tmp_path = PosixPath('/private/var/folders/q7/5dzz5g2116b3lq8rhg7hwjrr0000gn/T/pytest-of-karol/pytest-750/test_pull_serializes_meetings_0')

    def test_pull_serializes_meetings_and_artifacts(monkeypatch, tmp_path):
        fake = _fake_db(tmp_path, meetings=["m1"], artifacts={"m1": [_artifact("a1", "m1")]})
        monkeypatch.setattr(hsdb, "get_database", lambda *a, **k: fake)
    
>       resp = _client().get("/api/sync/pull")
               ^^^^^^^^^^^^^^^^^^^^^^^^^^^^^^^

tests/unit/test_web_routes_sync.py:103: 
_ _ _ _ _ _ _ _ _ _ _ _ _ _ _ _ _ _ _ _ _ _ _ _ _ _ _ _ _ _ _ _ _ _ _ _ _ _ _ _ 
.venv/lib/python3.13/site-packages/starlette/testclient.py:473: in get
    return super().get(
.venv/lib/python3.13/site-packages/httpx/_client.py:1053: in get
    return self.request(
.venv/lib/python3.13/site-packages/starlette/testclient.py:445: in request
    return super().request(
.venv/lib/python3.13/site-packages/httpx/_client.py:825: in request
    return self.send(request, auth=auth, follow_redirects=follow_redirects)
           ^^^^^^^^^^^^^^^^^^^^^^^^^^^^^^^^^^^^^^^^^^^^^^^^^^^^^^^^^^^^^^^^
.venv/lib/python3.13/site-packages/httpx/_client.py:914: in send
    response = self._send_handling_auth(
.venv/lib/python3.13/site-packages/httpx/_client.py:942: in _send_handling_auth
    response = self._send_handling_redirects(
.venv/lib/python3.13/site-packages/httpx/_client.py:979: in _send_handling_redirects
    response = self._send_single_request(request)
               ^^^^^^^^^^^^^^^^^^^^^^^^^^^^^^^^^^
.venv/lib/python3.13/site-packages/httpx/_client.py:1014: in _send_single_request
    response = transport.handle_request(request)
               ^^^^^^^^^^^^^^^^^^^^^^^^^^^^^^^^^
.venv/lib/python3.13/site-packages/starlette/testclient.py:348: in handle_request
    raise exc
.venv/lib/python3.13/site-packages/starlette/testclient.py:345: in handle_request
    portal.call(self.app, scope, receive, send)
.venv/lib/python3.13/site-packages/anyio/from_thread.py:334: in call
    return cast(T_Retval, self.start_task_soon(func, *args).result())
                          ^^^^^^^^^^^^^^^^^^^^^^^^^^^^^^^^^^^^^^^^^^
/Users/karol/.local/share/uv/python/cpython-3.13.14-macos-aarch64-none/lib/python3.13/concurrent/futures/_base.py:460: in result
    return self.__get_result()
           ^^^^^^^^^^^^^^^^^^^
/Users/karol/.local/share/uv/python/cpython-3.13.14-macos-aarch64-none/lib/python3.13/concurrent/futures/_base.py:402: in __get_result
    raise self._exception
.venv/lib/python3.13/site-packages/anyio/from_thread.py:259: in _call_func
    retval = await retval_or_awaitable
             ^^^^^^^^^^^^^^^^^^^^^^^^^
.venv/lib/python3.13/site-packages/fastapi/applications.py:1135: in __call__
    await super().__call__(scope, receive, send)
.venv/lib/python3.13/site-packages/starlette/applications.py:107: in __call__
    await self.middleware_stack(scope, receive, send)
.venv/lib/python3.13/site-packages/starlette/middleware/errors.py:186: in __call__
    raise exc
.venv/lib/python3.13/site-packages/starlette/middleware/errors.py:164: in __call__
    await self.app(scope, receive, _send)
.venv/lib/python3.13/site-packages/starlette/middleware/exceptions.py:63: in __call__
    await wrap_app_handling_exceptions(self.app, conn)(scope, receive, send)
.venv/lib/python3.13/site-packages/starlette/_exception_handler.py:53: in wrapped_app
    raise exc
.venv/lib/python3.13/site-packages/starlette/_exception_handler.py:42: in wrapped_app
    await app(scope, receive, sender)
.venv/lib/python3.13/site-packages/fastapi/middleware/asyncexitstack.py:18: in __call__
    await self.app(scope, receive, send)
.venv/lib/python3.13/site-packages/starlette/routing.py:716: in __call__
    await self.middleware_stack(scope, receive, send)
.venv/lib/python3.13/site-packages/starlette/routing.py:736: in app
    await route.handle(scope, receive, send)
.venv/lib/python3.13/site-packages/starlette/routing.py:290: in handle
    await self.app(scope, receive, send)
.venv/lib/python3.13/site-packages/fastapi/routing.py:115: in app
    await wrap_app_handling_exceptions(app, request)(scope, receive, send)
.venv/lib/python3.13/site-packages/starlette/_exception_handler.py:53: in wrapped_app
    raise exc
.venv/lib/python3.13/site-packages/starlette/_exception_handler.py:42: in wrapped_app
    await app(scope, receive, sender)
.venv/lib/python3.13/site-packages/fastapi/routing.py:101: in app
    response = await f(request)
               ^^^^^^^^^^^^^^^^
.venv/lib/python3.13/site-packages/fastapi/routing.py:355: in app
    raw_response = await run_endpoint_function(
.venv/lib/python3.13/site-packages/fastapi/routing.py:243: in run_endpoint_function
    return await dependant.call(**values)
           ^^^^^^^^^^^^^^^^^^^^^^^^^^^^^^
holdspeak/web/routes/sync.py:41: in api_sync_pull
    return JSONResponse(service.pull(getattr(request.state, "principal", UNAUTHENTICATED), limit=limit))
                        ^^^^^^^^^^^^^^^^^^^^^^^^^^^^^^^^^^^^^^^^^^^^^^^^^^^^^^^^^^^^^^^^^^^^^^^^^^^^^^^
holdspeak/services/observer.py:159: in sync_wrapper
    result = fn(self, *args, **kwargs)
             ^^^^^^^^^^^^^^^^^^^^^^^^^
_ _ _ _ _ _ _ _ _ _ _ _ _ _ _ _ _ _ _ _ _ _ _ _ _ _ _ _ _ _ _ _ _ _ _ _ _ _ _ _ 

self = <holdspeak.services.sync_service.SyncService object at 0x111ace4b0>
principal = Principal(kind=<PrincipalKind.NONE: 'none'>, identity='unauthenticated')

    def pull(self, principal: Principal, *, limit: int = 50) -> dict[str, Any]:
        db = self._db
        bounded = max(1, min(int(limit), 500))
        meetings: list[dict[str, Any]] = []
        artifacts: list[dict[str, Any]] = []
    
        for summary in db.meetings.list_meetings(limit=bounded):
            state = db.meetings.get_meeting(summary.id)
            if state is None:
                continue
            meetings.append({
                "meta": {
                    "id": summary.id, "kind": "meeting",
                    "last_modified": _iso(
                        getattr(state, "sync_modified_at", None) or summary.started_at
                    ),
                    "deleted": False,
                },
                "value": state.to_dict(),
            })
            for art in db.plugins.list_artifacts(summary.id):
                artifacts.append({
                    "meta": {
                        "id": art.id, "kind": "artifact",
                        "last_modified": _iso(art.updated_at), "deleted": False,
                    },
                    "value": _artifact_value(art),
                })
    
        # v6 (Phase 74): the run-born lane — artifacts with no meeting anchor
        # (a persona/chain/workflow run's output; lineage is the anchor).
        for art in db.plugins.list_run_artifacts(limit=bounded):
            artifacts.append({
                "meta": {
                    "id": art.id, "kind": "artifact",
                    "last_modified": _iso(art.updated_at), "deleted": False,
                },
                "value": _artifact_value(art),
            })
    
        # The Primitive Framework desk primitives. `include_deleted=True` so
        # tombstones propagate to the other surfaces, just like a real sync.
        notes = [_primitive_record(n, "note")
                 for n in db.notes.list(include_deleted=True, limit=bounded)]
        kbs = [_primitive_record(k, "kb")
               for k in db.kbs.list(include_deleted=True, limit=bounded)]
        recipes = [_primitive_record(a, "recipe")
                   for a in db.recipes.list(include_deleted=True, limit=bounded)]
        chains = [_primitive_record(c, "chain")
                  for c in db.chains.list(include_deleted=True, limit=bounded)]
        workflows = [_primitive_record(w, "workflow")
                     for w in db.workflows.list(include_deleted=True, limit=bounded)]
        profiles = [_primitive_record(p, "profile")
                    for p in db.profiles.list(include_deleted=True, limit=bounded)]
        directories = [_primitive_record(d, "directory")
                       for d in db.directories.list(include_deleted=True, limit=bounded)]
        # Membership rides the wire too (organization, not layout). The record's
        # synced id is its `primitive_id` (the `id` property), the value carries
        # the `directory_id` edge.
        directory_memberships = [
            _primitive_record(m, "directory_membership")
            for m in db.directory_memberships.list(include_deleted=True, limit=bounded)
        ]
        knowledge_memberships = [
            _primitive_record(m, "knowledge_membership")
            for m in getattr(db, "knowledge_memberships", _EmptySyncRepo()).list(
                include_deleted=True, limit=bounded
            )
        ]
        project_relationships = [
            _primitive_record(m, "project_relationship")
            for m in getattr(db, "project_relationships", _EmptySyncRepo()).list(
                include_deleted=True, limit=bounded
            )
        ]
        projects = [
            _project_record(project)
            for project in db.projects.list_projects(include_archived=True)
        ] if hasattr(db, "projects") else []
    
        # Model MANIFESTS (HSM-16-08): every node's pushed rows, PLUS the hub's own
        # model as a live virtual row (computed from config, never stored) — so a
        # companion knows what "run it on your desktop" would actually run. The
        # binary never rides; a manifest is id/node/name/capabilities only.
        models = [_primitive_record(m, "model")
                  for m in db.model_manifests.list(include_deleted=True, limit=bounded)]
        hub_model = self._hub_model_name()
        if hub_model:
            from datetime import datetime, timezone
            now = datetime.now(timezone.utc).isoformat(timespec="seconds").replace("+00:00", "Z")
            models.append({
                "meta": {"id": "desktop:intel", "kind": "model",
                         "last_modified": now, "deleted": False},
                "value": {"id": "desktop:intel", "node": "desktop", "name": hub_model,
                          "capabilities": ["language"], "created_at": now,
                          "last_modified": now, "deleted": False},
            })
    
        # Receipt roots carry their own LWW clocks and tombstones; their
        # immutable evidence children follow as separate, idempotent buckets.
>       with db._connection() as conn:
             ^^^^^^^^^^^^^^
E       AttributeError: 'types.SimpleNamespace' object has no attribute '_connection'

holdspeak/services/sync_service.py:652: AttributeError
_____________ test_push_live_merges_meeting_and_keeps_audit_inbox ______________

monkeypatch = <_pytest.monkeypatch.MonkeyPatch object at 0x112f37b60>
tmp_path = PosixPath('/private/var/folders/q7/5dzz5g2116b3lq8rhg7hwjrr0000gn/T/pytest-of-karol/pytest-750/test_push_live_merges_meeting_0')

    def test_push_live_merges_meeting_and_keeps_audit_inbox(monkeypatch, tmp_path):
        # Equilibrium 23-04: a pushed meeting live-merges into the real table (a
        # `save_meeting` call) AND a copy lands in the durable JSON audit inbox.
        fake = _fake_db(tmp_path)
        monkeypatch.setattr(hsdb, "get_database", lambda *a, **k: fake)
    
        changeset = {
            "meetings": [{"meta": {"id": "m1", "kind": "meeting",
                                   "last_modified": "2026-01-01T00:00:00Z", "deleted": False},
                          "value": {"id": "m1"}}],
            "artifacts": [],
        }
>       resp = _client().post("/api/sync/push", json=changeset)
               ^^^^^^^^^^^^^^^^^^^^^^^^^^^^^^^^^^^^^^^^^^^^^^^^

tests/unit/test_web_routes_sync.py:134: 
_ _ _ _ _ _ _ _ _ _ _ _ _ _ _ _ _ _ _ _ _ _ _ _ _ _ _ _ _ _ _ _ _ _ _ _ _ _ _ _ 
.venv/lib/python3.13/site-packages/starlette/testclient.py:546: in post
    return super().post(
.venv/lib/python3.13/site-packages/httpx/_client.py:1144: in post
    return self.request(
.venv/lib/python3.13/site-packages/starlette/testclient.py:445: in request
    return super().request(
.venv/lib/python3.13/site-packages/httpx/_client.py:825: in request
    return self.send(request, auth=auth, follow_redirects=follow_redirects)
           ^^^^^^^^^^^^^^^^^^^^^^^^^^^^^^^^^^^^^^^^^^^^^^^^^^^^^^^^^^^^^^^^
.venv/lib/python3.13/site-packages/httpx/_client.py:914: in send
    response = self._send_handling_auth(
.venv/lib/python3.13/site-packages/httpx/_client.py:942: in _send_handling_auth
    response = self._send_handling_redirects(
.venv/lib/python3.13/site-packages/httpx/_client.py:979: in _send_handling_redirects
    response = self._send_single_request(request)
               ^^^^^^^^^^^^^^^^^^^^^^^^^^^^^^^^^^
.venv/lib/python3.13/site-packages/httpx/_client.py:1014: in _send_single_request
    response = transport.handle_request(request)
               ^^^^^^^^^^^^^^^^^^^^^^^^^^^^^^^^^
.venv/lib/python3.13/site-packages/starlette/testclient.py:348: in handle_request
    raise exc
.venv/lib/python3.13/site-packages/starlette/testclient.py:345: in handle_request
    portal.call(self.app, scope, receive, send)
.venv/lib/python3.13/site-packages/anyio/from_thread.py:334: in call
    return cast(T_Retval, self.start_task_soon(func, *args).result())
                          ^^^^^^^^^^^^^^^^^^^^^^^^^^^^^^^^^^^^^^^^^^
/Users/karol/.local/share/uv/python/cpython-3.13.14-macos-aarch64-none/lib/python3.13/concurrent/futures/_base.py:460: in result
    return self.__get_result()
           ^^^^^^^^^^^^^^^^^^^
/Users/karol/.local/share/uv/python/cpython-3.13.14-macos-aarch64-none/lib/python3.13/concurrent/futures/_base.py:402: in __get_result
    raise self._exception
.venv/lib/python3.13/site-packages/anyio/from_thread.py:259: in _call_func
    retval = await retval_or_awaitable
             ^^^^^^^^^^^^^^^^^^^^^^^^^
.venv/lib/python3.13/site-packages/fastapi/applications.py:1135: in __call__
    await super().__call__(scope, receive, send)
.venv/lib/python3.13/site-packages/starlette/applications.py:107: in __call__
    await self.middleware_stack(scope, receive, send)
.venv/lib/python3.13/site-packages/starlette/middleware/errors.py:186: in __call__
    raise exc
.venv/lib/python3.13/site-packages/starlette/middleware/errors.py:164: in __call__
    await self.app(scope, receive, _send)
.venv/lib/python3.13/site-packages/starlette/middleware/exceptions.py:63: in __call__
    await wrap_app_handling_exceptions(self.app, conn)(scope, receive, send)
.venv/lib/python3.13/site-packages/starlette/_exception_handler.py:53: in wrapped_app
    raise exc
.venv/lib/python3.13/site-packages/starlette/_exception_handler.py:42: in wrapped_app
    await app(scope, receive, sender)
.venv/lib/python3.13/site-packages/fastapi/middleware/asyncexitstack.py:18: in __call__
    await self.app(scope, receive, send)
.venv/lib/python3.13/site-packages/starlette/routing.py:716: in __call__
    await self.middleware_stack(scope, receive, send)
.venv/lib/python3.13/site-packages/starlette/routing.py:736: in app
    await route.handle(scope, receive, send)
.venv/lib/python3.13/site-packages/starlette/routing.py:290: in handle
    await self.app(scope, receive, send)
.venv/lib/python3.13/site-packages/fastapi/routing.py:115: in app
    await wrap_app_handling_exceptions(app, request)(scope, receive, send)
.venv/lib/python3.13/site-packages/starlette/_exception_handler.py:53: in wrapped_app
    raise exc
.venv/lib/python3.13/site-packages/starlette/_exception_handler.py:42: in wrapped_app
    await app(scope, receive, sender)
.venv/lib/python3.13/site-packages/fastapi/routing.py:101: in app
    response = await f(request)
               ^^^^^^^^^^^^^^^^
.venv/lib/python3.13/site-packages/fastapi/routing.py:355: in app
    raw_response = await run_endpoint_function(
.venv/lib/python3.13/site-packages/fastapi/routing.py:243: in run_endpoint_function
    return await dependant.call(**values)
           ^^^^^^^^^^^^^^^^^^^^^^^^^^^^^^
holdspeak/web/routes/sync.py:52: in api_sync_push
    return JSONResponse(service.push(getattr(request.state, "principal", UNAUTHENTICATED), body))
                        ^^^^^^^^^^^^^^^^^^^^^^^^^^^^^^^^^^^^^^^^^^^^^^^^^^^^^^^^^^^^^^^^^^^^^^^^
holdspeak/services/observer.py:159: in sync_wrapper
    result = fn(self, *args, **kwargs)
             ^^^^^^^^^^^^^^^^^^^^^^^^^
holdspeak/services/sync_service.py:736: in push
    received["decision_receipts"] = _merge_receipt_records(db, receipt_records)
                                    ^^^^^^^^^^^^^^^^^^^^^^^^^^^^^^^^^^^^^^^^^^^
_ _ _ _ _ _ _ _ _ _ _ _ _ _ _ _ _ _ _ _ _ _ _ _ _ _ _ _ _ _ _ _ _ _ _ _ _ _ _ _ 

db = namespace(db_path=PosixPath('/private/var/folders/q7/5dzz5g2116b3lq8rhg7hwjrr0000gn/T/pytest-of-karol/pytest-750/test_...tive_repo.<locals>.<lambda> at 0x1125328e0>, upsert=<function _empty_primitive_repo.<locals>.<lambda> at 0x112532980>))
records = []

    def _merge_receipt_records(db: Any, records: list[dict[str, Any]]) -> int:
        """LWW-merge receipt roots; a delete is a tombstone, never evidence erasure."""
        merged = 0
>       with db._connection() as conn:
             ^^^^^^^^^^^^^^
E       AttributeError: 'types.SimpleNamespace' object has no attribute '_connection'

holdspeak/services/sync_service.py:452: AttributeError
______________________ test_web_copy_has_no_dash_in_prose ______________________

    def test_web_copy_has_no_dash_in_prose() -> None:
        """Em/en dashes never compose rendered UI prose (POSITIONING voice
        rules) — a hole neither this guard (terms only) nor the doc-drift
        guard (docs only) was positioned to catch until HS-103-02."""
        offenders = []
        for path in _sources():
            rel = str(path.relative_to(_WEB_SRC))
            for lineno, seg in _prose_segments(path):
                if _DASH_RE.search(_INTERPOLATION_RE.sub("", seg)):
                    offenders.append(f"{rel}:{lineno}: {seg.strip()[:80]}")
>       assert not offenders, (
            "Em/en dashes in rendered UI prose (compose with a period, comma, "
            "colon, or parentheses instead — POSITIONING.md voice rules):\n  "
            + "\n  ".join(sorted(offenders))
        )
E       AssertionError: Em/en dashes in rendered UI prose (compose with a period, comma, colon, or parentheses instead — POSITIONING.md voice rules):
E           desk/pullouts/views/FollowThroughView.tsx:162: ALL CLEAR — no follow-through yet
E       assert not ['desk/pullouts/views/FollowThroughView.tsx:162: ALL CLEAR — no follow-through yet']

tests/unit/test_web_vocabulary_guard.py:158: AssertionError
=========================== short test summary info ============================
FAILED tests/e2e/test_live_bus.py::test_a_real_broadcast_reaches_the_presence_card_via_the_bus
FAILED tests/e2e/test_live_bus.py::test_the_bus_reconnects_after_a_server_restart
FAILED tests/integration/test_actuator_presence_broadcasts.py::test_qlippy_events_mirror_the_dashboard_decision_exactly
FAILED tests/integration/test_cadence_agent.py::test_reply_delivers_into_pane_and_closes
FAILED tests/integration/test_cadence_agent.py::test_reply_rejects_empty_and_non_agent_and_missing_pane
FAILED tests/integration/test_decision_records.py::test_v32_migration_adds_decision_moment_columns
FAILED tests/integration/test_decision_records.py::test_model_promotion_admits_before_generation_and_leaves_receipt
FAILED tests/integration/test_decision_records.py::test_superseded_promotion_route_names_successor_without_model_call
FAILED tests/integration/test_dictation_journal_replay.py::test_journal_card_has_replay_action
FAILED tests/integration/test_dictation_moment_of_truth.py::test_moment_affordance_present_and_focus_safe
FAILED tests/integration/test_history_slack_surfaces.py::test_history_buttons_are_gated_on_the_flag
FAILED tests/integration/test_history_slack_surfaces.py::test_proposal_rows_render_the_central_policy_and_refusal_truth
FAILED tests/integration/test_history_slack_surfaces.py::test_history_app_wires_the_export_route
FAILED tests/integration/test_history_slack_surfaces.py::test_settings_field_ships_the_honest_copy
FAILED tests/integration/test_intel_streaming.py::TestActionItemPatchEndpoint::test_patch_action_item_done
FAILED tests/integration/test_intel_streaming.py::TestActionItemPatchEndpoint::test_patch_action_item_pending
FAILED tests/integration/test_intel_streaming.py::TestActionItemPatchEndpoint::test_patch_action_item_dismissed
FAILED tests/integration/test_intel_streaming.py::TestActionItemPatchEndpoint::test_patch_without_handler_returns_501
FAILED tests/integration/test_intel_streaming.py::TestActionItemPatchEndpoint::test_patch_callback_error_returns_500
FAILED tests/integration/test_intel_streaming.py::TestActionItemPatchEndpoint::test_patch_action_item_review_accepts
FAILED tests/integration/test_intel_streaming.py::TestActionItemPatchEndpoint::test_patch_action_item_edit_auto_accepts
FAILED tests/integration/test_intel_streaming.py::TestActionItemPatchEndpoint::test_patch_action_item_review_without_handler_returns_501
FAILED tests/integration/test_intel_streaming.py::TestActionItemPatchEndpoint::test_patch_action_item_edit_without_handler_returns_501
FAILED tests/integration/test_meeting_conflict_recovery.py::test_keep_current_resolves_without_changing_the_meeting
FAILED tests/integration/test_primitive_framework_sync.py::test_ipad_synced_graph_workflow_runs_on_the_hub
FAILED tests/integration/test_rails_observer_live.py::test_remote_flip_reaches_the_journal_node_named
FAILED tests/integration/test_web_companion_github.py::test_propose_carries_repo_title_body
FAILED tests/integration/test_web_companion_github.py::test_approval_files_the_issue_and_returns_the_url
FAILED tests/integration/test_web_companion_github.py::test_yolo_files_to_the_registered_repo_without_a_decision
FAILED tests/integration/test_web_companion_github.py::test_yolo_refuses_an_unregistered_repo_without_filing_or_prompting
FAILED tests/integration/test_web_companion_github.py::test_rejection_files_nothing
FAILED tests/integration/test_web_companion_slack.py::test_propose_records_a_proposal_whose_preview_is_the_wire_body
FAILED tests/integration/test_web_companion_slack.py::test_source_identity_returns_the_receipt_to_the_desk_subject
FAILED tests/integration/test_web_companion_slack.py::test_source_identity_must_be_a_known_qualified_kind
FAILED tests/integration/test_web_companion_slack.py::test_a_proposed_send_never_posts
FAILED tests/integration/test_web_companion_slack.py::test_rejection_posts_nothing
FAILED tests/integration/test_web_companion_slack.py::test_approval_posts_the_preview_byte_equal
FAILED tests/integration/test_web_companion_slack.py::test_yolo_executes_configured_slack_without_a_prompt_and_returns_receipt
FAILED tests/integration/test_web_companion_slack.py::test_posture_change_never_widens_an_existing_proposal
FAILED tests/integration/test_web_companion_slack.py::test_url_removed_between_propose_and_approve_fails_honestly
FAILED tests/integration/test_web_companion_slack.py::test_the_wire_events_ride_for_qlippy
FAILED tests/integration/test_web_companion_webhook.py::test_propose_preview_is_the_wire_body
FAILED tests/integration/test_web_companion_webhook.py::test_approval_posts_the_preview_byte_equal
FAILED tests/integration/test_web_companion_webhook.py::test_yolo_executes_the_configured_webhook_without_a_decision
FAILED tests/integration/test_web_companion_webhook.py::test_rejection_posts_nothing
FAILED tests/integration/test_web_companion_webhook.py::test_url_removed_between_propose_and_approve_fails_honestly
FAILED tests/integration/test_web_dictation_blocks_api.py::test_dictation_page_route_serves_html
FAILED tests/integration/test_web_dictation_cockpit.py::test_dictation_is_one_typed_section_graph
FAILED tests/integration/test_web_dictation_cockpit.py::test_dictation_preserves_primary_api_verbs
FAILED tests/integration/test_web_dictation_cockpit.py::test_dictation_keeps_device_local_project_scope
FAILED tests/integration/test_web_dictation_cockpit.py::test_dictation_lists_are_react_owned_and_focus_safe
FAILED tests/integration/test_web_dictation_correction_ritual.py::test_ritual_component_is_shipped
FAILED tests/integration/test_web_dictation_correction_ritual.py::test_ritual_is_wired_into_dry_run_result
FAILED tests/integration/test_web_dictation_correction_ritual.py::test_ritual_uses_shared_react_controls
FAILED tests/integration/test_web_dictation_correction_ritual.py::test_dry_run_moment_host_present
FAILED tests/integration/test_web_dictation_corrections_api.py::test_dictation_page_includes_memory_tab
FAILED tests/integration/test_web_dictation_journal.py::test_journal_empty_by_default
FAILED tests/integration/test_web_dictation_journal.py::test_dictation_page_includes_journal_tab
FAILED tests/integration/test_web_dictation_journal.py::test_dictation_journal_premium_and_a11y_markers
FAILED tests/integration/test_web_dictation_learning_digest.py::test_dictation_page_includes_learning_digest
FAILED tests/integration/test_web_dictation_learning_digest.py::test_learning_digest_styles_are_global
FAILED tests/integration/test_web_dictation_readiness_api.py::test_dictation_page_includes_readiness_panel
FAILED tests/integration/test_web_dictation_settings_api.py::test_dictation_page_includes_runtime_section
FAILED tests/integration/test_web_dictation_trust_signals.py::test_trust_chip_css_is_global
FAILED tests/integration/test_web_dry_run_api.py::test_dictation_page_includes_dry_run_section
FAILED tests/integration/test_web_history_archive.py::test_history_uses_bounded_archive_and_detail_sections
FAILED tests/integration/test_web_history_archive.py::test_history_keeps_approval_and_export_governance
FAILED tests/integration/test_web_history_import_ui.py::test_history_has_audio_and_transcript_import
FAILED tests/integration/test_web_history_import_ui.py::test_history_search_uses_backend_search_contract
FAILED tests/integration/test_web_history_import_ui.py::test_failed_import_and_queue_states_stay_visible
FAILED tests/integration/test_web_project_kb_api.py::test_dictation_page_includes_project_kb_section
FAILED tests/integration/test_web_server.py::TestDashboardEndpoint::test_dashboard_bootstrap_prefers_runtime_status_payload
FAILED tests/integration/test_web_server.py::TestRuntimeControlEndpoints::test_meeting_stop_prefers_on_meeting_stop_callback
FAILED tests/integration/test_web_server.py::TestMirHistoryApiEndpoints::test_meeting_intent_timeline_endpoint
FAILED tests/integration/test_web_server.py::TestMirHistoryApiEndpoints::test_meeting_plugin_runs_endpoint
FAILED tests/integration/test_web_server.py::TestMirHistoryApiEndpoints::test_meeting_artifacts_endpoint
FAILED tests/integration/test_web_server.py::TestMirHistoryApiEndpoints::test_meeting_export_endpoint_renders_handoff_formats
FAILED tests/integration/test_web_server.py::TestMirHistoryApiEndpoints::test_legacy_meeting_without_mir_history_rows_remains_loadable
FAILED tests/integration/test_web_server.py::TestMirHistoryApiEndpoints::test_cli_reroute_persistence_is_visible_in_timeline_api
FAILED tests/integration/test_web_server.py::TestMeetingMetadataEndpoints::test_meeting_patch_falls_back_to_title_and_tags_callbacks
FAILED tests/integration/test_web_server.py::TestHistoryUiSmoke::test_history_page_contains_control_plane_tabs_and_handlers
FAILED tests/integration/test_web_server.py::TestSpeakerApiEndpoints::test_speaker_endpoints
FAILED tests/integration/test_web_server.py::TestGlobalActionItemsApiEndpoints::test_action_item_endpoints_include_review_and_edit
FAILED tests/integration/test_web_server.py::TestIntelQueueApiEndpoints::test_intel_jobs_list_retry_and_process
FAILED tests/uat/test_induction_integration_43.py::test_meeting_recipe_yields_a_real_open_action
FAILED tests/unit/test_api_surface.py::test_committed_manifest_matches_the_live_app
FAILED tests/unit/test_db.py::TestDatabaseShape::test_fresh_schema_matches_canonical_snapshot
FAILED tests/unit/test_decision_commitments.py::test_migrates_v38_database_to_decision_commitments
FAILED tests/unit/test_interior_canon_guard.py::test_no_left_border_rails_in_web_css
FAILED tests/unit/test_primitive_contract.py::TestHubEmissionsValidate::test_pull_body_validates_against_changeset_envelope
FAILED tests/unit/test_primitive_contract.py::TestKindSetCannotDrift::test_schemas_cover_exactly_sync_kinds
FAILED tests/unit/test_primitive_contract.py::TestKindSetCannotDrift::test_swift_sync_kind_matches_hub
FAILED tests/unit/test_product_copy.py::test_primary_copy_has_no_prohibited_operational_drift
FAILED tests/unit/test_web_routes_sync.py::test_pull_serializes_meetings_and_artifacts
FAILED tests/unit/test_web_routes_sync.py::test_push_live_merges_meeting_and_keeps_audit_inbox
FAILED tests/unit/test_web_vocabulary_guard.py::test_web_copy_has_no_dash_in_prose
96 failed, 2 passed in 519.56s (0:08:39)
